sample	collection_date
H-1	2024-02-04
H-2	2024-02-22
H-3	2024-03-08
H-4	2024-03-13
H-5	2024-03-27
H-6	2024-03-08
H-7	2024-03-19
H-8	2024-04-04
H-9	2024-04-03
H-10	2024-04-05
H-11	2024-04-13
H-12	2024-04-16
H-13	2024-04-22
H-14	2024-04-22
H-15	2024-04-24
H-16	2024-04-25
H-17	2024-04-28
H-18	2024-04-24
H-19	2024-04-28
H-20	2024-05-04
H-21	2024-04-29
H-22	2024-05-05
H-23	2024-05-09
H-24	2024-05-07
H-25	2024-05-08
H-26	2024-05-12
H-27	2024-04-30
H-28	2024-05-18
H-29	2024-05-11
H-30	2024-05-08
H-31	2024-05-20
H-32	2024-05-08
H-33	2024-05-22
H-34	2024-05-20
H-35	2024-05-23
H-36	2024-05-26
H-37	2024-05-26
H-38	2024-05-29
H-39	2024-05-27
H-40	2024-06-01
H-41	2024-05-21
H-42	2024-06-02
H-43	2024-05-17
H-44	2024-05-30
H-45	2024-06-01
H-46	2024-06-04
H-47	2024-06-02
H-48	2024-06-04
H-49	2024-05-30
H-50	2024-05-24
H-51	2024-06-10
H-52	2024-05-22
H-53	2024-06-11
H-54	2024-06-07
H-55	2024-06-12
H-56	2024-06-02
H-57	2024-06-13
H-58	2024-06-15
H-59	2024-06-02
H-60	2024-06-10
H-61	2024-06-03
H-62	2024-06-17
H-63	2024-05-28
H-64	2024-06-20
H-65	2024-06-16
H-66	2024-06-19
H-67	2024-06-17
H-68	2024-06-04
H-69	2024-06-03
H-70	2024-06-11
H-71	2024-06-20
H-72	2024-06-22
H-73	2024-06-14
H-74	2024-06-20
H-75	2024-06-01
H-76	2024-06-19
H-77	2024-06-20
H-78	2024-06-27
H-79	2024-06-11
H-80	2024-06-22
H-81	2024-06-20
H-82	2024-06-16
H-83	2024-06-18
H-84	2024-06-28
H-85	2024-06-27
H-86	2024-06-14
H-87	2024-06-27
H-88	2024-06-14
H-89	2024-06-23
H-90	2024-06-27
H-91	2024-06-28
H-92	2024-06-30
H-93	2024-07-01
H-94	2024-06-20
H-95	2024-06-10
H-96	2024-06-28
H-97	2024-06-18
H-98	2024-06-25
H-99	2024-06-28
H-100	2024-06-13
H-101	2024-06-13
H-102	2024-06-30
H-103	2024-06-19
H-104	2024-07-02
H-105	2024-07-03
H-106	2024-07-04
H-107	2024-06-18
H-108	2024-06-29
H-109	2024-07-03
H-110	2024-07-12
H-111	2024-07-07
H-112	2024-06-26
H-113	2024-07-09
H-114	2024-07-09
H-115	2024-07-08
H-116	2024-06-23
H-117	2024-06-22
H-118	2024-07-09
H-119	2024-07-09
H-120	2024-06-26
H-121	2024-06-29
H-122	2024-07-16
H-123	2024-07-01
H-124	2024-07-05
H-125	2024-07-19
H-126	2024-07-04
H-127	2024-07-09
H-128	2024-06-29
H-129	2024-07-12
H-130	2024-07-16
H-131	2024-06-28
H-132	2024-07-10
H-133	2024-07-16
H-134	2024-07-04
H-135	2024-07-15
H-136	2024-07-14
H-137	2024-07-15
H-138	2024-07-08
H-139	2024-07-19
H-140	2024-07-06
H-141	2024-07-05
H-142	2024-07-17
H-143	2024-07-16
H-144	2024-07-07
H-145	2024-07-19
H-146	2024-07-21
H-147	2024-07-22
H-148	2024-06-30
H-149	2024-07-03
H-150	2024-06-27
H-151	2024-07-22
H-152	2024-07-20
H-153	2024-07-22
H-154	2024-07-22
H-155	2024-07-11
H-156	2024-07-20
H-157	2024-07-23
H-158	2024-07-25
H-159	2024-07-22
H-160	2024-07-23
H-161	2024-07-25
H-162	2024-07-25
H-163	2024-07-01
H-164	2024-07-27
H-165	2024-07-19
H-166	2024-07-16
H-167	2024-07-26
H-168	2024-07-28
H-169	2024-07-19
H-170	2024-07-26
H-171	2024-07-24
H-172	2024-07-12
H-173	2024-07-27
H-174	2024-07-18
H-175	2024-07-27
H-176	2024-07-29
H-177	2024-07-21
H-178	2024-07-30
H-179	2024-07-27
H-180	2024-08-02
H-181	2024-07-27
H-182	2024-07-07
H-183	2024-07-15
H-184	2024-07-20
H-185	2024-07-31
H-186	2024-07-24
H-187	2024-07-30
H-188	2024-08-03
H-189	2024-08-01
H-190	2024-08-02
H-191	2024-07-11
H-192	2024-07-15
H-193	2024-08-01
H-194	2024-08-02
H-195	2024-07-17
H-196	2024-08-01
H-197	2024-08-04
H-198	2024-08-03
H-199	2024-08-03
H-200	2024-08-05
H-201	2024-08-08
H-202	2024-08-05
H-203	2024-08-06
H-204	2024-07-16
H-205	2024-08-07
H-206	2024-07-31
H-207	2024-08-05
H-208	2024-07-28
H-209	2024-07-19
H-210	2024-08-05
H-211	2024-08-07
H-212	2024-08-06
H-213	2024-07-17
H-214	2024-08-04
H-215	2024-08-02
H-216	2024-08-09
H-217	2024-08-06
H-218	2024-07-21
H-219	2024-08-07
H-220	2024-08-06
H-221	2024-08-07
H-222	2024-08-03
H-223	2024-08-05
H-224	2024-08-07
H-225	2024-08-09
H-226	2024-08-08
H-227	2024-08-11
H-228	2024-07-22
H-229	2024-08-03
H-230	2024-08-13
H-231	2024-08-10
H-232	2024-08-11
H-233	2024-08-13
H-234	2024-08-10
H-235	2024-08-12
H-236	2024-07-19
H-237	2024-07-30
H-238	2024-08-09
H-239	2024-08-14
H-240	2024-08-14
H-241	2024-08-02
H-242	2024-08-09
H-243	2024-08-14
H-244	2024-08-16
H-245	2024-08-13
H-246	2024-08-13
H-247	2024-08-11
H-248	2024-08-13
H-249	2024-08-17
H-250	2024-08-12
H-251	2024-08-13
H-252	2024-08-02
H-253	2024-08-16
H-254	2024-08-09
H-255	2024-08-09
H-256	2024-08-16
H-257	2024-08-04
H-258	2024-08-01
H-259	2024-08-09
H-260	2024-08-20
H-261	2024-08-11
H-262	2024-08-17
H-263	2024-08-12
H-264	2024-08-12
H-265	2024-08-17
H-266	2024-08-17
H-267	2024-08-17
H-268	2024-08-16
H-269	2024-08-17
H-270	2024-07-31
H-271	2024-08-18
H-272	2024-08-19
H-273	2024-08-16
H-274	2024-08-15
H-275	2024-08-16
H-276	2024-08-22
H-277	2024-08-10
H-278	2024-08-13
H-279	2024-08-23
H-280	2024-08-16
H-281	2024-08-11
H-282	2024-08-20
H-283	2024-08-20
H-284	2024-08-16
H-285	2024-08-16
H-286	2024-08-20
H-287	2024-08-22
H-288	2024-08-20
H-289	2024-08-17
H-290	2024-08-23
H-291	2024-08-16
H-292	2024-08-16
H-293	2024-07-30
H-294	2024-08-04
H-295	2024-08-12
H-296	2024-08-03
H-297	2024-08-18
H-298	2024-08-21
H-299	2024-08-17
H-300	2024-08-06
H-301	2024-08-18
H-302	2024-08-22
H-303	2024-08-05
H-304	2024-08-17
H-305	2024-08-18
H-306	2024-08-22
H-307	2024-08-17
H-308	2024-08-21
H-309	2024-08-24
H-310	2024-08-22
H-311	2024-08-02
H-312	2024-08-09
H-313	2024-08-22
H-314	2024-08-12
H-315	2024-08-22
H-316	2024-08-23
H-317	2024-08-24
H-318	2024-08-21
H-319	2024-08-25
H-320	2024-08-20
H-321	2024-08-08
H-322	2024-08-25
H-323	2024-08-25
H-324	2024-08-25
H-325	2024-08-14
H-326	2024-08-26
H-327	2024-08-22
H-328	2024-08-13
H-329	2024-08-28
H-330	2024-08-12
H-331	2024-08-10
H-332	2024-08-22
H-333	2024-08-19
H-334	2024-08-27
H-335	2024-08-10
H-336	2024-08-30
H-337	2024-08-29
H-338	2024-08-30
H-339	2024-08-15
H-340	2024-08-13
H-341	2024-08-18
H-342	2024-08-25
H-343	2024-08-30
H-344	2024-08-28
H-345	2024-08-27
H-346	2024-08-27
H-347	2024-08-25
H-348	2024-08-30
H-349	2024-08-30
H-350	2024-08-10
H-351	2024-08-25
H-352	2024-08-27
H-353	2024-08-28
H-354	2024-08-07
H-355	2024-08-28
H-356	2024-08-28
H-357	2024-08-24
H-358	2024-08-24
H-359	2024-08-31
H-360	2024-08-29
H-361	2024-08-20
H-362	2024-08-24
H-363	2024-08-17
H-364	2024-08-26
H-365	2024-08-17
H-366	2024-08-16
H-367	2024-08-30
H-368	2024-08-28
H-369	2024-08-30
H-370	2024-09-02
H-371	2024-08-11
H-372	2024-08-11
H-373	2024-08-22
H-374	2024-08-16
H-375	2024-09-01
H-376	2024-08-16
H-377	2024-08-30
H-378	2024-08-29
H-379	2024-08-25
H-380	2024-09-05
H-381	2024-08-29
H-382	2024-08-31
H-383	2024-08-31
H-384	2024-08-29
H-385	2024-08-27
H-386	2024-08-31
H-387	2024-09-01
H-388	2024-08-25
H-389	2024-09-01
H-390	2024-08-12
H-391	2024-09-01
H-392	2024-09-01
H-393	2024-09-03
H-394	2024-09-02
H-395	2024-09-05
H-396	2024-08-30
H-397	2024-08-18
H-398	2024-08-30
H-399	2024-08-30
H-400	2024-08-31
H-401	2024-08-18
H-402	2024-08-18
H-403	2024-09-02
H-404	2024-08-25
H-405	2024-08-31
H-406	2024-09-02
H-407	2024-08-16
H-408	2024-08-23
H-409	2024-08-27
H-410	2024-08-18
H-411	2024-08-23
H-412	2024-09-01
H-413	2024-09-05
H-414	2024-08-14
H-415	2024-08-20
H-416	2024-09-04
H-417	2024-09-07
H-418	2024-08-22
H-419	2024-08-25
H-420	2024-08-25
H-421	2024-09-02
H-422	2024-09-07
H-423	2024-08-24
H-424	2024-09-06
H-425	2024-09-08
H-426	2024-08-28
H-427	2024-08-21
H-428	2024-09-06
H-429	2024-08-18
H-430	2024-09-02
H-431	2024-08-30
H-432	2024-09-04
H-433	2024-09-03
H-434	2024-09-07
H-435	2024-09-10
H-436	2024-08-31
H-437	2024-09-04
H-438	2024-09-05
H-439	2024-08-28
H-440	2024-08-18
H-441	2024-09-04
H-442	2024-08-26
H-443	2024-09-03
H-444	2024-09-09
H-445	2024-08-24
H-446	2024-09-08
H-447	2024-09-05
H-448	2024-08-23
H-449	2024-09-09
H-450	2024-09-07
H-451	2024-08-22
H-452	2024-09-06
H-453	2024-09-12
H-454	2024-09-08
H-455	2024-09-02
H-456	2024-09-06
H-457	2024-09-07
H-458	2024-09-06
H-459	2024-08-22
H-460	2024-09-10
H-461	2024-09-10
H-462	2024-09-06
H-463	2024-08-25
H-464	2024-09-07
H-465	2024-09-09
H-466	2024-08-29
H-467	2024-09-05
H-468	2024-09-10
H-469	2024-09-10
H-470	2024-09-06
H-471	2024-09-11
H-472	2024-09-12
H-473	2024-08-19
H-474	2024-09-08
H-475	2024-09-10
H-476	2024-09-16
H-477	2024-08-21
H-478	2024-08-28
H-479	2024-09-08
H-480	2024-09-11
H-481	2024-08-23
H-482	2024-09-15
H-483	2024-09-10
H-484	2024-09-13
H-485	2024-09-08
H-486	2024-09-12
H-487	2024-09-07
H-488	2024-09-10
H-489	2024-09-13
H-490	2024-08-20
H-491	2024-09-10
H-492	2024-09-12
H-493	2024-08-24
H-494	2024-09-08
H-495	2024-09-09
H-496	2024-09-07
H-497	2024-09-11
H-498	2024-09-04
H-499	2024-09-11
H-500	2024-09-15
H-501	2024-08-23
H-502	2024-09-08
H-503	2024-09-12
H-504	2024-09-10
H-505	2024-09-18
H-506	2024-08-27
H-507	2024-09-16
H-508	2024-09-11
H-509	2024-09-15
H-510	2024-09-18
H-511	2024-09-15
H-512	2024-09-12
H-513	2024-09-11
H-514	2024-09-10
H-515	2024-09-06
H-516	2024-09-12
H-517	2024-09-15
H-518	2024-09-12
H-519	2024-09-13
H-520	2024-08-26
H-521	2024-09-17
H-522	2024-09-13
H-523	2024-09-14
H-524	2024-09-01
H-525	2024-08-24
H-526	2024-09-02
H-527	2024-08-28
H-528	2024-09-15
H-529	2024-09-18
H-530	2024-09-15
H-531	2024-09-16
H-532	2024-09-16
H-533	2024-08-26
H-534	2024-09-14
H-535	2024-09-15
H-536	2024-09-17
H-537	2024-09-17
H-538	2024-09-17
H-539	2024-09-14
H-540	2024-09-17
H-541	2024-09-17
H-542	2024-09-16
H-543	2024-09-17
H-544	2024-09-08
H-545	2024-09-16
H-546	2024-09-22
H-547	2024-09-17
H-548	2024-08-25
H-549	2024-09-15
H-550	2024-09-19
H-551	2024-09-16
H-552	2024-09-15
H-553	2024-09-16
H-554	2024-09-17
H-555	2024-09-18
H-556	2024-09-17
H-557	2024-09-21
H-558	2024-09-13
H-559	2024-08-28
H-560	2024-09-19
H-561	2024-09-15
H-562	2024-08-29
H-563	2024-09-17
H-564	2024-09-14
H-565	2024-09-16
H-566	2024-08-30
H-567	2024-09-15
H-568	2024-09-22
H-569	2024-09-18
H-570	2024-09-10
H-571	2024-09-01
H-572	2024-09-03
H-573	2024-09-16
H-574	2024-09-16
H-575	2024-09-20
H-576	2024-09-19
H-577	2024-09-20
H-578	2024-09-07
H-579	2024-09-17
H-580	2024-09-20
H-581	2024-09-19
H-582	2024-09-02
H-583	2024-09-19
H-584	2024-09-01
H-585	2024-09-19
H-586	2024-09-04
H-587	2024-09-21
H-588	2024-09-06
H-589	2024-09-07
H-590	2024-09-21
H-591	2024-09-17
H-592	2024-09-18
H-593	2024-09-21
H-594	2024-09-17
H-595	2024-09-20
H-596	2024-09-17
H-597	2024-09-18
H-598	2024-09-17
H-599	2024-09-20
H-600	2024-09-19
H-601	2024-09-19
H-602	2024-09-06
H-603	2024-09-13
H-604	2024-09-04
H-605	2024-09-23
H-606	2024-09-19
H-607	2024-09-23
H-608	2024-09-19
H-609	2024-09-11
H-610	2024-09-01
H-611	2024-09-21
H-612	2024-09-22
H-613	2024-09-19
H-614	2024-09-23
H-615	2024-09-24
H-616	2024-09-25
H-617	2024-09-20
H-618	2024-09-26
H-619	2024-09-26
H-620	2024-09-21
H-621	2024-09-15
H-622	2024-09-25
H-623	2024-09-03
H-624	2024-09-25
H-625	2024-09-21
H-626	2024-09-23
H-627	2024-09-25
H-628	2024-09-18
H-629	2024-09-24
H-630	2024-09-04
H-631	2024-09-13
H-632	2024-09-22
H-633	2024-09-24
H-634	2024-09-27
H-635	2024-09-25
H-636	2024-09-04
H-637	2024-09-03
H-638	2024-09-25
H-639	2024-09-21
H-640	2024-09-15
H-641	2024-09-16
H-642	2024-09-26
H-643	2024-09-05
H-644	2024-09-26
H-645	2024-09-26
H-646	2024-09-22
H-647	2024-09-23
H-648	2024-09-29
H-649	2024-09-11
H-650	2024-09-12
H-651	2024-09-28
H-652	2024-09-23
H-653	2024-09-25
H-654	2024-09-18
H-655	2024-09-24
H-656	2024-09-14
H-657	2024-09-20
H-658	2024-09-30
H-659	2024-09-11
H-660	2024-10-01
H-661	2024-09-17
H-662	2024-09-25
H-663	2024-09-09
H-664	2024-09-29
H-665	2024-09-27
H-666	2024-09-19
H-667	2024-09-12
H-668	2024-09-13
H-669	2024-09-27
H-670	2024-09-29
H-671	2024-09-25
H-672	2024-09-09
H-673	2024-09-25
H-674	2024-09-30
H-675	2024-09-06
H-676	2024-09-28
H-677	2024-09-25
H-678	2024-09-27
H-679	2024-09-07
H-680	2024-09-14
H-681	2024-09-14
H-682	2024-09-26
H-683	2024-09-29
H-684	2024-09-13
H-685	2024-09-12
H-686	2024-09-25
H-687	2024-09-14
H-688	2024-09-27
H-689	2024-09-04
H-690	2024-09-29
H-691	2024-09-16
H-692	2024-09-27
H-693	2024-09-30
H-694	2024-09-25
H-695	2024-09-27
H-696	2024-09-26
H-697	2024-09-30
H-698	2024-09-10
H-699	2024-09-28
H-700	2024-10-03
H-701	2024-09-28
H-702	2024-09-11
H-703	2024-10-01
H-704	2024-09-27
H-705	2024-10-01
H-706	2024-09-29
H-707	2024-09-29
H-708	2024-09-28
H-709	2024-09-30
H-710	2024-09-20
H-711	2024-09-27
H-712	2024-09-27
H-713	2024-09-28
H-714	2024-10-05
H-715	2024-09-23
H-716	2024-10-03
H-717	2024-09-10
H-718	2024-10-01
H-719	2024-10-01
H-720	2024-09-21
H-721	2024-10-05
H-722	2024-10-02
H-723	2024-09-22
H-724	2024-10-02
H-725	2024-09-28
H-726	2024-09-27
H-727	2024-10-03
H-728	2024-09-30
H-729	2024-10-02
H-730	2024-10-03
H-731	2024-10-02
H-732	2024-09-28
H-733	2024-10-04
H-734	2024-09-11
H-735	2024-09-12
H-736	2024-09-29
H-737	2024-09-30
H-738	2024-10-01
H-739	2024-09-09
H-740	2024-09-29
H-741	2024-10-04
H-742	2024-09-19
H-743	2024-10-01
H-744	2024-10-03
H-745	2024-10-04
H-746	2024-09-19
H-747	2024-09-24
H-748	2024-09-27
H-749	2024-09-28
H-750	2024-10-03
H-751	2024-09-18
H-752	2024-10-01
H-753	2024-10-05
H-754	2024-09-17
H-755	2024-10-03
H-756	2024-09-22
H-757	2024-09-28
H-758	2024-10-03
H-759	2024-10-02
H-760	2024-10-03
H-761	2024-10-08
H-762	2024-10-06
H-763	2024-10-05
H-764	2024-09-12
H-765	2024-10-05
H-766	2024-10-02
H-767	2024-10-11
H-768	2024-10-03
H-769	2024-10-02
H-770	2024-10-04
H-771	2024-09-19
H-772	2024-10-04
H-773	2024-10-04
H-774	2024-10-09
H-775	2024-10-01
H-776	2024-10-06
H-777	2024-10-08
H-778	2024-10-06
H-779	2024-10-07
H-780	2024-09-23
H-781	2024-10-09
H-782	2024-10-07
H-783	2024-10-03
H-784	2024-09-25
H-785	2024-09-27
H-786	2024-10-08
H-787	2024-10-07
H-788	2024-10-07
H-789	2024-10-06
H-790	2024-10-03
H-791	2024-10-07
H-792	2024-10-04
H-793	2024-10-07
H-794	2024-10-06
H-795	2024-10-06
H-796	2024-10-08
H-797	2024-10-09
H-798	2024-09-29
H-799	2024-10-01
H-800	2024-10-05
H-801	2024-10-01
H-802	2024-10-08
H-803	2024-10-05
H-804	2024-10-11
H-805	2024-09-17
H-806	2024-10-08
H-807	2024-10-08
H-808	2024-10-05
H-809	2024-10-08
H-810	2024-10-09
H-811	2024-10-08
H-812	2024-10-04
H-813	2024-09-21
H-814	2024-10-06
H-815	2024-10-08
H-816	2024-10-05
H-817	2024-10-11
H-818	2024-10-08
H-819	2024-10-13
H-820	2024-10-05
H-821	2024-10-05
H-822	2024-09-19
H-823	2024-10-05
H-824	2024-10-07
H-825	2024-10-08
H-826	2024-10-07
H-827	2024-09-20
H-828	2024-10-04
H-829	2024-10-07
H-830	2024-10-11
H-831	2024-10-12
H-832	2024-09-27
H-833	2024-10-08
H-834	2024-09-29
H-835	2024-10-05
H-836	2024-10-11
H-837	2024-10-01
H-838	2024-10-11
H-839	2024-09-25
H-840	2024-10-02
H-841	2024-09-26
H-842	2024-10-09
H-843	2024-10-09
H-844	2024-10-09
H-845	2024-10-01
H-846	2024-10-10
H-847	2024-10-11
H-848	2024-09-19
H-849	2024-09-23
H-850	2024-10-10
H-851	2024-10-08
H-852	2024-09-28
H-853	2024-09-30
H-854	2024-09-27
H-855	2024-10-10
H-856	2024-10-09
H-857	2024-10-11
H-858	2024-09-26
H-859	2024-10-15
H-860	2024-09-30
H-861	2024-10-11
H-862	2024-10-07
H-863	2024-10-12
H-864	2024-10-06
H-865	2024-10-07
H-866	2024-09-25
H-867	2024-09-28
H-868	2024-10-07
H-869	2024-10-08
H-870	2024-09-24
H-871	2024-10-12
H-872	2024-09-28
H-873	2024-10-11
H-874	2024-10-10
H-875	2024-10-10
H-876	2024-09-26
H-877	2024-09-24
H-878	2024-10-03
H-879	2024-10-18
H-880	2024-10-08
H-881	2024-10-12
H-882	2024-10-13
H-883	2024-10-09
H-884	2024-09-25
H-885	2024-10-09
H-886	2024-10-05
H-887	2024-10-12
H-888	2024-10-12
H-889	2024-10-01
H-890	2024-09-25
H-891	2024-09-30
H-892	2024-10-15
H-893	2024-09-28
H-894	2024-10-11
H-895	2024-09-29
H-896	2024-10-11
H-897	2024-10-06
H-898	2024-10-12
H-899	2024-10-11
H-900	2024-10-02
H-901	2024-10-14
H-902	2024-10-01
H-903	2024-09-27
H-904	2024-10-16
H-905	2024-10-10
H-906	2024-10-12
H-907	2024-10-10
H-908	2024-09-24
H-909	2024-10-16
H-910	2024-10-12
H-911	2024-10-16
H-912	2024-09-30
H-913	2024-09-30
H-914	2024-10-16
H-915	2024-10-16
H-916	2024-10-17
H-917	2024-10-01
H-918	2024-10-16
H-919	2024-10-13
H-920	2024-10-01
H-921	2024-10-13
H-922	2024-10-13
H-923	2024-10-08
H-924	2024-10-17
H-925	2024-10-04
H-926	2024-10-11
H-927	2024-10-07
H-928	2024-10-16
H-929	2024-10-15
H-930	2024-10-14
H-931	2024-10-04
H-932	2024-09-30
H-933	2024-10-15
H-934	2024-10-12
H-935	2024-10-14
H-936	2024-10-16
H-937	2024-10-17
H-938	2024-10-16
H-939	2024-10-17
H-940	2024-10-13
H-941	2024-09-29
H-942	2024-10-19
H-943	2024-10-13
H-944	2024-10-18
H-945	2024-10-11
H-946	2024-10-12
H-947	2024-10-02
H-948	2024-10-15
H-949	2024-09-27
H-950	2024-10-19
H-951	2024-09-30
H-952	2024-10-01
H-953	2024-10-01
H-954	2024-10-17
H-955	2024-10-19
H-956	2024-10-17
H-957	2024-10-10
H-958	2024-10-11
H-959	2024-10-14
H-960	2024-10-07
H-961	2024-10-10
H-962	2024-10-13
H-963	2024-10-18
H-964	2024-10-06
H-965	2024-10-19
H-966	2024-10-16
H-967	2024-10-16
H-968	2024-10-01
H-969	2024-10-19
H-970	2024-10-17
H-971	2024-10-10
H-972	2024-10-03
H-973	2024-10-22
H-974	2024-10-04
H-975	2024-10-02
H-976	2024-10-19
H-977	2024-10-17
H-978	2024-10-17
H-979	2024-10-17
H-980	2024-10-15
H-981	2024-10-16
H-982	2024-10-11
H-983	2024-10-24
H-984	2024-09-30
H-985	2024-10-11
H-986	2024-10-24
H-987	2024-10-02
H-988	2024-10-17
H-989	2024-10-15
H-990	2024-10-14
H-991	2024-10-18
H-992	2024-10-03
H-993	2024-10-10
H-994	2024-10-06
H-995	2024-10-17
H-996	2024-10-15
H-997	2024-10-15
H-998	2024-10-16
H-999	2024-10-04
H-1000	2024-10-22
H-1001	2024-09-26
H-1002	2024-10-17
H-1003	2024-10-11
H-1004	2024-10-18
H-1005	2024-10-18
H-1006	2024-10-07
H-1007	2024-10-19
H-1008	2024-10-15
H-1009	2024-10-09
H-1010	2024-10-09
H-1011	2024-10-19
H-1012	2024-10-14
H-1013	2024-10-06
H-1014	2024-09-30
H-1015	2024-10-21
H-1016	2024-10-18
H-1017	2024-10-19
H-1018	2024-10-16
H-1019	2024-10-20
H-1020	2024-10-21
H-1021	2024-10-17
H-1022	2024-10-19
H-1023	2024-10-19
H-1024	2024-10-17
H-1025	2024-10-19
H-1026	2024-10-17
H-1027	2024-10-17
H-1028	2024-10-20
H-1029	2024-10-04
H-1030	2024-10-22
H-1031	2024-10-17
H-1032	2024-10-18
H-1033	2024-09-28
H-1034	2024-10-16
H-1035	2024-10-17
H-1036	2024-10-20
H-1037	2024-10-05
H-1038	2024-10-20
H-1039	2024-10-22
H-1040	2024-10-22
H-1041	2024-10-23
H-1042	2024-10-24
H-1043	2024-10-17
H-1044	2024-10-20
H-1045	2024-10-12
H-1046	2024-10-22
H-1047	2024-10-18
H-1048	2024-10-13
H-1049	2024-10-22
H-1050	2024-10-19
H-1051	2024-10-02
H-1052	2024-10-23
H-1053	2024-10-20
H-1054	2024-10-19
H-1055	2024-10-07
H-1056	2024-10-21
H-1057	2024-10-19
H-1058	2024-10-20
H-1059	2024-10-17
H-1060	2024-10-22
H-1061	2024-10-20
H-1062	2024-10-25
H-1063	2024-10-20
H-1064	2024-10-22
H-1065	2024-10-21
H-1066	2024-10-23
H-1067	2024-10-23
H-1068	2024-10-27
H-1069	2024-10-19
H-1070	2024-10-18
H-1071	2024-10-19
H-1072	2024-10-20
H-1073	2024-10-24
H-1074	2024-10-12
H-1075	2024-10-21
H-1076	2024-10-24
H-1077	2024-10-20
H-1078	2024-10-24
H-1079	2024-10-22
H-1080	2024-10-23
H-1081	2024-10-05
H-1082	2024-10-10
H-1083	2024-10-22
H-1084	2024-10-21
H-1085	2024-10-21
H-1086	2024-10-22
H-1087	2024-10-23
H-1088	2024-10-06
H-1089	2024-10-19
H-1090	2024-10-08
H-1091	2024-10-23
H-1092	2024-10-20
H-1093	2024-10-22
H-1094	2024-10-20
H-1095	2024-10-15
H-1096	2024-10-15
H-1097	2024-10-25
H-1098	2024-10-07
H-1099	2024-10-22
H-1100	2024-10-26
H-1101	2024-10-10
H-1102	2024-10-20
H-1103	2024-10-13
H-1104	2024-10-26
H-1105	2024-10-17
H-1106	2024-10-21
H-1107	2024-10-01
H-1108	2024-10-21
H-1109	2024-10-22
H-1110	2024-10-22
H-1111	2024-10-24
H-1112	2024-10-19
H-1113	2024-10-05
H-1114	2024-10-24
H-1115	2024-10-18
H-1116	2024-10-01
H-1117	2024-10-10
H-1118	2024-10-28
H-1119	2024-10-20
H-1120	2024-10-22
H-1121	2024-10-14
H-1122	2024-10-27
H-1123	2024-10-20
H-1124	2024-10-13
H-1125	2024-10-27
H-1126	2024-10-28
H-1127	2024-10-23
H-1128	2024-10-22
H-1129	2024-10-24
H-1130	2024-10-02
H-1131	2024-10-23
H-1132	2024-10-13
H-1133	2024-10-12
H-1134	2024-10-24
H-1135	2024-10-27
H-1136	2024-10-24
H-1137	2024-10-11
H-1138	2024-10-21
H-1139	2024-10-09
H-1140	2024-10-23
H-1141	2024-10-26
H-1142	2024-10-05
H-1143	2024-10-24
H-1144	2024-10-30
H-1145	2024-10-23
H-1146	2024-10-28
H-1147	2024-10-06
H-1148	2024-10-23
H-1149	2024-10-25
H-1150	2024-10-31
H-1151	2024-10-27
H-1152	2024-10-08
H-1153	2024-10-11
H-1154	2024-10-22
H-1155	2024-10-17
H-1156	2024-10-23
H-1157	2024-10-27
H-1158	2024-10-28
H-1159	2024-10-06
H-1160	2024-10-25
H-1161	2024-10-23
H-1162	2024-10-25
H-1163	2024-10-23
H-1164	2024-10-28
H-1165	2024-10-24
H-1166	2024-10-15
H-1167	2024-10-07
H-1168	2024-10-28
H-1169	2024-10-27
H-1170	2024-10-25
H-1171	2024-10-07
H-1172	2024-10-26
H-1173	2024-10-29
H-1174	2024-10-27
H-1175	2024-10-27
H-1176	2024-10-28
H-1177	2024-10-25
H-1178	2024-10-12
H-1179	2024-10-29
H-1180	2024-10-10
H-1181	2024-10-18
H-1182	2024-10-29
H-1183	2024-10-12
H-1184	2024-10-16
H-1185	2024-10-29
H-1186	2024-10-10
H-1187	2024-10-29
H-1188	2024-10-27
H-1189	2024-10-30
H-1190	2024-10-25
H-1191	2024-10-24
H-1192	2024-10-11
H-1193	2024-10-27
H-1194	2024-10-29
H-1195	2024-10-14
H-1196	2024-10-09
H-1197	2024-10-13
H-1198	2024-10-26
H-1199	2024-10-29
H-1200	2024-11-01
H-1201	2024-10-26
H-1202	2024-10-30
H-1203	2024-10-27
H-1204	2024-10-23
H-1205	2024-10-27
H-1206	2024-10-26
H-1207	2024-10-30
H-1208	2024-10-30
H-1209	2024-10-27
H-1210	2024-10-27
H-1211	2024-10-20
H-1212	2024-10-28
H-1213	2024-10-28
H-1214	2024-10-27
H-1215	2024-10-29
H-1216	2024-10-30
H-1217	2024-10-09
H-1218	2024-10-26
H-1219	2024-10-14
H-1220	2024-10-30
H-1221	2024-10-30
H-1222	2024-10-31
H-1223	2024-11-02
H-1224	2024-10-19
H-1225	2024-10-06
H-1226	2024-10-30
H-1227	2024-10-11
H-1228	2024-10-09
H-1229	2024-10-28
H-1230	2024-10-26
H-1231	2024-10-23
H-1232	2024-10-30
H-1233	2024-10-14
H-1234	2024-10-13
H-1235	2024-10-23
H-1236	2024-10-21
H-1237	2024-10-31
H-1238	2024-10-11
H-1239	2024-10-29
H-1240	2024-10-31
H-1241	2024-11-01
H-1242	2024-11-02
H-1243	2024-10-31
H-1244	2024-10-25
H-1245	2024-11-03
H-1246	2024-10-30
H-1247	2024-10-31
H-1248	2024-10-28
H-1249	2024-10-29
H-1250	2024-11-02
H-1251	2024-10-29
H-1252	2024-10-12
H-1253	2024-10-28
H-1254	2024-10-15
H-1255	2024-10-26
H-1256	2024-10-18
H-1257	2024-10-31
H-1258	2024-10-16
H-1259	2024-11-02
H-1260	2024-10-16
H-1261	2024-11-02
H-1262	2024-10-22
H-1263	2024-10-27
H-1264	2024-11-01
H-1265	2024-10-29
H-1266	2024-10-23
H-1267	2024-11-01
H-1268	2024-11-02
H-1269	2024-10-28
H-1270	2024-10-29
H-1271	2024-10-30
H-1272	2024-11-03
H-1273	2024-10-31
H-1274	2024-10-27
H-1275	2024-10-24
H-1276	2024-10-29
H-1277	2024-10-27
H-1278	2024-10-31
H-1279	2024-10-30
H-1280	2024-10-18
H-1281	2024-11-03
H-1282	2024-10-27
H-1283	2024-11-02
H-1284	2024-10-31
H-1285	2024-10-19
H-1286	2024-10-12
H-1287	2024-11-04
H-1288	2024-10-22
H-1289	2024-10-11
H-1290	2024-10-31
H-1291	2024-10-30
H-1292	2024-10-30
H-1293	2024-10-30
H-1294	2024-11-01
H-1295	2024-10-26
H-1296	2024-10-30
H-1297	2024-10-29
H-1298	2024-11-02
H-1299	2024-10-17
H-1300	2024-10-31
H-1301	2024-11-02
H-1302	2024-10-31
H-1303	2024-10-27
H-1304	2024-11-04
H-1305	2024-11-02
H-1306	2024-10-29
H-1307	2024-10-15
H-1308	2024-11-01
H-1309	2024-11-06
H-1310	2024-10-31
H-1311	2024-10-13
H-1312	2024-11-01
H-1313	2024-10-30
H-1314	2024-10-14
H-1315	2024-10-23
H-1316	2024-11-02
H-1317	2024-10-20
H-1318	2024-10-29
H-1319	2024-10-25
H-1320	2024-10-15
H-1321	2024-10-27
H-1322	2024-10-26
H-1323	2024-10-31
H-1324	2024-10-20
H-1325	2024-10-26
H-1326	2024-10-11
H-1327	2024-10-22
H-1328	2024-10-21
H-1329	2024-10-25
H-1330	2024-10-31
H-1331	2024-10-15
H-1332	2024-11-06
H-1333	2024-10-18
H-1334	2024-11-03
H-1335	2024-10-28
H-1336	2024-10-30
H-1337	2024-11-03
H-1338	2024-10-15
H-1339	2024-11-02
H-1340	2024-10-22
H-1341	2024-10-27
H-1342	2024-11-01
H-1343	2024-10-12
H-1344	2024-10-20
H-1345	2024-11-02
H-1346	2024-10-12
H-1347	2024-10-27
H-1348	2024-10-18
H-1349	2024-11-02
H-1350	2024-10-24
H-1351	2024-11-05
H-1352	2024-11-02
H-1353	2024-11-04
H-1354	2024-11-03
H-1355	2024-11-04
H-1356	2024-11-04
H-1357	2024-11-06
H-1358	2024-10-26
H-1359	2024-11-03
H-1360	2024-10-24
H-1361	2024-10-16
H-1362	2024-11-05
H-1363	2024-10-20
H-1364	2024-11-03
H-1365	2024-10-17
H-1366	2024-10-28
H-1367	2024-10-19
H-1368	2024-11-01
H-1369	2024-11-02
H-1370	2024-10-19
H-1371	2024-10-30
H-1372	2024-11-02
H-1373	2024-11-02
H-1374	2024-11-01
H-1375	2024-11-02
H-1376	2024-11-03
H-1377	2024-11-03
H-1378	2024-11-01
H-1379	2024-11-04
H-1380	2024-11-08
H-1381	2024-11-03
H-1382	2024-11-03
H-1383	2024-10-19
H-1384	2024-11-06
H-1385	2024-11-04
H-1386	2024-11-07
H-1387	2024-11-02
H-1388	2024-11-05
H-1389	2024-10-17
H-1390	2024-11-07
H-1391	2024-10-25
H-1392	2024-11-03
H-1393	2024-11-03
H-1394	2024-11-02
H-1395	2024-11-03
H-1396	2024-11-07
H-1397	2024-10-23
H-1398	2024-11-04
H-1399	2024-11-03
H-1400	2024-11-06
H-1401	2024-10-16
H-1402	2024-11-04
H-1403	2024-11-07
H-1404	2024-11-08
H-1405	2024-11-05
H-1406	2024-11-07
H-1407	2024-11-07
H-1408	2024-11-06
H-1409	2024-11-08
H-1410	2024-11-07
H-1411	2024-11-04
H-1412	2024-11-03
H-1413	2024-11-09
H-1414	2024-11-08
H-1415	2024-11-05
H-1416	2024-10-17
H-1417	2024-11-06
H-1418	2024-11-06
H-1419	2024-11-05
H-1420	2024-11-03
H-1421	2024-11-06
H-1422	2024-11-06
H-1423	2024-11-03
H-1424	2024-11-09
H-1425	2024-11-06
H-1426	2024-11-05
H-1427	2024-11-07
H-1428	2024-10-21
H-1429	2024-10-22
H-1430	2024-11-09
H-1431	2024-10-22
H-1432	2024-11-08
H-1433	2024-11-06
H-1434	2024-11-04
H-1435	2024-10-26
H-1436	2024-11-11
H-1437	2024-11-05
H-1438	2024-11-12
H-1439	2024-11-01
H-1440	2024-11-08
H-1441	2024-10-25
H-1442	2024-11-08
H-1443	2024-10-25
H-1444	2024-11-05
H-1445	2024-11-04
H-1446	2024-11-05
H-1447	2024-10-21
H-1448	2024-11-06
H-1449	2024-11-07
H-1450	2024-10-26
H-1451	2024-11-05
H-1452	2024-11-08
H-1453	2024-11-05
H-1454	2024-10-26
H-1455	2024-11-07
H-1456	2024-10-17
H-1457	2024-10-27
H-1458	2024-11-05
H-1459	2024-11-11
H-1460	2024-11-06
H-1461	2024-11-06
H-1462	2024-11-07
H-1463	2024-10-29
H-1464	2024-10-24
H-1465	2024-10-21
H-1466	2024-10-29
H-1467	2024-11-04
H-1468	2024-11-10
H-1469	2024-11-09
H-1470	2024-11-10
H-1471	2024-11-08
H-1472	2024-11-10
H-1473	2024-11-05
H-1474	2024-11-08
H-1475	2024-11-05
H-1476	2024-11-11
H-1477	2024-10-27
H-1478	2024-11-10
H-1479	2024-11-08
H-1480	2024-11-07
H-1481	2024-11-05
H-1482	2024-11-02
H-1483	2024-11-12
H-1484	2024-11-01
H-1485	2024-11-07
H-1486	2024-11-07
H-1487	2024-11-09
H-1488	2024-11-09
H-1489	2024-10-30
H-1490	2024-10-28
H-1491	2024-11-09
H-1492	2024-11-07
H-1493	2024-11-05
H-1494	2024-10-30
H-1495	2024-11-05
H-1496	2024-11-09
H-1497	2024-10-21
H-1498	2024-10-29
H-1499	2024-11-09
H-1500	2024-11-11
H-1501	2024-11-03
H-1502	2024-11-11
H-1503	2024-11-12
H-1504	2024-11-06
H-1505	2024-11-06
H-1506	2024-10-23
H-1507	2024-11-10
H-1508	2024-11-09
H-1509	2024-10-25
H-1510	2024-11-08
H-1511	2024-10-30
H-1512	2024-11-01
H-1513	2024-11-12
H-1514	2024-10-31
H-1515	2024-11-08
H-1516	2024-11-09
H-1517	2024-10-26
H-1518	2024-11-08
H-1519	2024-11-04
H-1520	2024-11-08
H-1521	2024-11-09
H-1522	2024-10-20
H-1523	2024-11-08
H-1524	2024-11-11
H-1525	2024-11-10
H-1526	2024-11-09
H-1527	2024-10-28
H-1528	2024-10-30
H-1529	2024-10-25
H-1530	2024-11-05
H-1531	2024-10-29
H-1532	2024-11-11
H-1533	2024-11-11
H-1534	2024-11-09
H-1535	2024-11-01
H-1536	2024-11-12
H-1537	2024-11-11
H-1538	2024-11-11
H-1539	2024-11-10
H-1540	2024-11-07
H-1541	2024-10-29
H-1542	2024-10-29
H-1543	2024-10-30
H-1544	2024-11-03
H-1545	2024-11-08
H-1546	2024-11-12
H-1547	2024-11-12
H-1548	2024-11-12
H-1549	2024-11-11
H-1550	2024-11-14
H-1551	2024-11-11
H-1552	2024-11-14
H-1553	2024-11-06
H-1554	2024-11-03
H-1555	2024-10-20
H-1556	2024-11-07
H-1557	2024-11-09
H-1558	2024-11-10
H-1559	2024-11-10
H-1560	2024-11-10
H-1561	2024-11-09
H-1562	2024-11-10
H-1563	2024-11-11
H-1564	2024-10-31
H-1565	2024-11-15
H-1566	2024-11-12
H-1567	2024-11-06
H-1568	2024-11-15
H-1569	2024-10-26
H-1570	2024-11-11
H-1571	2024-11-13
H-1572	2024-10-21
H-1573	2024-11-11
H-1574	2024-11-05
H-1575	2024-10-30
H-1576	2024-10-28
H-1577	2024-11-05
H-1578	2024-11-13
H-1579	2024-11-09
H-1580	2024-11-14
H-1581	2024-11-07
H-1582	2024-11-14
H-1583	2024-11-15
H-1584	2024-11-11
H-1585	2024-11-12
H-1586	2024-10-30
H-1587	2024-11-12
H-1588	2024-11-11
H-1589	2024-11-14
H-1590	2024-11-08
H-1591	2024-11-09
H-1592	2024-11-14
H-1593	2024-10-24
H-1594	2024-11-11
H-1595	2024-11-02
H-1596	2024-11-11
H-1597	2024-10-28
H-1598	2024-10-30
H-1599	2024-11-10
H-1600	2024-11-04
H-1601	2024-11-17
H-1602	2024-11-09
H-1603	2024-11-12
H-1604	2024-11-03
H-1605	2024-11-11
H-1606	2024-11-13
H-1607	2024-11-16
H-1608	2024-11-10
H-1609	2024-11-13
H-1610	2024-11-06
H-1611	2024-10-26
H-1612	2024-11-16
H-1613	2024-11-13
H-1614	2024-11-15
H-1615	2024-11-16
H-1616	2024-10-25
H-1617	2024-11-15
H-1618	2024-11-08
H-1619	2024-10-27
H-1620	2024-11-15
H-1621	2024-10-31
H-1622	2024-11-14
H-1623	2024-11-13
H-1624	2024-11-08
H-1625	2024-11-17
H-1626	2024-11-13
H-1627	2024-11-10
H-1628	2024-11-12
H-1629	2024-11-16
H-1630	2024-11-14
H-1631	2024-11-12
H-1632	2024-11-12
H-1633	2024-10-26
H-1634	2024-11-01
H-1635	2024-11-16
H-1636	2024-11-14
H-1637	2024-11-14
H-1638	2024-11-07
H-1639	2024-11-11
H-1640	2024-11-08
H-1641	2024-11-07
H-1642	2024-11-17
H-1643	2024-10-30
H-1644	2024-11-18
H-1645	2024-11-17
H-1646	2024-10-27
H-1647	2024-11-17
H-1648	2024-11-18
H-1649	2024-11-16
H-1650	2024-10-30
H-1651	2024-11-14
H-1652	2024-11-05
H-1653	2024-11-12
H-1654	2024-10-28
H-1655	2024-11-02
H-1656	2024-11-14
H-1657	2024-11-03
H-1658	2024-11-19
H-1659	2024-10-25
H-1660	2024-11-13
H-1661	2024-11-09
H-1662	2024-11-17
H-1663	2024-11-15
H-1664	2024-11-11
H-1665	2024-11-17
H-1666	2024-11-18
H-1667	2024-11-12
H-1668	2024-11-17
H-1669	2024-11-13
H-1670	2024-11-18
H-1671	2024-11-07
H-1672	2024-11-16
H-1673	2024-11-16
H-1674	2024-11-08
H-1675	2024-11-07
H-1676	2024-11-14
H-1677	2024-11-01
H-1678	2024-11-13
H-1679	2024-11-12
H-1680	2024-11-02
H-1681	2024-11-18
H-1682	2024-11-15
H-1683	2024-11-14
H-1684	2024-11-17
H-1685	2024-11-14
H-1686	2024-11-07
H-1687	2024-11-21
H-1688	2024-11-17
H-1689	2024-11-15
H-1690	2024-11-15
H-1691	2024-11-12
H-1692	2024-11-12
H-1693	2024-11-08
H-1694	2024-11-14
H-1695	2024-11-19
H-1696	2024-10-30
H-1697	2024-11-12
H-1698	2024-11-19
H-1699	2024-11-06
H-1700	2024-10-30
H-1701	2024-11-17
H-1702	2024-11-16
H-1703	2024-11-17
H-1704	2024-11-15
H-1705	2024-11-19
H-1706	2024-11-17
H-1707	2024-11-14
H-1708	2024-11-15
H-1709	2024-11-20
H-1710	2024-11-02
H-1711	2024-11-13
H-1712	2024-11-17
H-1713	2024-11-19
H-1714	2024-11-07
H-1715	2024-11-13
H-1716	2024-11-04
H-1717	2024-11-16
H-1718	2024-10-30
H-1719	2024-11-19
H-1720	2024-11-15
H-1721	2024-11-14
H-1722	2024-11-14
H-1723	2024-11-18
H-1724	2024-11-04
H-1725	2024-11-03
H-1726	2024-11-13
H-1727	2024-11-07
H-1728	2024-11-16
H-1729	2024-11-15
H-1730	2024-11-17
H-1731	2024-11-17
H-1732	2024-11-14
H-1733	2024-11-18
H-1734	2024-11-20
H-1735	2024-11-16
H-1736	2024-11-10
H-1737	2024-11-15
H-1738	2024-11-18
H-1739	2024-11-18
H-1740	2024-11-21
H-1741	2024-11-19
H-1742	2024-11-16
H-1743	2024-11-19
H-1744	2024-11-18
H-1745	2024-11-08
H-1746	2024-11-16
H-1747	2024-11-14
H-1748	2024-11-17
H-1749	2024-11-18
H-1750	2024-11-20
H-1751	2024-11-15
H-1752	2024-11-03
H-1753	2024-11-07
H-1754	2024-11-18
H-1755	2024-11-11
H-1756	2024-11-19
H-1757	2024-11-20
H-1758	2024-11-20
H-1759	2024-11-15
H-1760	2024-11-18
H-1761	2024-11-19
H-1762	2024-11-04
H-1763	2024-11-20
H-1764	2024-11-13
H-1765	2024-11-17
H-1766	2024-11-15
H-1767	2024-11-22
H-1768	2024-11-20
H-1769	2024-11-18
H-1770	2024-11-22
H-1771	2024-11-19
H-1772	2024-11-04
H-1773	2024-11-10
H-1774	2024-11-12
H-1775	2024-11-08
H-1776	2024-10-31
H-1777	2024-11-17
H-1778	2024-11-02
H-1779	2024-11-20
H-1780	2024-11-18
H-1781	2024-11-19
H-1782	2024-11-09
H-1783	2024-11-20
H-1784	2024-10-31
H-1785	2024-11-18
H-1786	2024-11-20
H-1787	2024-11-19
H-1788	2024-11-15
H-1789	2024-11-17
H-1790	2024-11-14
H-1791	2024-11-18
H-1792	2024-11-19
H-1793	2024-11-21
H-1794	2024-11-05
H-1795	2024-11-16
H-1796	2024-11-20
H-1797	2024-11-02
H-1798	2024-11-22
H-1799	2024-11-17
H-1800	2024-11-12
H-1801	2024-11-19
H-1802	2024-11-21
H-1803	2024-11-19
H-1804	2024-11-26
H-1805	2024-11-18
H-1806	2024-11-12
H-1807	2024-11-18
H-1808	2024-11-18
H-1809	2024-11-01
H-1810	2024-11-23
H-1811	2024-11-21
H-1812	2024-11-19
H-1813	2024-11-22
H-1814	2024-11-19
H-1815	2024-11-17
H-1816	2024-11-21
H-1817	2024-11-05
H-1818	2024-10-31
H-1819	2024-11-06
H-1820	2024-11-15
H-1821	2024-11-17
H-1822	2024-11-10
H-1823	2024-11-19
H-1824	2024-11-05
H-1825	2024-11-21
H-1826	2024-11-17
H-1827	2024-11-21
H-1828	2024-11-09
H-1829	2024-11-19
H-1830	2024-11-18
H-1831	2024-11-07
H-1832	2024-11-06
H-1833	2024-11-18
H-1834	2024-11-07
H-1835	2024-11-19
H-1836	2024-11-19
H-1837	2024-11-06
H-1838	2024-11-18
H-1839	2024-11-20
H-1840	2024-11-05
H-1841	2024-11-20
H-1842	2024-11-24
H-1843	2024-11-08
H-1844	2024-11-20
H-1845	2024-11-23
H-1846	2024-11-19
H-1847	2024-11-20
H-1848	2024-11-08
H-1849	2024-11-22
H-1850	2024-11-06
H-1851	2024-11-14
H-1852	2024-11-12
H-1853	2024-11-20
H-1854	2024-11-23
H-1855	2024-11-20
H-1856	2024-11-18
H-1857	2024-11-24
H-1858	2024-11-21
H-1859	2024-11-13
H-1860	2024-11-22
H-1861	2024-11-22
H-1862	2024-11-20
H-1863	2024-11-21
H-1864	2024-11-21
H-1865	2024-11-21
H-1866	2024-11-19
H-1867	2024-11-07
H-1868	2024-11-15
H-1869	2024-11-21
H-1870	2024-11-18
H-1871	2024-11-08
H-1872	2024-11-07
H-1873	2024-11-21
H-1874	2024-11-20
H-1875	2024-11-25
H-1876	2024-11-17
H-1877	2024-11-23
H-1878	2024-11-11
H-1879	2024-11-18
H-1880	2024-11-21
H-1881	2024-11-03
H-1882	2024-11-04
H-1883	2024-11-22
H-1884	2024-11-09
H-1885	2024-11-20
H-1886	2024-10-30
H-1887	2024-11-10
H-1888	2024-11-05
H-1889	2024-11-24
H-1890	2024-11-06
H-1891	2024-11-20
H-1892	2024-11-22
H-1893	2024-11-20
H-1894	2024-11-21
H-1895	2024-11-22
H-1896	2024-11-20
H-1897	2024-11-06
H-1898	2024-11-24
H-1899	2024-11-18
H-1900	2024-11-21
H-1901	2024-11-20
H-1902	2024-11-15
H-1903	2024-11-23
H-1904	2024-11-19
H-1905	2024-11-19
H-1906	2024-11-22
H-1907	2024-11-20
H-1908	2024-11-15
H-1909	2024-11-03
H-1910	2024-11-22
H-1911	2024-11-22
H-1912	2024-11-21
H-1913	2024-11-20
H-1914	2024-11-01
H-1915	2024-11-18
H-1916	2024-11-18
H-1917	2024-11-21
H-1918	2024-11-22
H-1919	2024-11-24
H-1920	2024-11-20
H-1921	2024-11-11
H-1922	2024-11-23
H-1923	2024-11-05
H-1924	2024-11-24
H-1925	2024-11-02
H-1926	2024-11-14
H-1927	2024-11-12
H-1928	2024-11-19
H-1929	2024-11-23
H-1930	2024-11-22
H-1931	2024-11-22
H-1932	2024-10-31
H-1933	2024-11-22
H-1934	2024-11-20
H-1935	2024-11-20
H-1936	2024-11-21
H-1937	2024-11-25
H-1938	2024-11-14
H-1939	2024-11-10
H-1940	2024-11-11
H-1941	2024-11-21
H-1942	2024-11-20
H-1943	2024-11-21
H-1944	2024-11-21
H-1945	2024-11-22
H-1946	2024-11-23
H-1947	2024-11-03
H-1948	2024-11-09
H-1949	2024-11-22
H-1950	2024-11-15
H-1951	2024-11-20
H-1952	2024-11-23
H-1953	2024-11-19
H-1954	2024-11-27
H-1955	2024-11-10
H-1956	2024-11-26
H-1957	2024-11-06
H-1958	2024-11-22
H-1959	2024-11-25
H-1960	2024-11-12
H-1961	2024-11-27
H-1962	2024-11-21
H-1963	2024-11-14
H-1964	2024-11-04
H-1965	2024-11-05
H-1966	2024-11-15
H-1967	2024-11-24
H-1968	2024-11-13
H-1969	2024-11-22
H-1970	2024-11-25
H-1971	2024-11-18
H-1972	2024-11-11
H-1973	2024-11-21
H-1974	2024-11-28
H-1975	2024-11-23
H-1976	2024-11-21
H-1977	2024-11-23
H-1978	2024-11-23
H-1979	2024-11-19
H-1980	2024-11-24
H-1981	2024-11-22
H-1982	2024-11-20
H-1983	2024-11-23
H-1984	2024-11-20
H-1985	2024-11-19
H-1986	2024-11-27
H-1987	2024-11-25
H-1988	2024-11-24
H-1989	2024-11-14
H-1990	2024-11-25
H-1991	2024-11-02
H-1992	2024-11-14
H-1993	2024-11-05
H-1994	2024-11-24
H-1995	2024-11-22
H-1996	2024-11-12
H-1997	2024-11-24
H-1998	2024-11-27
H-1999	2024-11-25
H-2000	2024-11-28
H-2001	2024-11-14
H-2002	2024-11-25
H-2003	2024-11-22
H-2004	2024-11-23
H-2005	2024-11-23
H-2006	2024-11-26
H-2007	2024-11-27
H-2008	2024-11-25
H-2009	2024-11-26
H-2010	2024-11-29
H-2011	2024-11-24
H-2012	2024-11-24
H-2013	2024-11-12
H-2014	2024-11-28
H-2015	2024-11-26
H-2016	2024-11-17
H-2017	2024-11-24
H-2018	2024-11-27
H-2019	2024-11-26
H-2020	2024-11-22
H-2021	2024-11-24
H-2022	2024-11-27
H-2023	2024-11-23
H-2024	2024-11-11
H-2025	2024-11-07
H-2026	2024-11-24
H-2027	2024-11-25
H-2028	2024-11-08
H-2029	2024-11-25
H-2030	2024-11-13
H-2031	2024-11-07
H-2032	2024-11-14
H-2033	2024-11-25
H-2034	2024-11-24
H-2035	2024-11-25
H-2036	2024-11-20
H-2037	2024-11-10
H-2038	2024-11-25
H-2039	2024-11-13
H-2040	2024-11-08
H-2041	2024-11-30
H-2042	2024-11-26
H-2043	2024-11-21
H-2044	2024-11-23
H-2045	2024-11-25
H-2046	2024-11-26
H-2047	2024-11-09
H-2048	2024-11-15
H-2049	2024-11-10
H-2050	2024-11-24
H-2051	2024-11-26
H-2052	2024-11-25
H-2053	2024-11-24
H-2054	2024-12-01
H-2055	2024-11-07
H-2056	2024-11-22
H-2057	2024-11-24
H-2058	2024-11-24
H-2059	2024-11-26
H-2060	2024-11-28
H-2061	2024-11-04
H-2062	2024-11-22
H-2063	2024-11-16
H-2064	2024-11-28
H-2065	2024-11-14
H-2066	2024-11-26
H-2067	2024-11-27
H-2068	2024-11-23
H-2069	2024-11-26
H-2070	2024-11-24
H-2071	2024-11-24
H-2072	2024-11-13
H-2073	2024-11-26
H-2074	2024-11-24
H-2075	2024-11-25
H-2076	2024-11-27
H-2077	2024-11-23
H-2078	2024-11-25
H-2079	2024-11-28
H-2080	2024-11-24
H-2081	2024-11-26
H-2082	2024-11-29
H-2083	2024-11-08
H-2084	2024-11-26
H-2085	2024-12-01
H-2086	2024-11-24
H-2087	2024-11-26
H-2088	2024-11-28
H-2089	2024-11-25
H-2090	2024-11-18
H-2091	2024-11-29
H-2092	2024-11-27
H-2093	2024-11-26
H-2094	2024-11-26
H-2095	2024-11-24
H-2096	2024-11-11
H-2097	2024-11-25
H-2098	2024-11-12
H-2099	2024-11-15
H-2100	2024-11-28
H-2101	2024-11-26
H-2102	2024-11-15
H-2103	2024-11-27
H-2104	2024-11-28
H-2105	2024-11-28
H-2106	2024-11-27
H-2107	2024-11-27
H-2108	2024-11-14
H-2109	2024-11-05
H-2110	2024-11-25
H-2111	2024-11-28
H-2112	2024-11-29
H-2113	2024-11-23
H-2114	2024-11-29
H-2115	2024-11-29
H-2116	2024-11-27
H-2117	2024-11-23
H-2118	2024-11-14
H-2119	2024-11-22
H-2120	2024-11-14
H-2121	2024-11-27
H-2122	2024-12-02
H-2123	2024-11-06
H-2124	2024-11-28
H-2125	2024-11-25
H-2126	2024-11-15
H-2127	2024-11-13
H-2128	2024-11-27
H-2129	2024-11-25
H-2130	2024-11-27
H-2131	2024-11-11
H-2132	2024-11-24
H-2133	2024-11-10
H-2134	2024-11-28
H-2135	2024-11-10
H-2136	2024-11-12
H-2137	2024-11-24
H-2138	2024-11-29
H-2139	2024-11-29
H-2140	2024-11-30
H-2141	2024-11-16
H-2142	2024-11-30
H-2143	2024-11-29
H-2144	2024-11-29
H-2145	2024-11-27
H-2146	2024-11-05
H-2147	2024-11-27
H-2148	2024-11-29
H-2149	2024-11-14
H-2150	2024-11-25
H-2151	2024-11-28
H-2152	2024-11-22
H-2153	2024-11-26
H-2154	2024-11-26
H-2155	2024-11-28
H-2156	2024-11-14
H-2157	2024-11-30
H-2158	2024-11-30
H-2159	2024-11-27
H-2160	2024-11-30
H-2161	2024-11-28
H-2162	2024-11-29
H-2163	2024-11-27
H-2164	2024-11-13
H-2165	2024-11-28
H-2166	2024-11-28
H-2167	2024-11-11
H-2168	2024-11-30
H-2169	2024-11-18
H-2170	2024-11-28
H-2171	2024-12-02
H-2172	2024-11-30
H-2173	2024-11-05
H-2174	2024-11-17
H-2175	2024-11-23
H-2176	2024-11-21
H-2177	2024-11-30
H-2178	2024-11-26
H-2179	2024-11-16
H-2180	2024-11-29
H-2181	2024-11-26
H-2182	2024-11-23
H-2183	2024-12-05
H-2184	2024-11-26
H-2185	2024-11-26
H-2186	2024-11-28
H-2187	2024-11-29
H-2188	2024-11-29
H-2189	2024-11-16
H-2190	2024-12-02
H-2191	2024-11-22
H-2192	2024-11-27
H-2193	2024-11-23
H-2194	2024-11-30
H-2195	2024-11-12
H-2196	2024-11-29
H-2197	2024-12-01
H-2198	2024-11-30
H-2199	2024-12-04
H-2200	2024-11-16
H-2201	2024-11-19
H-2202	2024-11-28
H-2203	2024-11-20
H-2204	2024-11-15
H-2205	2024-11-11
H-2206	2024-11-29
H-2207	2024-11-28
H-2208	2024-11-29
H-2209	2024-11-30
H-2210	2024-11-30
H-2211	2024-11-27
H-2212	2024-11-26
H-2213	2024-11-08
H-2214	2024-11-26
H-2215	2024-11-29
H-2216	2024-12-02
H-2217	2024-11-30
H-2218	2024-11-28
H-2219	2024-11-28
H-2220	2024-12-02
H-2221	2024-11-11
H-2222	2024-11-27
H-2223	2024-12-03
H-2224	2024-11-28
H-2225	2024-11-28
H-2226	2024-11-17
H-2227	2024-11-20
H-2228	2024-11-26
H-2229	2024-11-22
H-2230	2024-11-19
H-2231	2024-11-19
H-2232	2024-11-27
H-2233	2024-12-01
H-2234	2024-12-04
H-2235	2024-11-30
H-2236	2024-12-02
H-2237	2024-12-01
H-2238	2024-11-26
H-2239	2024-11-30
H-2240	2024-11-29
H-2241	2024-12-02
H-2242	2024-11-24
H-2243	2024-11-22
H-2244	2024-12-01
H-2245	2024-11-12
H-2246	2024-11-18
H-2247	2024-11-30
H-2248	2024-11-27
H-2249	2024-11-30
H-2250	2024-11-29
H-2251	2024-11-23
H-2252	2024-11-26
H-2253	2024-11-29
H-2254	2024-12-01
H-2255	2024-11-30
H-2256	2024-12-01
H-2257	2024-11-22
H-2258	2024-12-03
H-2259	2024-11-30
H-2260	2024-12-02
H-2261	2024-11-12
H-2262	2024-11-28
H-2263	2024-11-30
H-2264	2024-11-30
H-2265	2024-12-02
H-2266	2024-11-28
H-2267	2024-11-27
H-2268	2024-12-06
H-2269	2024-12-04
H-2270	2024-11-30
H-2271	2024-11-25
H-2272	2024-11-11
H-2273	2024-12-02
H-2274	2024-12-02
H-2275	2024-11-12
H-2276	2024-11-21
H-2277	2024-11-30
H-2278	2024-12-02
H-2279	2024-11-29
H-2280	2024-11-15
H-2281	2024-11-18
H-2282	2024-12-02
H-2283	2024-12-03
H-2284	2024-11-30
H-2285	2024-12-01
H-2286	2024-11-11
H-2287	2024-12-03
H-2288	2024-11-29
H-2289	2024-12-03
H-2290	2024-11-30
H-2291	2024-11-30
H-2292	2024-12-01
H-2293	2024-11-28
H-2294	2024-12-02
H-2295	2024-11-29
H-2296	2024-12-03
H-2297	2024-12-01
H-2298	2024-12-03
H-2299	2024-12-03
H-2300	2024-12-02
H-2301	2024-12-01
H-2302	2024-11-22
H-2303	2024-12-01
H-2304	2024-11-26
H-2305	2024-11-27
H-2306	2024-12-03
H-2307	2024-12-02
H-2308	2024-11-27
H-2309	2024-11-26
H-2310	2024-12-01
H-2311	2024-12-01
H-2312	2024-12-02
H-2313	2024-11-29
H-2314	2024-11-29
H-2315	2024-11-14
H-2316	2024-11-22
H-2317	2024-11-23
H-2318	2024-12-01
H-2319	2024-11-16
H-2320	2024-12-02
H-2321	2024-11-13
H-2322	2024-12-01
H-2323	2024-12-04
H-2324	2024-11-11
H-2325	2024-11-29
H-2326	2024-11-30
H-2327	2024-11-27
H-2328	2024-11-20
H-2329	2024-11-10
H-2330	2024-11-23
H-2331	2024-12-02
H-2332	2024-12-04
H-2333	2024-12-02
H-2334	2024-11-16
H-2335	2024-12-02
H-2336	2024-11-16
H-2337	2024-11-26
H-2338	2024-11-13
H-2339	2024-11-25
H-2340	2024-11-14
H-2341	2024-11-17
H-2342	2024-11-17
H-2343	2024-12-06
H-2344	2024-12-03
H-2345	2024-11-30
H-2346	2024-11-26
H-2347	2024-12-02
H-2348	2024-12-05
H-2349	2024-12-05
H-2350	2024-11-24
H-2351	2024-11-23
H-2352	2024-11-24
H-2353	2024-11-14
H-2354	2024-11-28
H-2355	2024-12-04
H-2356	2024-12-05
H-2357	2024-11-16
H-2358	2024-11-14
H-2359	2024-11-30
H-2360	2024-11-25
H-2361	2024-12-04
H-2362	2024-12-01
H-2363	2024-11-26
H-2364	2024-11-17
H-2365	2024-12-02
H-2366	2024-12-02
H-2367	2024-11-15
H-2368	2024-11-28
H-2369	2024-12-04
H-2370	2024-11-30
H-2371	2024-11-17
H-2372	2024-12-01
H-2373	2024-12-07
H-2374	2024-11-30
H-2375	2024-11-29
H-2376	2024-12-01
H-2377	2024-12-04
H-2378	2024-12-03
H-2379	2024-12-06
H-2380	2024-12-03
H-2381	2024-11-14
H-2382	2024-12-04
H-2383	2024-12-04
H-2384	2024-12-05
H-2385	2024-11-29
H-2386	2024-12-05
H-2387	2024-12-03
H-2388	2024-11-21
H-2389	2024-11-22
H-2390	2024-11-27
H-2391	2024-11-29
H-2392	2024-11-23
H-2393	2024-12-05
H-2394	2024-12-05
H-2395	2024-11-20
H-2396	2024-12-03
H-2397	2024-12-07
H-2398	2024-11-30
H-2399	2024-11-15
H-2400	2024-12-04
H-2401	2024-12-06
H-2402	2024-12-02
H-2403	2024-12-02
H-2404	2024-12-02
H-2405	2024-12-05
H-2406	2024-12-06
H-2407	2024-12-04
H-2408	2024-12-05
H-2409	2024-11-22
H-2410	2024-12-04
H-2411	2024-11-26
H-2412	2024-11-17
H-2413	2024-12-02
H-2414	2024-11-17
H-2415	2024-11-24
H-2416	2024-12-06
H-2417	2024-12-05
H-2418	2024-12-02
H-2419	2024-12-05
H-2420	2024-12-01
H-2421	2024-11-30
H-2422	2024-12-05
H-2423	2024-12-05
H-2424	2024-11-20
H-2425	2024-12-03
H-2426	2024-11-18
H-2427	2024-12-09
H-2428	2024-11-21
H-2429	2024-11-15
H-2430	2024-12-05
H-2431	2024-12-02
H-2432	2024-11-12
H-2433	2024-11-20
H-2434	2024-12-09
H-2435	2024-12-02
H-2436	2024-12-06
H-2437	2024-11-25
H-2438	2024-12-07
H-2439	2024-11-16
H-2440	2024-12-05
H-2441	2024-12-02
H-2442	2024-12-07
H-2443	2024-12-08
H-2444	2024-11-26
H-2445	2024-12-05
H-2446	2024-12-03
H-2447	2024-12-10
H-2448	2024-12-07
H-2449	2024-12-01
H-2450	2024-11-29
H-2451	2024-11-24
H-2452	2024-12-05
H-2453	2024-12-02
H-2454	2024-12-04
H-2455	2024-12-02
H-2456	2024-12-08
H-2457	2024-12-07
H-2458	2024-12-02
H-2459	2024-12-08
H-2460	2024-12-05
H-2461	2024-12-08
H-2462	2024-12-02
H-2463	2024-11-25
H-2464	2024-11-29
H-2465	2024-11-21
H-2466	2024-11-25
H-2467	2024-12-07
H-2468	2024-11-19
H-2469	2024-12-04
H-2470	2024-12-01
H-2471	2024-12-03
H-2472	2024-12-05
H-2473	2024-11-26
H-2474	2024-12-04
H-2475	2024-12-04
H-2476	2024-12-06
H-2477	2024-12-05
H-2478	2024-12-09
H-2479	2024-12-07
H-2480	2024-12-05
H-2481	2024-11-28
H-2482	2024-12-05
H-2483	2024-11-18
H-2484	2024-12-05
H-2485	2024-12-05
H-2486	2024-12-04
H-2487	2024-11-22
H-2488	2024-12-06
H-2489	2024-11-25
H-2490	2024-12-04
H-2491	2024-12-05
H-2492	2024-12-04
H-2493	2024-12-04
H-2494	2024-11-28
H-2495	2024-12-04
H-2496	2024-12-07
H-2497	2024-11-23
H-2498	2024-12-07
H-2499	2024-11-21
H-2500	2024-12-06
H-2501	2024-12-03
H-2502	2024-11-26
H-2503	2024-12-02
H-2504	2024-12-08
H-2505	2024-11-27
H-2506	2024-11-25
H-2507	2024-12-06
H-2508	2024-11-14
H-2509	2024-12-04
H-2510	2024-12-05
H-2511	2024-11-15
H-2512	2024-11-25
H-2513	2024-12-02
H-2514	2024-11-27
H-2515	2024-12-05
H-2516	2024-12-03
H-2517	2024-11-20
H-2518	2024-12-05
H-2519	2024-11-28
H-2520	2024-11-29
H-2521	2024-12-06
H-2522	2024-12-05
H-2523	2024-12-06
H-2524	2024-12-07
H-2525	2024-12-06
H-2526	2024-12-09
H-2527	2024-12-11
H-2528	2024-12-07
H-2529	2024-12-05
H-2530	2024-12-07
H-2531	2024-12-08
H-2532	2024-12-05
H-2533	2024-11-22
H-2534	2024-11-24
H-2535	2024-12-09
H-2536	2024-12-08
H-2537	2024-12-04
H-2538	2024-11-29
H-2539	2024-12-08
H-2540	2024-12-08
H-2541	2024-12-05
H-2542	2024-12-05
H-2543	2024-12-09
H-2544	2024-12-01
H-2545	2024-12-09
H-2546	2024-12-05
H-2547	2024-12-07
H-2548	2024-12-10
H-2549	2024-11-23
H-2550	2024-11-18
H-2551	2024-12-08
H-2552	2024-12-09
H-2553	2024-12-05
H-2554	2024-12-05
H-2555	2024-12-03
H-2556	2024-12-06
H-2557	2024-12-05
H-2558	2024-12-06
H-2559	2024-12-06
H-2560	2024-11-27
H-2561	2024-12-08
H-2562	2024-12-12
H-2563	2024-12-05
H-2564	2024-12-07
H-2565	2024-11-25
H-2566	2024-12-09
H-2567	2024-11-18
H-2568	2024-12-10
H-2569	2024-12-04
H-2570	2024-12-03
H-2571	2024-12-09
H-2572	2024-12-09
H-2573	2024-11-18
H-2574	2024-11-20
H-2575	2024-12-04
H-2576	2024-12-07
H-2577	2024-11-17
H-2578	2024-12-05
H-2579	2024-12-03
H-2580	2024-12-03
H-2581	2024-12-06
H-2582	2024-11-17
H-2583	2024-12-08
H-2584	2024-12-05
H-2585	2024-12-10
H-2586	2024-12-07
H-2587	2024-12-09
H-2588	2024-11-18
H-2589	2024-12-06
H-2590	2024-12-07
H-2591	2024-12-05
H-2592	2024-11-22
H-2593	2024-11-18
H-2594	2024-11-23
H-2595	2024-12-11
H-2596	2024-12-09
H-2597	2024-12-05
H-2598	2024-11-22
H-2599	2024-11-26
H-2600	2024-12-09
H-2601	2024-11-24
H-2602	2024-12-11
H-2603	2024-12-04
H-2604	2024-12-01
H-2605	2024-12-10
H-2606	2024-12-08
H-2607	2024-12-09
H-2608	2024-12-05
H-2609	2024-11-29
H-2610	2024-12-08
H-2611	2024-12-07
H-2612	2024-12-03
H-2613	2024-12-11
H-2614	2024-12-04
H-2615	2024-12-05
H-2616	2024-11-18
H-2617	2024-12-04
H-2618	2024-12-09
H-2619	2024-12-08
H-2620	2024-12-02
H-2621	2024-11-22
H-2622	2024-12-05
H-2623	2024-11-27
H-2624	2024-11-23
H-2625	2024-11-23
H-2626	2024-11-25
H-2627	2024-12-04
H-2628	2024-12-07
H-2629	2024-11-24
H-2630	2024-12-12
H-2631	2024-11-20
H-2632	2024-11-24
H-2633	2024-12-14
H-2634	2024-12-07
H-2635	2024-12-07
H-2636	2024-11-25
H-2637	2024-11-24
H-2638	2024-12-04
H-2639	2024-12-14
H-2640	2024-12-07
H-2641	2024-12-09
H-2642	2024-12-04
H-2643	2024-12-05
H-2644	2024-12-13
H-2645	2024-12-08
H-2646	2024-11-30
H-2647	2024-11-29
H-2648	2024-12-08
H-2649	2024-12-08
H-2650	2024-12-07
H-2651	2024-12-01
H-2652	2024-11-19
H-2653	2024-12-11
H-2654	2024-12-07
H-2655	2024-12-11
H-2656	2024-12-05
H-2657	2024-12-11
H-2658	2024-11-27
H-2659	2024-12-12
H-2660	2024-12-10
H-2661	2024-12-10
H-2662	2024-12-06
H-2663	2024-12-09
H-2664	2024-12-12
H-2665	2024-12-09
H-2666	2024-12-08
H-2667	2024-12-10
H-2668	2024-12-04
H-2669	2024-12-11
H-2670	2024-12-13
H-2671	2024-12-06
H-2672	2024-12-09
H-2673	2024-12-07
H-2674	2024-11-21
H-2675	2024-12-07
H-2676	2024-12-08
H-2677	2024-12-11
H-2678	2024-12-10
H-2679	2024-12-01
H-2680	2024-11-22
H-2681	2024-11-22
H-2682	2024-12-09
H-2683	2024-12-07
H-2684	2024-12-10
H-2685	2024-12-05
H-2686	2024-12-11
H-2687	2024-12-10
H-2688	2024-12-02
H-2689	2024-12-05
H-2690	2024-12-07
H-2691	2024-11-20
H-2692	2024-12-07
H-2693	2024-11-27
H-2694	2024-12-11
H-2695	2024-12-09
H-2696	2024-12-11
H-2697	2024-12-11
H-2698	2024-12-07
H-2699	2024-12-01
H-2700	2024-11-22
H-2701	2024-11-23
H-2702	2024-11-24
H-2703	2024-12-10
H-2704	2024-12-01
H-2705	2024-11-24
H-2706	2024-11-23
H-2707	2024-12-11
H-2708	2024-12-11
H-2709	2024-11-26
H-2710	2024-12-06
H-2711	2024-12-06
H-2712	2024-12-11
H-2713	2024-11-23
H-2714	2024-11-24
H-2715	2024-12-11
H-2716	2024-12-09
H-2717	2024-12-10
H-2718	2024-12-02
H-2719	2024-11-30
H-2720	2024-12-09
H-2721	2024-12-06
H-2722	2024-12-07
H-2723	2024-11-22
H-2724	2024-12-10
H-2725	2024-12-12
H-2726	2024-12-07
H-2727	2024-11-27
H-2728	2024-12-13
H-2729	2024-11-24
H-2730	2024-12-11
H-2731	2024-12-10
H-2732	2024-11-21
H-2733	2024-12-10
H-2734	2024-11-17
H-2735	2024-11-25
H-2736	2024-12-13
H-2737	2024-12-04
H-2738	2024-12-11
H-2739	2024-11-30
H-2740	2024-12-08
H-2741	2024-12-12
H-2742	2024-12-12
H-2743	2024-11-28
H-2744	2024-12-10
H-2745	2024-11-25
H-2746	2024-12-10
H-2747	2024-12-08
H-2748	2024-11-25
H-2749	2024-12-10
H-2750	2024-11-22
H-2751	2024-12-14
H-2752	2024-12-10
H-2753	2024-12-10
H-2754	2024-11-22
H-2755	2024-12-04
H-2756	2024-12-10
H-2757	2024-12-01
H-2758	2024-11-18
H-2759	2024-12-09
H-2760	2024-12-12
H-2761	2024-12-09
H-2762	2024-12-15
H-2763	2024-11-30
H-2764	2024-12-04
H-2765	2024-12-01
H-2766	2024-12-07
H-2767	2024-12-10
H-2768	2024-12-10
H-2769	2024-11-30
H-2770	2024-12-12
H-2771	2024-11-24
H-2772	2024-12-10
H-2773	2024-11-21
H-2774	2024-12-07
H-2775	2024-11-21
H-2776	2024-11-26
H-2777	2024-11-25
H-2778	2024-12-07
H-2779	2024-12-06
H-2780	2024-12-12
H-2781	2024-12-12
H-2782	2024-12-10
H-2783	2024-12-10
H-2784	2024-12-10
H-2785	2024-12-12
H-2786	2024-11-26
H-2787	2024-11-29
H-2788	2024-12-13
H-2789	2024-12-11
H-2790	2024-12-10
H-2791	2024-12-17
H-2792	2024-11-23
H-2793	2024-12-07
H-2794	2024-12-11
H-2795	2024-12-11
H-2796	2024-12-08
H-2797	2024-12-15
H-2798	2024-11-22
H-2799	2024-11-21
H-2800	2024-12-16
H-2801	2024-12-10
H-2802	2024-12-06
H-2803	2024-12-10
H-2804	2024-11-21
H-2805	2024-12-11
H-2806	2024-12-07
H-2807	2024-12-06
H-2808	2024-11-22
H-2809	2024-12-08
H-2810	2024-12-03
H-2811	2024-12-11
H-2812	2024-12-15
H-2813	2024-11-29
H-2814	2024-12-10
H-2815	2024-12-08
H-2816	2024-12-06
H-2817	2024-12-08
H-2818	2024-11-21
H-2819	2024-12-12
H-2820	2024-11-28
H-2821	2024-12-08
H-2822	2024-12-12
H-2823	2024-11-25
H-2824	2024-12-12
H-2825	2024-12-14
H-2826	2024-12-08
H-2827	2024-11-22
H-2828	2024-12-02
H-2829	2024-11-30
H-2830	2024-12-12
H-2831	2024-12-13
H-2832	2024-12-11
H-2833	2024-12-09
H-2834	2024-12-11
H-2835	2024-12-12
H-2836	2024-12-01
H-2837	2024-12-11
H-2838	2024-12-10
H-2839	2024-12-13
H-2840	2024-11-27
H-2841	2024-12-14
H-2842	2024-12-10
H-2843	2024-11-26
H-2844	2024-12-10
H-2845	2024-12-13
H-2846	2024-12-15
H-2847	2024-12-19
H-2848	2024-12-07
H-2849	2024-12-07
H-2850	2024-11-23
H-2851	2024-12-14
H-2852	2024-12-12
H-2853	2024-11-25
H-2854	2024-12-03
H-2855	2024-11-28
H-2856	2024-11-30
H-2857	2024-11-22
H-2858	2024-12-06
H-2859	2024-11-27
H-2860	2024-12-07
H-2861	2024-11-23
H-2862	2024-12-16
H-2863	2024-11-24
H-2864	2024-12-01
H-2865	2024-12-02
H-2866	2024-11-28
H-2867	2024-12-14
H-2868	2024-12-10
H-2869	2024-12-14
H-2870	2024-12-11
H-2871	2024-12-11
H-2872	2024-12-16
H-2873	2024-12-15
H-2874	2024-11-25
H-2875	2024-12-13
H-2876	2024-12-12
H-2877	2024-11-26
H-2878	2024-12-11
H-2879	2024-12-10
H-2880	2024-12-13
H-2881	2024-12-11
H-2882	2024-12-15
H-2883	2024-12-10
H-2884	2024-12-14
H-2885	2024-12-07
H-2886	2024-12-13
H-2887	2024-12-12
H-2888	2024-12-11
H-2889	2024-12-09
H-2890	2024-12-12
H-2891	2024-12-12
H-2892	2024-12-18
H-2893	2024-12-15
H-2894	2024-12-01
H-2895	2024-12-12
H-2896	2024-12-16
H-2897	2024-12-15
H-2898	2024-12-09
H-2899	2024-12-11
H-2900	2024-12-12
H-2901	2024-12-13
H-2902	2024-12-12
H-2903	2024-12-15
H-2904	2024-11-29
H-2905	2024-12-15
H-2906	2024-12-12
H-2907	2024-12-04
H-2908	2024-12-17
H-2909	2024-12-13
H-2910	2024-12-02
H-2911	2024-12-12
H-2912	2024-12-13
H-2913	2024-12-11
H-2914	2024-12-11
H-2915	2024-12-13
H-2916	2024-12-09
H-2917	2024-11-24
H-2918	2024-12-12
H-2919	2024-12-16
H-2920	2024-12-14
H-2921	2024-11-27
H-2922	2024-12-15
H-2923	2024-12-11
H-2924	2024-12-14
H-2925	2024-12-16
H-2926	2024-12-02
H-2927	2024-12-15
H-2928	2024-12-03
H-2929	2024-12-02
H-2930	2024-12-14
H-2931	2024-12-15
H-2932	2024-12-06
H-2933	2024-12-15
H-2934	2024-12-13
H-2935	2024-12-15
H-2936	2024-12-14
H-2937	2024-12-14
H-2938	2024-12-10
H-2939	2024-12-13
H-2940	2024-12-16
H-2941	2024-11-23
H-2942	2024-11-30
H-2943	2024-12-12
H-2944	2024-12-06
H-2945	2024-12-16
H-2946	2024-12-08
H-2947	2024-11-29
H-2948	2024-11-25
H-2949	2024-12-11
H-2950	2024-12-11
H-2951	2024-12-11
H-2952	2024-12-04
H-2953	2024-11-24
H-2954	2024-12-13
H-2955	2024-12-19
H-2956	2024-12-05
H-2957	2024-12-15
H-2958	2024-12-02
H-2959	2024-12-07
H-2960	2024-12-16
H-2961	2024-12-14
H-2962	2024-12-16
H-2963	2024-12-12
H-2964	2024-12-05
H-2965	2024-12-05
H-2966	2024-12-13
H-2967	2024-12-10
H-2968	2024-12-11
H-2969	2024-12-06
H-2970	2024-11-27
H-2971	2024-12-13
H-2972	2024-12-13
H-2973	2024-12-05
H-2974	2024-12-18
H-2975	2024-12-13
H-2976	2024-12-13
H-2977	2024-12-03
H-2978	2024-12-08
H-2979	2024-12-19
H-2980	2024-12-17
H-2981	2024-12-07
H-2982	2024-12-16
H-2983	2024-11-30
H-2984	2024-12-01
H-2985	2024-12-19
H-2986	2024-12-13
H-2987	2024-12-14
H-2988	2024-12-15
H-2989	2024-12-04
H-2990	2024-12-04
H-2991	2024-12-14
H-2992	2024-12-15
H-2993	2024-12-11
H-2994	2024-12-17
H-2995	2024-12-04
H-2996	2024-11-26
H-2997	2024-12-16
H-2998	2024-12-14
H-2999	2024-12-15
H-3000	2024-11-24
H-3001	2024-12-14
H-3002	2024-12-20
H-3003	2024-12-14
H-3004	2024-12-09
H-3005	2024-12-14
H-3006	2024-12-06
H-3007	2024-12-12
H-3008	2024-12-12
H-3009	2024-12-16
H-3010	2024-12-17
H-3011	2024-12-14
H-3012	2024-12-14
H-3013	2024-12-15
H-3014	2024-12-13
H-3015	2024-12-05
H-3016	2024-11-30
H-3017	2024-12-13
H-3018	2024-11-30
H-3019	2024-12-03
H-3020	2024-12-16
H-3021	2024-12-18
H-3022	2024-12-08
H-3023	2024-12-11
H-3024	2024-12-14
H-3025	2024-12-16
H-3026	2024-12-15
H-3027	2024-12-18
H-3028	2024-12-22
H-3029	2024-12-14
H-3030	2024-11-27
H-3031	2024-12-06
H-3032	2024-11-29
H-3033	2024-12-15
H-3034	2024-12-14
H-3035	2024-12-15
H-3036	2024-12-02
H-3037	2024-12-13
H-3038	2024-12-15
H-3039	2024-12-07
H-3040	2024-12-17
H-3041	2024-12-15
H-3042	2024-12-14
H-3043	2024-12-15
H-3044	2024-12-04
H-3045	2024-12-15
H-3046	2024-12-16
H-3047	2024-12-15
H-3048	2024-12-15
H-3049	2024-12-17
H-3050	2024-12-21
H-3051	2024-11-23
H-3052	2024-12-20
H-3053	2024-12-13
H-3054	2024-12-14
H-3055	2024-12-20
H-3056	2024-12-17
H-3057	2024-12-14
H-3058	2024-12-15
H-3059	2024-12-18
H-3060	2024-12-12
H-3061	2024-12-14
H-3062	2024-12-19
H-3063	2024-12-18
H-3064	2024-12-17
H-3065	2024-11-30
H-3066	2024-12-17
H-3067	2024-12-09
H-3068	2024-12-17
H-3069	2024-12-09
H-3070	2024-12-06
H-3071	2024-12-22
H-3072	2024-11-28
H-3073	2024-12-16
H-3074	2024-11-27
H-3075	2024-12-15
H-3076	2024-12-14
H-3077	2024-12-05
H-3078	2024-12-16
H-3079	2024-11-25
H-3080	2024-12-16
H-3081	2024-12-16
H-3082	2024-12-14
H-3083	2024-12-17
H-3084	2024-12-07
H-3085	2024-12-14
H-3086	2024-11-29
H-3087	2024-12-09
H-3088	2024-12-13
H-3089	2024-12-16
H-3090	2024-12-17
H-3091	2024-12-19
H-3092	2024-12-19
H-3093	2024-12-20
H-3094	2024-12-14
H-3095	2024-12-16
H-3096	2024-12-16
H-3097	2024-12-05
H-3098	2024-12-21
H-3099	2024-11-26
H-3100	2024-12-16
H-3101	2024-12-18
H-3102	2024-12-18
H-3103	2024-12-15
H-3104	2024-12-05
H-3105	2024-12-15
H-3106	2024-12-04
H-3107	2024-11-27
H-3108	2024-12-19
H-3109	2024-12-17
H-3110	2024-11-29
H-3111	2024-11-29
H-3112	2024-12-15
H-3113	2024-12-05
H-3114	2024-12-15
H-3115	2024-12-15
H-3116	2024-12-13
H-3117	2024-12-10
H-3118	2024-11-27
H-3119	2024-12-20
H-3120	2024-12-16
H-3121	2024-12-16
H-3122	2024-12-21
H-3123	2024-12-17
H-3124	2024-12-20
H-3125	2024-12-15
H-3126	2024-12-12
H-3127	2024-12-18
H-3128	2024-11-30
H-3129	2024-12-20
H-3130	2024-12-13
H-3131	2024-12-22
H-3132	2024-12-16
H-3133	2024-12-07
H-3134	2024-12-01
H-3135	2024-12-17
H-3136	2024-12-15
H-3137	2024-11-27
H-3138	2024-12-16
H-3139	2024-11-30
H-3140	2024-12-17
H-3141	2024-12-19
H-3142	2024-12-15
H-3143	2024-12-09
H-3144	2024-12-21
H-3145	2024-12-14
H-3146	2024-12-17
H-3147	2024-12-05
H-3148	2024-11-29
H-3149	2024-12-19
H-3150	2024-12-16
H-3151	2024-12-24
H-3152	2024-12-20
H-3153	2024-12-17
H-3154	2024-12-02
H-3155	2024-12-14
H-3156	2024-11-27
H-3157	2024-12-15
H-3158	2024-12-14
H-3159	2024-12-17
H-3160	2024-12-17
H-3161	2024-12-02
H-3162	2024-12-18
H-3163	2024-12-15
H-3164	2024-12-03
H-3165	2024-12-18
H-3166	2024-12-16
H-3167	2024-12-09
H-3168	2024-11-29
H-3169	2024-12-15
H-3170	2024-12-16
H-3171	2024-11-25
H-3172	2024-12-19
H-3173	2024-12-14
H-3174	2024-12-14
H-3175	2024-11-29
H-3176	2024-12-01
H-3177	2024-12-18
H-3178	2024-12-18
H-3179	2024-12-18
H-3180	2024-12-18
H-3181	2024-12-15
H-3182	2024-12-18
H-3183	2024-12-16
H-3184	2024-12-20
H-3185	2024-12-18
H-3186	2024-12-16
H-3187	2024-12-17
H-3188	2024-12-22
H-3189	2024-11-29
H-3190	2024-12-13
H-3191	2024-12-04
H-3192	2024-12-18
H-3193	2024-12-12
H-3194	2024-12-22
H-3195	2024-12-05
H-3196	2024-12-04
H-3197	2024-12-24
H-3198	2024-12-18
H-3199	2024-12-19
H-3200	2024-12-15
H-3201	2024-12-18
H-3202	2024-12-18
H-3203	2024-12-20
H-3204	2024-12-10
H-3205	2024-12-17
H-3206	2024-12-15
H-3207	2024-12-17
H-3208	2024-12-12
H-3209	2024-12-17
H-3210	2024-12-16
H-3211	2024-12-17
H-3212	2024-12-16
H-3213	2024-12-18
H-3214	2024-12-16
H-3215	2024-12-23
H-3216	2024-12-18
H-3217	2024-12-16
H-3218	2024-11-29
H-3219	2024-11-27
H-3220	2024-12-17
H-3221	2024-12-15
H-3222	2024-12-16
H-3223	2024-12-01
H-3224	2024-11-30
H-3225	2024-12-14
H-3226	2024-12-15
H-3227	2024-12-01
H-3228	2024-12-22
H-3229	2024-12-09
H-3230	2024-12-08
H-3231	2024-12-16
H-3232	2024-12-23
H-3233	2024-12-19
H-3234	2024-12-19
H-3235	2024-12-18
H-3236	2024-12-12
H-3237	2024-12-18
H-3238	2024-12-22
H-3239	2024-12-16
H-3240	2024-12-22
H-3241	2024-12-17
H-3242	2024-12-18
H-3243	2024-12-16
H-3244	2024-12-25
H-3245	2024-12-04
H-3246	2024-12-09
H-3247	2024-12-17
H-3248	2024-12-18
H-3249	2024-12-12
H-3250	2024-12-23
H-3251	2024-12-07
H-3252	2024-12-11
H-3253	2024-12-16
H-3254	2024-12-10
H-3255	2024-12-20
H-3256	2024-12-06
H-3257	2024-12-19
H-3258	2024-12-04
H-3259	2024-12-23
H-3260	2024-12-02
H-3261	2024-12-22
H-3262	2024-12-20
H-3263	2024-12-16
H-3264	2024-12-21
H-3265	2024-12-09
H-3266	2024-12-23
H-3267	2024-12-16
H-3268	2024-12-19
H-3269	2024-12-21
H-3270	2024-12-20
H-3271	2024-12-18
H-3272	2024-12-23
H-3273	2024-12-09
H-3274	2024-12-21
H-3275	2024-12-16
H-3276	2024-12-15
H-3277	2024-12-17
H-3278	2024-12-22
H-3279	2024-12-04
H-3280	2024-12-22
H-3281	2024-12-19
H-3282	2024-12-10
H-3283	2024-12-11
H-3284	2024-12-11
H-3285	2024-12-08
H-3286	2024-12-21
H-3287	2024-12-20
H-3288	2024-12-09
H-3289	2024-12-13
H-3290	2024-12-18
H-3291	2024-12-19
H-3292	2024-12-20
H-3293	2024-12-13
H-3294	2024-11-29
H-3295	2024-12-21
H-3296	2024-12-19
H-3297	2024-12-20
H-3298	2024-12-18
H-3299	2024-12-01
H-3300	2024-11-30
H-3301	2024-12-11
H-3302	2024-12-19
H-3303	2024-12-18
H-3304	2024-12-17
H-3305	2024-12-20
H-3306	2024-12-25
H-3307	2024-12-17
H-3308	2024-12-16
H-3309	2024-12-18
H-3310	2024-12-18
H-3311	2024-12-13
H-3312	2024-11-30
H-3313	2024-12-18
H-3314	2024-12-18
H-3315	2024-12-19
H-3316	2024-12-20
H-3317	2024-12-01
H-3318	2024-12-16
H-3319	2024-12-03
H-3320	2024-12-16
H-3321	2024-12-19
H-3322	2024-12-22
H-3323	2024-12-20
H-3324	2024-12-12
H-3325	2024-12-20
H-3326	2024-12-22
H-3327	2024-12-15
H-3328	2024-12-19
H-3329	2024-12-21
H-3330	2024-12-23
H-3331	2024-11-28
H-3332	2024-12-23
H-3333	2024-12-21
H-3334	2024-12-20
H-3335	2024-12-20
H-3336	2024-12-21
H-3337	2024-12-18
H-3338	2024-12-20
H-3339	2024-12-13
H-3340	2024-12-19
H-3341	2024-12-21
H-3342	2024-12-24
H-3343	2024-12-24
H-3344	2024-12-18
H-3345	2024-12-21
H-3346	2024-12-14
H-3347	2024-12-22
H-3348	2024-12-19
H-3349	2024-12-25
H-3350	2024-12-20
H-3351	2024-12-02
H-3352	2024-12-14
H-3353	2024-12-17
H-3354	2024-12-12
H-3355	2024-12-20
H-3356	2024-12-23
H-3357	2024-12-23
H-3358	2024-12-27
H-3359	2024-12-17
H-3360	2024-12-12
H-3361	2024-12-22
H-3362	2024-12-14
H-3363	2024-12-22
H-3364	2024-12-06
H-3365	2024-12-18
H-3366	2024-12-22
H-3367	2024-12-22
H-3368	2024-12-21
H-3369	2024-12-20
H-3370	2024-12-22
H-3371	2024-12-02
H-3372	2024-12-21
H-3373	2024-12-26
H-3374	2024-12-03
H-3375	2024-12-22
H-3376	2024-12-20
H-3377	2024-12-02
H-3378	2024-12-19
H-3379	2024-12-08
H-3380	2024-12-21
H-3381	2024-12-21
H-3382	2024-12-13
H-3383	2024-12-08
H-3384	2024-12-22
H-3385	2024-12-19
H-3386	2024-12-20
H-3387	2024-12-21
H-3388	2024-12-23
H-3389	2024-12-08
H-3390	2024-11-29
H-3391	2024-12-10
H-3392	2024-12-23
H-3393	2024-12-20
H-3394	2024-12-05
H-3395	2024-12-10
H-3396	2024-12-01
H-3397	2024-12-21
H-3398	2024-12-10
H-3399	2024-12-19
H-3400	2024-12-21
H-3401	2024-12-22
H-3402	2024-12-20
H-3403	2024-12-25
H-3404	2024-12-20
H-3405	2024-12-22
H-3406	2024-12-21
H-3407	2024-12-07
H-3408	2024-12-08
H-3409	2024-12-24
H-3410	2024-12-14
H-3411	2024-11-30
H-3412	2024-12-21
H-3413	2024-12-19
H-3414	2024-12-22
H-3415	2024-12-21
H-3416	2024-12-18
H-3417	2024-12-09
H-3418	2024-12-07
H-3419	2024-12-02
H-3420	2024-12-09
H-3421	2024-12-19
H-3422	2024-12-04
H-3423	2024-12-21
H-3424	2024-12-27
H-3425	2024-12-23
H-3426	2024-12-26
H-3427	2024-12-22
H-3428	2024-12-19
H-3429	2024-12-01
H-3430	2024-12-07
H-3431	2024-12-19
H-3432	2024-11-30
H-3433	2024-12-20
H-3434	2024-12-22
H-3435	2024-12-18
H-3436	2024-12-15
H-3437	2024-12-20
H-3438	2024-12-13
H-3439	2024-12-12
H-3440	2024-12-18
H-3441	2024-12-02
H-3442	2024-12-21
H-3443	2024-12-22
H-3444	2024-12-14
H-3445	2024-12-20
H-3446	2024-12-21
H-3447	2024-12-20
H-3448	2024-12-09
H-3449	2024-12-11
H-3450	2024-12-09
H-3451	2024-12-20
H-3452	2024-12-16
H-3453	2024-12-15
H-3454	2024-12-25
H-3455	2024-12-23
H-3456	2024-12-25
H-3457	2024-12-01
H-3458	2024-12-18
H-3459	2024-12-10
H-3460	2024-12-21
H-3461	2024-12-20
H-3462	2024-12-06
H-3463	2024-12-21
H-3464	2024-12-05
H-3465	2024-12-19
H-3466	2024-12-25
H-3467	2024-12-04
H-3468	2024-12-01
H-3469	2024-12-07
H-3470	2024-12-23
H-3471	2024-12-23
H-3472	2024-12-14
H-3473	2024-12-27
H-3474	2024-12-25
H-3475	2024-12-21
H-3476	2024-12-19
H-3477	2024-12-19
H-3478	2024-12-09
H-3479	2024-12-23
H-3480	2024-12-25
H-3481	2024-12-24
H-3482	2024-12-21
H-3483	2024-12-24
H-3484	2024-12-22
H-3485	2024-12-20
H-3486	2024-12-18
H-3487	2024-12-23
H-3488	2024-12-24
H-3489	2024-12-13
H-3490	2024-12-22
H-3491	2024-12-23
H-3492	2024-12-19
H-3493	2024-12-24
H-3494	2024-12-05
H-3495	2024-12-23
H-3496	2024-12-24
H-3497	2024-12-09
H-3498	2024-12-22
H-3499	2024-12-18
H-3500	2024-12-21
H-3501	2024-12-04
H-3502	2024-12-18
H-3503	2024-12-29
H-3504	2024-12-18
H-3505	2024-12-21
H-3506	2024-12-07
H-3507	2024-12-20
H-3508	2024-12-12
H-3509	2024-12-01
H-3510	2024-12-23
H-3511	2024-12-23
H-3512	2024-12-21
H-3513	2024-12-12
H-3514	2024-12-07
H-3515	2024-12-24
H-3516	2024-12-20
H-3517	2024-12-11
H-3518	2024-12-24
H-3519	2024-11-30
H-3520	2024-12-22
H-3521	2024-12-11
H-3522	2024-12-22
H-3523	2024-12-13
H-3524	2024-12-20
H-3525	2024-12-24
H-3526	2024-12-13
H-3527	2024-12-20
H-3528	2024-12-13
H-3529	2024-12-08
H-3530	2024-12-16
H-3531	2024-12-22
H-3532	2024-12-02
H-3533	2024-12-12
H-3534	2024-12-20
H-3535	2024-12-23
H-3536	2024-12-12
H-3537	2024-12-24
H-3538	2024-12-24
H-3539	2024-12-25
H-3540	2024-12-10
H-3541	2024-12-22
H-3542	2024-12-24
H-3543	2024-12-23
H-3544	2024-12-26
H-3545	2024-12-20
H-3546	2024-12-20
H-3547	2024-12-22
H-3548	2024-12-22
H-3549	2024-12-20
H-3550	2024-12-25
H-3551	2024-12-22
H-3552	2024-12-10
H-3553	2024-12-14
H-3554	2024-12-23
H-3555	2024-12-27
H-3556	2024-12-21
H-3557	2024-12-26
H-3558	2024-12-22
H-3559	2024-12-23
H-3560	2024-12-22
H-3561	2024-12-24
H-3562	2024-12-09
H-3563	2024-12-17
H-3564	2024-12-25
H-3565	2024-12-24
H-3566	2024-12-27
H-3567	2024-12-21
H-3568	2024-12-19
H-3569	2024-12-28
H-3570	2024-12-24
H-3571	2024-12-13
H-3572	2024-12-24
H-3573	2024-12-16
H-3574	2024-12-25
H-3575	2024-12-21
H-3576	2024-12-22
H-3577	2024-12-23
H-3578	2024-12-28
H-3579	2024-12-29
H-3580	2024-12-22
H-3581	2024-12-08
H-3582	2024-12-23
H-3583	2024-12-08
H-3584	2024-12-11
H-3585	2024-12-02
H-3586	2024-12-22
H-3587	2024-12-23
H-3588	2024-12-22
H-3589	2024-12-09
H-3590	2024-12-27
H-3591	2024-12-15
H-3592	2024-12-18
H-3593	2024-12-21
H-3594	2024-12-26
H-3595	2024-12-27
H-3596	2024-12-24
H-3597	2024-12-21
H-3598	2024-12-23
H-3599	2024-12-25
H-3600	2024-12-23
H-3601	2024-12-24
H-3602	2024-12-26
H-3603	2024-12-26
H-3604	2024-12-18
H-3605	2024-12-22
H-3606	2024-12-24
H-3607	2024-12-21
H-3608	2024-12-26
H-3609	2024-12-12
H-3610	2024-12-21
H-3611	2024-12-28
H-3612	2024-12-21
H-3613	2024-12-22
H-3614	2024-12-20
H-3615	2024-12-17
H-3616	2024-12-11
H-3617	2024-12-23
H-3618	2024-12-25
H-3619	2024-12-23
H-3620	2024-12-22
H-3621	2024-12-18
H-3622	2024-12-22
H-3623	2024-12-22
H-3624	2024-12-28
H-3625	2024-12-14
H-3626	2024-12-26
H-3627	2024-12-08
H-3628	2024-12-24
H-3629	2024-12-24
H-3630	2024-12-21
H-3631	2024-12-11
H-3632	2024-11-30
H-3633	2024-12-20
H-3634	2024-12-13
H-3635	2024-12-25
H-3636	2024-12-10
H-3637	2024-12-20
H-3638	2024-12-09
H-3639	2024-12-27
H-3640	2024-12-23
H-3641	2024-12-11
H-3642	2024-12-22
H-3643	2024-12-27
H-3644	2024-12-18
H-3645	2024-12-22
H-3646	2024-12-27
H-3647	2024-12-26
H-3648	2024-12-13
H-3649	2024-12-11
H-3650	2024-12-18
H-3651	2024-12-18
H-3652	2024-12-24
H-3653	2024-12-24
H-3654	2024-12-27
H-3655	2024-12-15
H-3656	2024-12-25
H-3657	2024-12-06
H-3658	2024-12-23
H-3659	2024-12-26
H-3660	2024-12-23
H-3661	2024-12-10
H-3662	2024-12-25
H-3663	2024-12-20
H-3664	2024-12-22
H-3665	2024-12-22
H-3666	2024-12-25
H-3667	2024-12-23
H-3668	2024-12-24
H-3669	2024-12-29
H-3670	2024-12-08
H-3671	2024-12-26
H-3672	2024-12-20
H-3673	2024-12-22
H-3674	2024-12-28
H-3675	2024-12-24
H-3676	2024-12-24
H-3677	2024-12-13
H-3678	2024-12-27
H-3679	2024-12-24
H-3680	2024-12-16
H-3681	2024-12-16
H-3682	2024-12-27
H-3683	2024-12-26
H-3684	2024-12-21
H-3685	2024-12-26
H-3686	2024-12-27
H-3687	2024-12-26
H-3688	2024-12-23
H-3689	2024-12-23
H-3690	2024-12-28
H-3691	2024-12-23
H-3692	2024-12-09
H-3693	2024-12-26
H-3694	2024-12-22
H-3695	2024-12-28
H-3696	2024-12-06
H-3697	2024-12-24
H-3698	2025-01-01
H-3699	2024-12-27
H-3700	2024-12-15
H-3701	2024-12-29
H-3702	2024-12-25
H-3703	2024-12-09
H-3704	2024-12-23
H-3705	2024-12-24
H-3706	2024-12-19
H-3707	2024-12-24
H-3708	2024-12-18
H-3709	2024-12-13
H-3710	2024-12-23
H-3711	2024-12-09
H-3712	2024-12-26
H-3713	2024-12-22
H-3714	2024-12-28
H-3715	2024-12-14
H-3716	2024-12-13
H-3717	2024-12-24
H-3718	2024-12-17
H-3719	2024-12-23
H-3720	2024-12-08
H-3721	2024-12-10
H-3722	2024-12-16
H-3723	2024-12-26
H-3724	2024-12-26
H-3725	2024-12-14
H-3726	2024-12-15
H-3727	2024-12-25
H-3728	2024-12-22
H-3729	2024-12-25
H-3730	2024-12-25
H-3731	2024-12-20
H-3732	2024-12-26
H-3733	2024-12-26
H-3734	2024-12-24
H-3735	2024-12-27
H-3736	2024-12-27
H-3737	2024-12-30
H-3738	2024-12-24
H-3739	2024-12-21
H-3740	2024-12-24
H-3741	2024-12-10
H-3742	2024-12-12
H-3743	2024-12-28
H-3744	2024-12-29
H-3745	2024-12-16
H-3746	2024-12-23
H-3747	2024-12-15
H-3748	2024-12-26
H-3749	2024-12-20
H-3750	2024-12-25
H-3751	2024-12-24
H-3752	2024-12-26
H-3753	2025-01-01
H-3754	2024-12-22
H-3755	2024-12-23
H-3756	2024-12-11
H-3757	2024-12-29
H-3758	2024-12-08
H-3759	2024-12-24
H-3760	2024-12-22
H-3761	2024-12-03
H-3762	2024-12-03
H-3763	2024-12-24
H-3764	2024-12-23
H-3765	2024-12-24
H-3766	2024-12-24
H-3767	2024-12-11
H-3768	2024-12-22
H-3769	2024-12-12
H-3770	2024-12-21
H-3771	2024-12-25
H-3772	2024-12-26
H-3773	2024-12-09
H-3774	2024-12-27
H-3775	2024-12-22
H-3776	2024-12-17
H-3777	2024-12-27
H-3778	2024-12-28
H-3779	2024-12-04
H-3780	2024-12-27
H-3781	2024-12-27
H-3782	2024-12-25
H-3783	2024-12-25
H-3784	2024-12-25
H-3785	2024-12-16
H-3786	2024-12-30
H-3787	2024-12-11
H-3788	2024-12-26
H-3789	2024-12-23
H-3790	2024-12-20
H-3791	2024-12-30
H-3792	2025-01-01
H-3793	2024-12-09
H-3794	2024-12-28
H-3795	2024-12-25
H-3796	2024-12-24
H-3797	2024-12-17
H-3798	2024-12-25
H-3799	2024-12-13
H-3800	2024-12-21
H-3801	2024-12-26
H-3802	2024-12-26
H-3803	2024-12-20
H-3804	2024-12-27
H-3805	2024-12-23
H-3806	2024-12-29
H-3807	2024-12-24
H-3808	2024-12-16
H-3809	2024-12-27
H-3810	2024-12-29
H-3811	2024-12-24
H-3812	2024-12-26
H-3813	2024-12-26
H-3814	2024-12-18
H-3815	2024-12-17
H-3816	2024-12-26
H-3817	2024-12-29
H-3818	2024-12-13
H-3819	2024-12-27
H-3820	2024-12-27
H-3821	2024-12-10
H-3822	2024-12-16
H-3823	2024-12-10
H-3824	2024-12-29
H-3825	2024-12-26
H-3826	2024-12-12
H-3827	2024-12-13
H-3828	2024-12-28
H-3829	2024-12-24
H-3830	2024-12-28
H-3831	2024-12-24
H-3832	2024-12-14
H-3833	2025-01-01
H-3834	2024-12-19
H-3835	2024-12-10
H-3836	2024-12-24
H-3837	2024-12-29
H-3838	2024-12-23
H-3839	2024-12-26
H-3840	2025-01-01
H-3841	2024-12-26
H-3842	2024-12-29
H-3843	2025-01-01
H-3844	2024-12-29
H-3845	2024-12-19
H-3846	2024-12-19
H-3847	2024-12-04
H-3848	2024-12-15
H-3849	2024-12-07
H-3850	2024-12-21
H-3851	2024-12-29
H-3852	2024-12-26
H-3853	2025-01-01
H-3854	2024-12-26
H-3855	2024-12-08
H-3856	2025-01-01
H-3857	2024-12-20
H-3858	2024-12-14
H-3859	2024-12-27
H-3860	2024-12-29
H-3861	2024-12-09
H-3862	2024-12-20
H-3863	2024-12-28
H-3864	2024-12-13
H-3865	2024-12-29
H-3866	2024-12-10
H-3867	2024-12-11
H-3868	2024-12-14
H-3869	2024-12-22
H-3870	2024-12-16
H-3871	2024-12-24
H-3872	2024-12-28
H-3873	2024-12-24
H-3874	2024-12-26
H-3875	2024-12-30
H-3876	2024-12-06
H-3877	2024-12-16
H-3878	2025-01-01
H-3879	2025-01-01
H-3880	2024-12-26
H-3881	2025-01-01
H-3882	2024-12-28
H-3883	2024-12-16
H-3884	2024-12-30
H-3885	2024-12-19
H-3886	2024-12-22
H-3887	2024-12-25
H-3888	2024-12-30
H-3889	2024-12-29
H-3890	2024-12-14
H-3891	2024-12-28
H-3892	2024-12-26
H-3893	2024-12-13
H-3894	2024-12-25
H-3895	2024-12-30
H-3896	2025-01-01
H-3897	2024-12-27
H-3898	2024-12-07
H-3899	2024-12-24
H-3900	2024-12-27
H-3901	2024-12-22
H-3902	2024-12-23
H-3903	2024-12-30
H-3904	2024-12-26
H-3905	2024-12-16
H-3906	2024-12-20
H-3907	2024-12-16
H-3908	2024-12-20
H-3909	2024-12-15
H-3910	2024-12-30
H-3911	2024-12-07
H-3912	2024-12-26
H-3913	2024-12-25
H-3914	2024-12-27
H-3915	2024-12-25
H-3916	2024-12-29
H-3917	2024-12-26
H-3918	2024-12-08
H-3919	2024-12-27
H-3920	2024-12-27
H-3921	2024-12-25
H-3922	2024-12-28
H-3923	2024-12-28
H-3924	2024-12-25
H-3925	2025-01-01
H-3926	2024-12-27
H-3927	2024-12-30
H-3928	2024-12-08
H-3929	2024-12-12
H-3930	2024-12-25
H-3931	2025-01-01
H-3932	2024-12-29
H-3933	2024-12-30
H-3934	2025-01-01
H-3935	2025-01-01
H-3936	2025-01-01
H-3937	2025-01-01
H-3938	2024-12-20
H-3939	2024-12-28
H-3940	2024-12-19
H-3941	2025-01-01
H-3942	2024-12-24
H-3943	2025-01-01
H-3944	2024-12-28
H-3945	2024-12-08
H-3946	2025-01-01
H-3947	2024-12-27
H-3948	2024-12-21
H-3949	2024-12-18
H-3950	2024-12-12
H-3951	2024-12-26
H-3952	2024-12-25
H-3953	2024-12-29
H-3954	2025-01-01
H-3955	2024-12-10
H-3956	2025-01-01
H-3957	2024-12-29
H-3958	2024-12-15
H-3959	2024-12-30
H-3960	2024-12-28
H-3961	2024-12-25
H-3962	2024-12-26
H-3963	2024-12-28
H-3964	2024-12-28
H-3965	2024-12-22
H-3966	2024-12-13
H-3967	2024-12-28
H-3968	2024-12-28
H-3969	2024-12-25
H-3970	2024-12-30
H-3971	2024-12-26
H-3972	2024-12-19
H-3973	2024-12-26
H-3974	2024-12-27
H-3975	2024-12-23
H-3976	2024-12-27
H-3977	2024-12-29
H-3978	2024-12-12
H-3979	2024-12-23
H-3980	2024-12-28
H-3981	2024-12-11
H-3982	2024-12-30
H-3983	2024-12-28
H-3984	2024-12-08
H-3985	2024-12-29
H-3986	2024-12-28
H-3987	2024-12-30
H-3988	2024-12-30
H-3989	2025-01-01
H-3990	2024-12-26
H-3991	2024-12-27
H-3992	2024-12-17
H-3993	2024-12-28
H-3994	2024-12-13
H-3995	2024-12-26
H-3996	2024-12-30
H-3997	2024-12-20
H-3998	2025-01-01
H-3999	2024-12-29
H-4000	2024-12-27
H-4001	2024-12-28
H-4002	2024-12-27
H-4003	2024-12-21
H-4004	2025-01-01
H-4005	2024-12-30
H-4006	2024-12-24
H-4007	2024-12-28
H-4008	2024-12-09
H-4009	2024-12-30
H-4010	2024-12-14
H-4011	2024-12-13
H-4012	2024-12-28
H-4013	2024-12-23
H-4014	2024-12-29
H-4015	2024-12-20
H-4016	2025-01-01
H-4017	2024-12-30
H-4018	2024-12-09
H-4019	2024-12-28
H-4020	2024-12-12
H-4021	2025-01-01
H-4022	2025-01-01
H-4023	2024-12-28
H-4024	2024-12-26
H-4025	2024-12-12
H-4026	2025-01-01
H-4027	2024-12-29
H-4028	2024-12-16
H-4029	2024-12-27
H-4030	2024-12-12
H-4031	2024-12-29
H-4032	2025-01-01
H-4033	2024-12-30
H-4034	2024-12-28
H-4035	2025-01-01
H-4036	2025-01-01
H-4037	2025-01-01
H-4038	2024-12-29
H-4039	2024-12-29
H-4040	2024-12-23
H-4041	2024-12-29
H-4042	2024-12-30
H-4043	2024-12-25
H-4044	2024-12-28
H-4045	2024-12-14
H-4046	2025-01-01
H-4047	2025-01-01
H-4048	2024-12-29
H-4049	2024-12-19
H-4050	2024-12-15
H-4051	2024-12-11
H-4052	2024-12-13
H-4053	2024-12-16
H-4054	2025-01-01
H-4055	2024-12-24
H-4056	2025-01-01
H-4057	2024-12-20
H-4058	2024-12-14
H-4059	2025-01-01
H-4060	2024-12-16
H-4061	2024-12-28
H-4062	2024-12-12
H-4063	2024-12-10
H-4064	2024-12-30
H-4065	2024-12-16
H-4066	2024-12-20
H-4067	2024-12-20
H-4068	2025-01-01
H-4069	2024-12-20
H-4070	2024-12-29
H-4071	2024-12-20
H-4072	2024-12-27
H-4073	2024-12-30
H-4074	2025-01-01
H-4075	2025-01-01
H-4076	2024-12-12
H-4077	2024-12-13
H-4078	2025-01-01
H-4079	2024-12-28
H-4080	2025-01-01
H-4081	2024-12-28
H-4082	2024-12-27
H-4083	2024-12-20
H-4084	2024-12-30
H-4085	2024-12-22
H-4086	2025-01-01
H-4087	2024-12-08
H-4088	2024-12-20
H-4089	2025-01-01
H-4090	2024-12-22
H-4091	2024-12-28
H-4092	2024-12-30
H-4093	2024-12-29
H-4094	2024-12-28
H-4095	2024-12-21
H-4096	2024-12-30
H-4097	2024-12-29
H-4098	2024-12-30
H-4099	2025-01-01
H-4100	2024-12-27
H-4101	2024-12-15
H-4102	2024-12-30
H-4103	2024-12-28
H-4104	2025-01-01
H-4105	2024-12-25
H-4106	2024-12-30
H-4107	2024-12-28
H-4108	2025-01-01
H-4109	2024-12-22
H-4110	2024-12-18
H-4111	2025-01-01
H-4112	2024-12-28
H-4113	2024-12-29
H-4114	2024-12-14
H-4115	2024-12-24
H-4116	2024-12-24
H-4117	2024-12-23
H-4118	2024-12-12
H-4119	2025-01-01
H-4120	2024-12-27
H-4121	2025-01-01
H-4122	2024-12-29
H-4123	2024-12-25
H-4124	2024-12-28
H-4125	2024-12-30
H-4126	2025-01-01
H-4127	2024-12-14
H-4128	2025-01-01
H-4129	2024-12-28
H-4130	2024-12-29
H-4131	2024-12-20
H-4132	2025-01-01
H-4133	2024-12-28
H-4134	2024-12-19
H-4135	2024-12-30
H-4136	2024-12-27
H-4137	2025-01-01
H-4138	2025-01-01
H-4139	2025-01-01
H-4140	2024-12-23
H-4141	2024-12-15
H-4142	2024-12-26
H-4143	2024-12-30
H-4144	2024-12-30
H-4145	2025-01-01
H-4146	2025-01-01
H-4147	2025-01-01
H-4148	2024-12-14
H-4149	2025-01-01
H-4150	2025-01-01
H-4151	2024-12-30
H-4152	2025-01-01
H-4153	2024-12-17
H-4154	2024-12-29
H-4155	2025-01-01
H-4156	2025-01-01
H-4157	2024-12-28
H-4158	2024-12-28
H-4159	2024-12-22
H-4160	2024-12-13
H-4161	2025-01-01
H-4162	2024-12-26
H-4163	2024-12-30
H-4164	2025-01-01
H-4165	2024-12-28
H-4166	2025-01-01
H-4167	2024-12-27
H-4168	2025-01-01
H-4169	2025-01-01
H-4170	2024-12-23
H-4171	2024-12-30
H-4172	2024-12-19
H-4173	2024-12-30
H-4174	2025-01-01
H-4175	2025-01-01
H-4176	2024-12-15
H-4177	2025-01-01
H-4178	2025-01-01
H-4179	2024-12-29
H-4180	2024-12-15
H-4181	2024-12-11
H-4182	2025-01-01
H-4183	2025-01-01
H-4184	2025-01-01
H-4185	2024-12-29
H-4186	2024-12-24
H-4187	2025-01-01
H-4188	2025-01-01
H-4189	2025-01-01
H-4190	2025-01-01
H-4191	2024-12-23
H-4192	2024-12-29
H-4193	2025-01-01
H-4194	2024-12-29
H-4195	2025-01-01
H-4196	2024-12-13
H-4197	2024-12-22
H-4198	2024-12-28
H-4199	2024-12-24
H-4200	2025-01-01
H-4201	2025-01-01
H-4202	2025-01-01
H-4203	2025-01-01
H-4204	2024-12-14
H-4205	2024-12-25
H-4206	2025-01-01
H-4207	2024-12-30
H-4208	2025-01-01
H-4209	2024-12-30
H-4210	2025-01-01
H-4211	2024-12-28
H-4212	2024-12-28
H-4213	2024-12-24
H-4214	2024-12-15
H-4215	2025-01-01
H-4216	2024-12-30
H-4217	2025-01-01
H-4218	2025-01-01
H-4219	2024-12-20
H-4220	2024-12-17
H-4221	2024-12-20
H-4222	2024-12-15
H-4223	2024-12-30
H-4224	2025-01-01
H-4225	2025-01-01
H-4226	2024-12-29
H-4227	2025-01-01
H-4228	2025-01-01
H-4229	2025-01-01
H-4230	2025-01-01
H-4231	2024-12-12
H-4232	2024-12-23
H-4233	2024-12-21
H-4234	2025-01-01
H-4235	2024-12-16
H-4236	2025-01-01
H-4237	2024-12-29
H-4238	2025-01-01
H-4239	2025-01-01
H-4240	2024-12-29
H-4241	2025-01-01
H-4242	2024-12-21
H-4243	2024-12-29
H-4244	2024-12-11
H-4245	2025-01-01
H-4246	2025-01-01
H-4247	2024-12-18
H-4248	2024-12-24
H-4249	2025-01-01
H-4250	2025-01-01
H-4251	2024-12-14
H-4252	2025-01-01
H-4253	2025-01-01
H-4254	2024-12-18
H-4255	2024-12-20
H-4256	2025-01-01
H-4257	2025-01-01
H-4258	2024-12-30
H-4259	2025-01-01
H-4260	2024-12-20
H-4261	2024-12-30
H-4262	2024-12-30
H-4263	2025-01-01
H-4264	2024-12-30
H-4265	2025-01-01
H-4266	2024-12-12
H-4267	2024-12-25
H-4268	2024-12-28
H-4269	2024-12-21
H-4270	2024-12-16
H-4271	2025-01-01
H-4272	2025-01-01
H-4273	2025-01-01
H-4274	2024-12-18
H-4275	2025-01-01
H-4276	2025-01-01
H-4277	2025-01-01
H-4278	2025-01-01
H-4279	2024-12-11
H-4280	2024-12-14
H-4281	2024-12-29
H-4282	2024-12-13
H-4283	2025-01-01
H-4284	2024-12-26
H-4285	2024-12-30
H-4286	2024-12-19
H-4287	2025-01-01
H-4288	2025-01-01
H-4289	2025-01-01
H-4290	2025-01-01
H-4291	2025-01-01
H-4292	2025-01-01
H-4293	2025-01-01
H-4294	2024-12-29
H-4295	2025-01-01
H-4296	2025-01-01
H-4297	2024-12-22
H-4298	2025-01-01
H-4299	2025-01-01
H-4300	2025-01-01
H-4301	2025-01-01
H-4302	2024-12-19
H-4303	2024-12-30
H-4304	2024-12-21
H-4305	2025-01-01
H-4306	2025-01-01
H-4307	2025-01-01
H-4308	2024-12-30
H-4309	2024-12-27
H-4310	2025-01-01
H-4311	2025-01-01
H-4312	2025-01-01
H-4313	2024-12-30
H-4314	2024-12-21
H-4315	2024-12-20
H-4316	2024-12-17
H-4317	2025-01-01
H-4318	2025-01-01
H-4319	2025-01-01
H-4320	2025-01-01
H-4321	2024-12-28
H-4322	2025-01-01
H-4323	2025-01-01
H-4324	2025-01-01
H-4325	2025-01-01
H-4326	2025-01-01
H-4327	2025-01-01
H-4328	2024-12-23
H-4329	2024-12-17
H-4330	2024-12-24
H-4331	2025-01-01
H-4332	2025-01-01
H-4333	2025-01-01
H-4334	2025-01-01
H-4335	2024-12-23
H-4336	2025-01-01
H-4337	2025-01-01
H-4338	2024-12-24
H-4339	2025-01-01
H-4340	2025-01-01
H-4341	2024-12-24
H-4342	2025-01-01
H-4343	2025-01-01
H-4344	2025-01-01
H-4345	2025-01-01
H-4346	2025-01-01
H-4347	2025-01-01
H-4348	2025-01-01
H-4349	2025-01-01
H-4350	2024-12-17
H-4351	2025-01-01
H-4352	2024-12-20
H-4353	2025-01-01
H-4354	2025-01-01
H-4355	2024-12-30
H-4356	2025-01-01
H-4357	2025-01-01
H-4358	2025-01-01
H-4359	2025-01-01
H-4360	2025-01-01
H-4361	2025-01-01
H-4362	2025-01-01
H-4363	2024-12-17
H-4364	2025-01-01
H-4365	2025-01-01
H-4366	2025-01-01
H-4367	2024-12-29
H-4368	2025-01-01
H-4369	2025-01-01
H-4370	2024-12-29
H-4371	2025-01-01
H-4372	2025-01-01
H-4373	2024-12-30
H-4374	2024-12-19
H-4375	2024-12-22
H-4376	2024-12-28
H-4377	2025-01-01
H-4378	2025-01-01
H-4379	2024-12-19
H-4380	2025-01-01
H-4381	2024-12-14
H-4382	2025-01-01
H-4383	2025-01-01
H-4384	2025-01-01
H-4385	2024-12-28
H-4386	2025-01-01
H-4387	2025-01-01
H-4388	2025-01-01
H-4389	2024-12-24
H-4390	2024-12-16
H-4391	2024-12-18
H-4392	2025-01-01
H-4393	2025-01-01
H-4394	2024-12-20
H-4395	2025-01-01
H-4396	2025-01-01
H-4397	2025-01-01
H-4398	2025-01-01
H-4399	2025-01-01
H-4400	2025-01-01
H-4401	2025-01-01
H-4402	2025-01-01
H-4403	2025-01-01
H-4404	2024-12-18
H-4405	2025-01-01
H-4406	2024-12-24
H-4407	2025-01-01
H-4408	2024-12-20
H-4409	2025-01-01
H-4410	2025-01-01
H-4411	2025-01-01
H-4412	2025-01-01
H-4413	2025-01-01
H-4414	2024-12-16
H-4415	2024-12-26
H-4416	2024-12-14
H-4417	2024-12-29
H-4418	2025-01-01
H-4419	2024-12-13
H-4420	2024-12-30
H-4421	2024-12-14
H-4422	2025-01-01
H-4423	2025-01-01
H-4424	2025-01-01
H-4425	2024-12-27
H-4426	2024-12-19
H-4427	2025-01-01
H-4428	2025-01-01
H-4429	2025-01-01
H-4430	2025-01-01
H-4431	2024-12-25
H-4432	2025-01-01
H-4433	2025-01-01
H-4434	2024-12-23
H-4435	2024-12-26
H-4436	2025-01-01
H-4437	2025-01-01
H-4438	2024-12-26
H-4439	2025-01-01
H-4440	2024-12-20
H-4441	2024-12-23
H-4442	2025-01-01
H-4443	2025-01-01
H-4444	2025-01-01
H-4445	2025-01-01
H-4446	2025-01-01
H-4447	2025-01-01
H-4448	2025-01-01
H-4449	2024-12-17
H-4450	2024-12-20
H-4451	2024-12-25
H-4452	2024-12-20
H-4453	2024-12-18
H-4454	2025-01-01
H-4455	2025-01-01
H-4456	2024-12-26
H-4457	2025-01-01
H-4458	2025-01-01
H-4459	2025-01-01
H-4460	2024-12-24
H-4461	2024-12-19
H-4462	2025-01-01
H-4463	2025-01-01
H-4464	2025-01-01
H-4465	2024-12-17
H-4466	2025-01-01
H-4467	2025-01-01
H-4468	2025-01-01
H-4469	2024-12-25
H-4470	2025-01-01
H-4471	2025-01-01
H-4472	2025-01-01
H-4473	2024-12-12
H-4474	2025-01-01
H-4475	2025-01-01
H-4476	2024-12-21
H-4477	2024-12-19
H-4478	2024-12-20
H-4479	2024-12-27
H-4480	2024-12-21
H-4481	2024-12-27
H-4482	2024-12-17
H-4483	2025-01-01
H-4484	2024-12-27
H-4485	2024-12-25
H-4486	2024-12-28
H-4487	2025-01-01
H-4488	2025-01-01
H-4489	2025-01-01
H-4490	2025-01-01
H-4491	2024-12-26
H-4492	2024-12-16
H-4493	2025-01-01
H-4494	2024-12-20
H-4495	2025-01-01
H-4496	2025-01-01
H-4497	2025-01-01
H-4498	2024-12-27
H-4499	2024-12-24
H-4500	2025-01-01
H-4501	2025-01-01
H-4502	2025-01-01
H-4503	2025-01-01
H-4504	2024-12-17
H-4505	2025-01-01
H-4506	2024-12-20
H-4507	2025-01-01
H-4508	2025-01-01
H-4509	2024-12-21
H-4510	2025-01-01
H-4511	2025-01-01
H-4512	2025-01-01
H-4513	2025-01-01
H-4514	2024-12-24
H-4515	2025-01-01
H-4516	2025-01-01
H-4517	2025-01-01
H-4518	2025-01-01
H-4519	2024-12-27
H-4520	2025-01-01
H-4521	2025-01-01
H-4522	2024-12-24
H-4523	2025-01-01
H-4524	2025-01-01
H-4525	2025-01-01
H-4526	2024-12-28
H-4527	2024-12-30
H-4528	2025-01-01
H-4529	2025-01-01
H-4530	2025-01-01
H-4531	2025-01-01
H-4532	2025-01-01
H-4533	2025-01-01
H-4534	2025-01-01
H-4535	2025-01-01
H-4536	2024-12-24
H-4537	2024-12-17
H-4538	2025-01-01
H-4539	2025-01-01
H-4540	2025-01-01
H-4541	2025-01-01
H-4542	2024-12-25
H-4543	2025-01-01
H-4544	2024-12-26
H-4545	2024-12-22
H-4546	2025-01-01
H-4547	2024-12-30
H-4548	2025-01-01
H-4549	2024-12-23
H-4550	2025-01-01
H-4551	2025-01-01
H-4552	2025-01-01
H-4553	2025-01-01
H-4554	2025-01-01
H-4555	2025-01-01
H-4556	2024-12-20
H-4557	2025-01-01
H-4558	2025-01-01
H-4559	2025-01-01
H-4560	2025-01-01
H-4561	2025-01-01
H-4562	2024-12-22
H-4563	2025-01-01
H-4564	2025-01-01
H-4565	2025-01-01
H-4566	2025-01-01
H-4567	2025-01-01
H-4568	2025-01-01
H-4569	2024-12-17
H-4570	2025-01-01
H-4571	2024-12-20
H-4572	2024-12-24
H-4573	2025-01-01
H-4574	2024-12-30
H-4575	2024-12-15
H-4576	2025-01-01
H-4577	2025-01-01
H-4578	2025-01-01
H-4579	2024-12-25
H-4580	2025-01-01
H-4581	2025-01-01
H-4582	2025-01-01
H-4583	2025-01-01
H-4584	2025-01-01
H-4585	2025-01-01
H-4586	2025-01-01
H-4587	2024-12-23
H-4588	2025-01-01
H-4589	2024-12-14
H-4590	2024-12-30
H-4591	2025-01-01
H-4592	2025-01-01
H-4593	2025-01-01
H-4594	2025-01-01
H-4595	2025-01-01
H-4596	2024-12-28
H-4597	2024-12-23
H-4598	2024-12-22
H-4599	2025-01-01
H-4600	2025-01-01
H-4601	2024-12-17
H-4602	2024-12-20
H-4603	2024-12-19
H-4604	2025-01-01
H-4605	2024-12-21
H-4606	2025-01-01
H-4607	2025-01-01
H-4608	2025-01-01
H-4609	2025-01-01
H-4610	2024-12-20
H-4611	2025-01-01
H-4612	2025-01-01
H-4613	2025-01-01
H-4614	2025-01-01
H-4615	2025-01-01
H-4616	2024-12-22
H-4617	2024-12-21
H-4618	2024-12-26
H-4619	2024-12-25
H-4620	2025-01-01
H-4621	2024-12-17
H-4622	2025-01-01
H-4623	2025-01-01
H-4624	2025-01-01
H-4625	2024-12-26
H-4626	2025-01-01
H-4627	2024-12-19
H-4628	2024-12-26
H-4629	2025-01-01
H-4630	2024-12-26
H-4631	2025-01-01
H-4632	2024-12-26
H-4633	2025-01-01
H-4634	2025-01-01
H-4635	2024-12-17
H-4636	2025-01-01
H-4637	2025-01-01
H-4638	2025-01-01
H-4639	2024-12-28
H-4640	2024-12-26
H-4641	2024-12-21
H-4642	2025-01-01
H-4643	2025-01-01
H-4644	2025-01-01
H-4645	2024-12-27
H-4646	2025-01-01
H-4647	2025-01-01
H-4648	2024-12-17
H-4649	2025-01-01
H-4650	2025-01-01
H-4651	2025-01-01
H-4652	2024-12-20
H-4653	2024-12-16
H-4654	2025-01-01
H-4655	2025-01-01
H-4656	2024-12-27
H-4657	2025-01-01
H-4658	2025-01-01
H-4659	2025-01-01
H-4660	2025-01-01
H-4661	2025-01-01
H-4662	2025-01-01
H-4663	2024-12-28
H-4664	2025-01-01
H-4665	2025-01-01
H-4666	2025-01-01
H-4667	2025-01-01
H-4668	2025-01-01
H-4669	2025-01-01
H-4670	2025-01-01
H-4671	2025-01-01
H-4672	2025-01-01
H-4673	2025-01-01
H-4674	2025-01-01
H-4675	2025-01-01
H-4676	2025-01-01
H-4677	2025-01-01
H-4678	2025-01-01
H-4679	2025-01-01
H-4680	2025-01-01
H-4681	2024-12-20
H-4682	2025-01-01
H-4683	2024-12-24
H-4684	2024-12-23
H-4685	2024-12-30
H-4686	2025-01-01
H-4687	2025-01-01
H-4688	2025-01-01
H-4689	2025-01-01
H-4690	2025-01-01
H-4691	2025-01-01
H-4692	2025-01-01
H-4693	2025-01-01
H-4694	2025-01-01
H-4695	2025-01-01
H-4696	2025-01-01
H-4697	2025-01-01
H-4698	2025-01-01
H-4699	2025-01-01
H-4700	2024-12-25
H-4701	2025-01-01
H-4702	2024-12-17
H-4703	2024-12-19
H-4704	2025-01-01
H-4705	2025-01-01
H-4706	2024-12-29
H-4707	2025-01-01
H-4708	2024-12-27
H-4709	2024-12-30
H-4710	2025-01-01
H-4711	2024-12-26
H-4712	2025-01-01
H-4713	2025-01-01
H-4714	2025-01-01
H-4715	2025-01-01
H-4716	2025-01-01
H-4717	2025-01-01
H-4718	2025-01-01
H-4719	2025-01-01
H-4720	2025-01-01
H-4721	2025-01-01
H-4722	2025-01-01
H-4723	2024-12-24
H-4724	2024-12-18
H-4725	2025-01-01
H-4726	2024-12-28
H-4727	2025-01-01
H-4728	2025-01-01
H-4729	2024-12-17
H-4730	2025-01-01
H-4731	2025-01-01
H-4732	2025-01-01
H-4733	2025-01-01
H-4734	2024-12-28
H-4735	2024-12-20
H-4736	2024-12-21
H-4737	2024-12-24
H-4738	2025-01-01
H-4739	2025-01-01
H-4740	2024-12-26
H-4741	2025-01-01
H-4742	2025-01-01
H-4743	2025-01-01
H-4744	2025-01-01
H-4745	2025-01-01
H-4746	2025-01-01
H-4747	2025-01-01
H-4748	2025-01-01
H-4749	2025-01-01
H-4750	2025-01-01
H-4751	2024-12-28
H-4752	2025-01-01
H-4753	2025-01-01
H-4754	2025-01-01
H-4755	2024-12-26
H-4756	2025-01-01
H-4757	2025-01-01
H-4758	2025-01-01
H-4759	2025-01-01
H-4760	2025-01-01
H-4761	2025-01-01
H-4762	2024-12-30
H-4763	2025-01-01
H-4764	2025-01-01
H-4765	2025-01-01
H-4766	2025-01-01
H-4767	2025-01-01
H-4768	2024-12-23
H-4769	2025-01-01
H-4770	2025-01-01
H-4771	2025-01-01
H-4772	2025-01-01
H-4773	2024-12-30
H-4774	2025-01-01
H-4775	2025-01-01
H-4776	2025-01-01
H-4777	2025-01-01
H-4778	2025-01-01
H-4779	2025-01-01
H-4780	2024-12-24
H-4781	2025-01-01
H-4782	2024-12-21
H-4783	2025-01-01
H-4784	2024-12-17
H-4785	2024-12-18
H-4786	2024-12-20
H-4787	2024-12-29
H-4788	2025-01-01
H-4789	2024-12-29
H-4790	2025-01-01
H-4791	2024-12-25
H-4792	2025-01-01
H-4793	2025-01-01
H-4794	2025-01-01
H-4795	2024-12-30
H-4796	2025-01-01
H-4797	2025-01-01
H-4798	2024-12-17
H-4799	2025-01-01
H-4800	2025-01-01
H-4801	2025-01-01
H-4802	2025-01-01
H-4803	2024-12-28
H-4804	2025-01-01
H-4805	2025-01-01
H-4806	2025-01-01
H-4807	2024-12-26
H-4808	2025-01-01
H-4809	2025-01-01
H-4810	2025-01-01
H-4811	2024-12-19
H-4812	2024-12-21
H-4813	2024-12-21
H-4814	2025-01-01
H-4815	2025-01-01
H-4816	2025-01-01
H-4817	2025-01-01
H-4818	2025-01-01
H-4819	2025-01-01
H-4820	2024-12-28
H-4821	2025-01-01
H-4822	2025-01-01
H-4823	2025-01-01
H-4824	2025-01-01
H-4825	2025-01-01
H-4826	2025-01-01
H-4827	2025-01-01
H-4828	2025-01-01
H-4829	2025-01-01
H-4830	2025-01-01
H-4831	2025-01-01
H-4832	2025-01-01
H-4833	2024-12-22
H-4834	2024-12-17
H-4835	2025-01-01
H-4836	2025-01-01
H-4837	2025-01-01
H-4838	2025-01-01
H-4839	2024-12-23
H-4840	2025-01-01
H-4841	2024-12-30
H-4842	2025-01-01
H-4843	2025-01-01
H-4844	2025-01-01
H-4845	2025-01-01
H-4846	2025-01-01
H-4847	2024-12-29
H-4848	2025-01-01
H-4849	2025-01-01
H-4850	2025-01-01
H-4851	2024-12-25
H-4852	2024-12-26
H-4853	2024-12-23
H-4854	2025-01-01
H-4855	2025-01-01
H-4856	2025-01-01
H-4857	2025-01-01
H-4858	2025-01-01
H-4859	2025-01-01
H-4860	2025-01-01
H-4861	2025-01-01
H-4862	2025-01-01
H-4863	2025-01-01
H-4864	2024-12-19
H-4865	2025-01-01
H-4866	2024-12-26
H-4867	2025-01-01
H-4868	2025-01-01
H-4869	2025-01-01
H-4870	2025-01-01
H-4871	2024-12-25
H-4872	2024-12-27
H-4873	2025-01-01
H-4874	2025-01-01
H-4875	2025-01-01
H-4876	2025-01-01
H-4877	2025-01-01
H-4878	2025-01-01
H-4879	2025-01-01
H-4880	2025-01-01
H-4881	2025-01-01
H-4882	2025-01-01
H-4883	2024-12-25
H-4884	2024-12-25
H-4885	2025-01-01
H-4886	2025-01-01
H-4887	2024-12-22
H-4888	2025-01-01
H-4889	2025-01-01
H-4890	2024-12-30
H-4891	2024-12-21
H-4892	2025-01-01
H-4893	2025-01-01
H-4894	2025-01-01
H-4895	2024-12-19
H-4896	2024-12-24
H-4897	2025-01-01
H-4898	2024-12-30
H-4899	2025-01-01
H-4900	2025-01-01
H-4901	2025-01-01
H-4902	2025-01-01
H-4903	2024-12-21
H-4904	2025-01-01
H-4905	2025-01-01
H-4906	2025-01-01
H-4907	2025-01-01
H-4908	2025-01-01
H-4909	2024-12-19
H-4910	2024-12-26
H-4911	2025-01-01
H-4912	2024-12-22
H-4913	2024-12-22
H-4914	2025-01-01
H-4915	2025-01-01
H-4916	2025-01-01
H-4917	2025-01-01
H-4918	2025-01-01
H-4919	2024-12-23
H-4920	2025-01-01
H-4921	2025-01-01
H-4922	2025-01-01
H-4923	2024-12-27
H-4924	2024-12-18
H-4925	2024-12-29
H-4926	2024-12-28
H-4927	2025-01-01
H-4928	2025-01-01
H-4929	2025-01-01
H-4930	2025-01-01
H-4931	2025-01-01
H-4932	2025-01-01
H-4933	2025-01-01
H-4934	2025-01-01
H-4935	2025-01-01
H-4936	2024-12-19
H-4937	2025-01-01
H-4938	2024-12-24
H-4939	2024-12-22
H-4940	2024-12-23
H-4941	2025-01-01
H-4942	2024-12-28
H-4943	2024-12-22
H-4944	2025-01-01
H-4945	2025-01-01
H-4946	2025-01-01
H-4947	2025-01-01
H-4948	2025-01-01
H-4949	2024-12-20
H-4950	2025-01-01
H-4951	2025-01-01
H-4952	2025-01-01
H-4953	2025-01-01
H-4954	2025-01-01
H-4955	2025-01-01
H-4956	2025-01-01
H-4957	2025-01-01
H-4958	2025-01-01
H-4959	2024-12-30
H-4960	2025-01-01
H-4961	2025-01-01
H-4962	2024-12-24
H-4963	2025-01-01
H-4964	2025-01-01
H-4965	2025-01-01
H-4966	2025-01-01
H-4967	2025-01-01
H-4968	2025-01-01
H-4969	2025-01-01
H-4970	2025-01-01
H-4971	2025-01-01
H-4972	2025-01-01
H-4973	2025-01-01
H-4974	2025-01-01
H-4975	2025-01-01
H-4976	2025-01-01
H-4977	2025-01-01
H-4978	2025-01-01
H-4979	2025-01-01
H-4980	2025-01-01
H-4981	2024-12-29
H-4982	2024-12-27
H-4983	2025-01-01
H-4984	2025-01-01
H-4985	2025-01-01
H-4986	2025-01-01
H-4987	2025-01-01
H-4988	2025-01-01
H-4989	2025-01-01
H-4990	2025-01-01
H-4991	2024-12-27
H-4992	2025-01-01
H-4993	2025-01-01
H-4994	2025-01-01
H-4995	2025-01-01
H-4996	2025-01-01
H-4997	2025-01-01
H-4998	2024-12-24
H-4999	2025-01-01
H-5000	2024-12-28
H-5001	2025-01-01
H-5002	2025-01-01
H-5003	2025-01-01
H-5004	2025-01-01
H-5005	2024-12-26
H-5006	2024-12-21
H-5007	2025-01-01
H-5008	2025-01-01
H-5009	2025-01-01
H-5010	2025-01-01
H-5011	2024-12-23
H-5012	2025-01-01
H-5013	2025-01-01
H-5014	2025-01-01
H-5015	2025-01-01
H-5016	2025-01-01
H-5017	2025-01-01
H-5018	2025-01-01
H-5019	2025-01-01
H-5020	2025-01-01
H-5021	2025-01-01
H-5022	2025-01-01
H-5023	2025-01-01
H-5024	2025-01-01
H-5025	2025-01-01
H-5026	2025-01-01
H-5027	2025-01-01
H-5028	2025-01-01
H-5029	2025-01-01
H-5030	2025-01-01
H-5031	2025-01-01
H-5032	2024-12-21
H-5033	2025-01-01
H-5034	2025-01-01
H-5035	2025-01-01
H-5036	2025-01-01
H-5037	2024-12-30
H-5038	2025-01-01
H-5039	2024-12-28
H-5040	2025-01-01
H-5041	2025-01-01
H-5042	2025-01-01
H-5043	2025-01-01
H-5044	2024-12-28
H-5045	2025-01-01
H-5046	2025-01-01
H-5047	2025-01-01
H-5048	2024-12-26
H-5049	2025-01-01
H-5050	2024-12-24
H-5051	2024-12-26
H-5052	2025-01-01
H-5053	2024-12-28
H-5054	2024-12-25
H-5055	2024-12-25
H-5056	2025-01-01
H-5057	2025-01-01
H-5058	2024-12-29
H-5059	2025-01-01
H-5060	2025-01-01
H-5061	2025-01-01
H-5062	2025-01-01
H-5063	2024-12-28
H-5064	2025-01-01
H-5065	2025-01-01
H-5066	2024-12-29
H-5067	2025-01-01
H-5068	2025-01-01
H-5069	2025-01-01
H-5070	2025-01-01
H-5071	2025-01-01
H-5072	2025-01-01
H-5073	2025-01-01
H-5074	2025-01-01
H-5075	2025-01-01
H-5076	2025-01-01
H-5077	2024-12-29
H-5078	2024-12-27
H-5079	2025-01-01
H-5080	2025-01-01
H-5081	2025-01-01
H-5082	2024-12-29
H-5083	2025-01-01
H-5084	2025-01-01
H-5085	2025-01-01
H-5086	2024-12-30
H-5087	2025-01-01
H-5088	2025-01-01
H-5089	2025-01-01
H-5090	2025-01-01
H-5091	2024-12-29
H-5092	2024-12-23
H-5093	2024-12-23
H-5094	2025-01-01
H-5095	2025-01-01
H-5096	2025-01-01
H-5097	2025-01-01
H-5098	2024-12-27
H-5099	2025-01-01
H-5100	2025-01-01
H-5101	2024-12-21
H-5102	2024-12-26
H-5103	2025-01-01
H-5104	2025-01-01
H-5105	2025-01-01
H-5106	2025-01-01
H-5107	2025-01-01
H-5108	2025-01-01
H-5109	2025-01-01
H-5110	2025-01-01
H-5111	2025-01-01
H-5112	2025-01-01
H-5113	2025-01-01
H-5114	2025-01-01
H-5115	2025-01-01
H-5116	2025-01-01
H-5117	2024-12-28
H-5118	2025-01-01
H-5119	2025-01-01
H-5120	2024-12-24
H-5121	2025-01-01
H-5122	2025-01-01
H-5123	2025-01-01
H-5124	2025-01-01
H-5125	2025-01-01
H-5126	2025-01-01
H-5127	2025-01-01
H-5128	2025-01-01
H-5129	2025-01-01
H-5130	2024-12-27
H-5131	2025-01-01
H-5132	2025-01-01
H-5133	2024-12-22
H-5134	2025-01-01
H-5135	2025-01-01
H-5136	2025-01-01
H-5137	2025-01-01
H-5138	2025-01-01
H-5139	2025-01-01
H-5140	2025-01-01
H-5141	2025-01-01
H-5142	2024-12-28
H-5143	2025-01-01
H-5144	2025-01-01
H-5145	2024-12-29
H-5146	2025-01-01
H-5147	2025-01-01
H-5148	2024-12-24
H-5149	2024-12-29
H-5150	2024-12-21
H-5151	2025-01-01
H-5152	2024-12-24
H-5153	2024-12-28
H-5154	2024-12-25
H-5155	2025-01-01
H-5156	2025-01-01
H-5157	2025-01-01
H-5158	2025-01-01
H-5159	2025-01-01
H-5160	2025-01-01
H-5161	2025-01-01
H-5162	2024-12-30
H-5163	2025-01-01
H-5164	2025-01-01
H-5165	2025-01-01
H-5166	2024-12-27
H-5167	2025-01-01
H-5168	2025-01-01
H-5169	2024-12-20
H-5170	2025-01-01
H-5171	2025-01-01
H-5172	2025-01-01
H-5173	2024-12-28
H-5174	2024-12-21
H-5175	2025-01-01
H-5176	2025-01-01
H-5177	2024-12-25
H-5178	2025-01-01
H-5179	2025-01-01
H-5180	2024-12-29
H-5181	2025-01-01
H-5182	2025-01-01
H-5183	2025-01-01
H-5184	2024-12-27
H-5185	2025-01-01
H-5186	2025-01-01
H-5187	2025-01-01
H-5188	2025-01-01
H-5189	2025-01-01
H-5190	2025-01-01
H-5191	2025-01-01
H-5192	2025-01-01
H-5193	2025-01-01
H-5194	2025-01-01
H-5195	2025-01-01
H-5196	2025-01-01
H-5197	2025-01-01
H-5198	2024-12-28
H-5199	2025-01-01
H-5200	2024-12-28
H-5201	2025-01-01
H-5202	2025-01-01
H-5203	2025-01-01
H-5204	2025-01-01
H-5205	2025-01-01
H-5206	2024-12-26
H-5207	2025-01-01
H-5208	2025-01-01
H-5209	2025-01-01
H-5210	2025-01-01
H-5211	2025-01-01
H-5212	2025-01-01
H-5213	2025-01-01
H-5214	2025-01-01
H-5215	2025-01-01
H-5216	2025-01-01
H-5217	2025-01-01
H-5218	2024-12-21
H-5219	2025-01-01
H-5220	2024-12-29
H-5221	2025-01-01
H-5222	2025-01-01
H-5223	2025-01-01
H-5224	2025-01-01
H-5225	2025-01-01
H-5226	2025-01-01
H-5227	2025-01-01
H-5228	2025-01-01
H-5229	2025-01-01
H-5230	2024-12-30
H-5231	2025-01-01
H-5232	2025-01-01
H-5233	2025-01-01
H-5234	2025-01-01
H-5235	2025-01-01
H-5236	2024-12-30
H-5237	2024-12-28
H-5238	2025-01-01
H-5239	2025-01-01
H-5240	2025-01-01
H-5241	2024-12-24
H-5242	2025-01-01
H-5243	2024-12-26
H-5244	2025-01-01
H-5245	2024-12-28
H-5246	2025-01-01
H-5247	2025-01-01
H-5248	2024-12-21
H-5249	2025-01-01
H-5250	2025-01-01
H-5251	2025-01-01
H-5252	2025-01-01
H-5253	2025-01-01
H-5254	2025-01-01
H-5255	2025-01-01
H-5256	2025-01-01
H-5257	2025-01-01
H-5258	2025-01-01
H-5259	2024-12-25
H-5260	2025-01-01
H-5261	2025-01-01
H-5262	2025-01-01
H-5263	2025-01-01
H-5264	2025-01-01
H-5265	2025-01-01
H-5266	2025-01-01
H-5267	2025-01-01
H-5268	2025-01-01
H-5269	2025-01-01
H-5270	2025-01-01
H-5271	2025-01-01
H-5272	2025-01-01
H-5273	2025-01-01
H-5274	2025-01-01
H-5275	2025-01-01
H-5276	2025-01-01
H-5277	2025-01-01
H-5278	2024-12-28
H-5279	2025-01-01
H-5280	2025-01-01
H-5281	2024-12-28
H-5282	2025-01-01
H-5283	2025-01-01
H-5284	2025-01-01
H-5285	2024-12-30
H-5286	2025-01-01
H-5287	2025-01-01
H-5288	2024-12-25
H-5289	2024-12-23
H-5290	2025-01-01
H-5291	2025-01-01
H-5292	2024-12-30
H-5293	2025-01-01
H-5294	2024-12-24
H-5295	2025-01-01
H-5296	2025-01-01
H-5297	2025-01-01
H-5298	2025-01-01
H-5299	2025-01-01
H-5300	2025-01-01
H-5301	2025-01-01
H-5302	2025-01-01
H-5303	2025-01-01
H-5304	2025-01-01
H-5305	2025-01-01
H-5306	2025-01-01
H-5307	2025-01-01
H-5308	2025-01-01
H-5309	2025-01-01
H-5310	2025-01-01
H-5311	2025-01-01
H-5312	2025-01-01
H-5313	2025-01-01
H-5314	2025-01-01
H-5315	2025-01-01
H-5316	2025-01-01
H-5317	2025-01-01
H-5318	2025-01-01
H-5319	2025-01-01
H-5320	2024-12-25
H-5321	2025-01-01
H-5322	2024-12-28
H-5323	2025-01-01
H-5324	2025-01-01
H-5325	2024-12-28
H-5326	2025-01-01
H-5327	2025-01-01
H-5328	2024-12-22
H-5329	2025-01-01
H-5330	2025-01-01
H-5331	2025-01-01
H-5332	2025-01-01
H-5333	2025-01-01
H-5334	2024-12-25
H-5335	2025-01-01
H-5336	2025-01-01
H-5337	2025-01-01
H-5338	2025-01-01
H-5339	2025-01-01
H-5340	2025-01-01
H-5341	2025-01-01
H-5342	2025-01-01
H-5343	2025-01-01
H-5344	2025-01-01
H-5345	2025-01-01
H-5346	2025-01-01
H-5347	2025-01-01
H-5348	2025-01-01
H-5349	2025-01-01
H-5350	2025-01-01
H-5351	2025-01-01
H-5352	2025-01-01
H-5353	2025-01-01
H-5354	2025-01-01
H-5355	2025-01-01
H-5356	2025-01-01
H-5357	2025-01-01
H-5358	2024-12-24
H-5359	2025-01-01
H-5360	2025-01-01
H-5361	2025-01-01
H-5362	2025-01-01
H-5363	2024-12-29
H-5364	2025-01-01
H-5365	2024-12-25
H-5366	2025-01-01
H-5367	2025-01-01
H-5368	2025-01-01
H-5369	2025-01-01
H-5370	2025-01-01
H-5371	2024-12-29
H-5372	2024-12-30
H-5373	2025-01-01
H-5374	2025-01-01
H-5375	2025-01-01
H-5376	2025-01-01
H-5377	2025-01-01
H-5378	2025-01-01
H-5379	2024-12-30
H-5380	2025-01-01
H-5381	2025-01-01
H-5382	2025-01-01
H-5383	2025-01-01
H-5384	2024-12-27
H-5385	2024-12-29
H-5386	2025-01-01
H-5387	2024-12-24
H-5388	2025-01-01
H-5389	2025-01-01
H-5390	2025-01-01
H-5391	2025-01-01
H-5392	2025-01-01
H-5393	2025-01-01
H-5394	2025-01-01
H-5395	2025-01-01
H-5396	2025-01-01
H-5397	2025-01-01
H-5398	2024-12-26
H-5399	2025-01-01
H-5400	2025-01-01
H-5401	2025-01-01
H-5402	2025-01-01
H-5403	2025-01-01
H-5404	2025-01-01
H-5405	2025-01-01
H-5406	2025-01-01
H-5407	2025-01-01
H-5408	2025-01-01
H-5409	2025-01-01
H-5410	2025-01-01
H-5411	2025-01-01
H-5412	2025-01-01
H-5413	2025-01-01
H-5414	2025-01-01
H-5415	2025-01-01
H-5416	2025-01-01
H-5417	2025-01-01
H-5418	2024-12-24
H-5419	2025-01-01
H-5420	2025-01-01
H-5421	2025-01-01
H-5422	2025-01-01
H-5423	2025-01-01
H-5424	2025-01-01
H-5425	2025-01-01
H-5426	2025-01-01
H-5427	2025-01-01
H-5428	2025-01-01
H-5429	2025-01-01
H-5430	2025-01-01
H-5431	2024-12-29
H-5432	2025-01-01
H-5433	2025-01-01
H-5434	2025-01-01
H-5435	2025-01-01
H-5436	2025-01-01
H-5437	2025-01-01
H-5438	2025-01-01
H-5439	2025-01-01
H-5440	2025-01-01
H-5441	2024-12-30
H-5442	2025-01-01
H-5443	2025-01-01
H-5444	2025-01-01
H-5445	2025-01-01
H-5446	2025-01-01
H-5447	2025-01-01
H-5448	2025-01-01
H-5449	2025-01-01
H-5450	2025-01-01
H-5451	2025-01-01
H-5452	2025-01-01
H-5453	2025-01-01
H-5454	2025-01-01
H-5455	2025-01-01
H-5456	2025-01-01
H-5457	2025-01-01
H-5458	2024-12-28
H-5459	2024-12-26
H-5460	2025-01-01
H-5461	2025-01-01
H-5462	2025-01-01
H-5463	2025-01-01
H-5464	2025-01-01
H-5465	2025-01-01
H-5466	2025-01-01
H-5467	2024-12-30
H-5468	2025-01-01
H-5469	2025-01-01
H-5470	2025-01-01
H-5471	2025-01-01
H-5472	2025-01-01
H-5473	2025-01-01
H-5474	2025-01-01
H-5475	2025-01-01
H-5476	2025-01-01
H-5477	2024-12-27
H-5478	2025-01-01
H-5479	2025-01-01
H-5480	2024-12-26
H-5481	2025-01-01
H-5482	2025-01-01
H-5483	2025-01-01
H-5484	2025-01-01
H-5485	2025-01-01
H-5486	2025-01-01
H-5487	2025-01-01
H-5488	2025-01-01
H-5489	2025-01-01
H-5490	2025-01-01
H-5491	2025-01-01
H-5492	2025-01-01
H-5493	2025-01-01
H-5494	2025-01-01
H-5495	2025-01-01
H-5496	2025-01-01
H-5497	2025-01-01
H-5498	2025-01-01
H-5499	2025-01-01
H-5500	2024-12-29
H-5501	2025-01-01
H-5502	2025-01-01
H-5503	2025-01-01
H-5504	2025-01-01
H-5505	2025-01-01
H-5506	2024-12-24
H-5507	2025-01-01
H-5508	2025-01-01
H-5509	2025-01-01
H-5510	2025-01-01
H-5511	2025-01-01
H-5512	2024-12-25
H-5513	2025-01-01
H-5514	2025-01-01
H-5515	2025-01-01
H-5516	2025-01-01
H-5517	2025-01-01
H-5518	2025-01-01
H-5519	2024-12-30
H-5520	2024-12-30
H-5521	2024-12-25
H-5522	2025-01-01
H-5523	2025-01-01
H-5524	2025-01-01
H-5525	2025-01-01
H-5526	2025-01-01
H-5527	2025-01-01
H-5528	2024-12-27
H-5529	2025-01-01
H-5530	2025-01-01
H-5531	2025-01-01
H-5532	2025-01-01
H-5533	2025-01-01
H-5534	2025-01-01
H-5535	2025-01-01
H-5536	2025-01-01
H-5537	2025-01-01
H-5538	2025-01-01
H-5539	2025-01-01
H-5540	2025-01-01
H-5541	2025-01-01
H-5542	2025-01-01
H-5543	2025-01-01
H-5544	2025-01-01
H-5545	2025-01-01
H-5546	2025-01-01
H-5547	2025-01-01
H-5548	2025-01-01
H-5549	2025-01-01
H-5550	2025-01-01
H-5551	2025-01-01
H-5552	2025-01-01
H-5553	2025-01-01
H-5554	2025-01-01
H-5555	2025-01-01
H-5556	2025-01-01
H-5557	2025-01-01
H-5558	2025-01-01
H-5559	2025-01-01
H-5560	2025-01-01
H-5561	2025-01-01
H-5562	2025-01-01
H-5563	2025-01-01
H-5564	2025-01-01
H-5565	2024-12-30
H-5566	2025-01-01
H-5567	2025-01-01
H-5568	2025-01-01
H-5569	2025-01-01
H-5570	2025-01-01
H-5571	2024-12-27
H-5572	2025-01-01
H-5573	2025-01-01
H-5574	2025-01-01
H-5575	2025-01-01
H-5576	2025-01-01
H-5577	2025-01-01
H-5578	2024-12-30
H-5579	2025-01-01
H-5580	2025-01-01
H-5581	2025-01-01
H-5582	2025-01-01
H-5583	2025-01-01
H-5584	2025-01-01
H-5585	2025-01-01
H-5586	2025-01-01
H-5587	2025-01-01
H-5588	2025-01-01
H-5589	2025-01-01
H-5590	2025-01-01
H-5591	2025-01-01
H-5592	2025-01-01
H-5593	2025-01-01
H-5594	2025-01-01
H-5595	2025-01-01
H-5596	2025-01-01
H-5597	2025-01-01
H-5598	2025-01-01
H-5599	2025-01-01
H-5600	2025-01-01
H-5601	2025-01-01
H-5602	2025-01-01
H-5603	2025-01-01
H-5604	2025-01-01
H-5605	2024-12-29
H-5606	2025-01-01
H-5607	2025-01-01
H-5608	2025-01-01
H-5609	2025-01-01
H-5610	2025-01-01
H-5611	2025-01-01
H-5612	2025-01-01
H-5613	2024-12-26
H-5614	2025-01-01
H-5615	2025-01-01
H-5616	2025-01-01
H-5617	2025-01-01
H-5618	2025-01-01
H-5619	2025-01-01
H-5620	2025-01-01
H-5621	2025-01-01
H-5622	2025-01-01
H-5623	2025-01-01
H-5624	2025-01-01
H-5625	2024-12-30
H-5626	2025-01-01
H-5627	2025-01-01
H-5628	2024-12-30
H-5629	2025-01-01
H-5630	2025-01-01
H-5631	2025-01-01
H-5632	2025-01-01
H-5633	2025-01-01
H-5634	2025-01-01
H-5635	2025-01-01
H-5636	2025-01-01
H-5637	2025-01-01
H-5638	2025-01-01
H-5639	2025-01-01
H-5640	2025-01-01
H-5641	2025-01-01
H-5642	2025-01-01
H-5643	2025-01-01
H-5644	2025-01-01
H-5645	2025-01-01
H-5646	2025-01-01
H-5647	2025-01-01
H-5648	2025-01-01
H-5649	2025-01-01
H-5650	2025-01-01
H-5651	2024-12-25
H-5652	2025-01-01
H-5653	2025-01-01
H-5654	2025-01-01
H-5655	2025-01-01
H-5656	2024-12-28
H-5657	2025-01-01
H-5658	2025-01-01
H-5659	2025-01-01
H-5660	2025-01-01
H-5661	2025-01-01
H-5662	2025-01-01
H-5663	2025-01-01
H-5664	2025-01-01
H-5665	2025-01-01
H-5666	2025-01-01
H-5667	2024-12-30
H-5668	2024-12-24
H-5669	2025-01-01
H-5670	2025-01-01
H-5671	2025-01-01
H-5672	2025-01-01
H-5673	2025-01-01
H-5674	2025-01-01
H-5675	2025-01-01
H-5676	2024-12-28
H-5677	2024-12-28
H-5678	2025-01-01
H-5679	2025-01-01
H-5680	2025-01-01
H-5681	2025-01-01
H-5682	2025-01-01
H-5683	2025-01-01
H-5684	2025-01-01
H-5685	2025-01-01
H-5686	2025-01-01
H-5687	2025-01-01
H-5688	2025-01-01
H-5689	2025-01-01
H-5690	2025-01-01
H-5691	2025-01-01
H-5692	2025-01-01
H-5693	2025-01-01
H-5694	2025-01-01
H-5695	2025-01-01
H-5696	2025-01-01
H-5697	2025-01-01
H-5698	2025-01-01
H-5699	2025-01-01
H-5700	2025-01-01
H-5701	2025-01-01
H-5702	2025-01-01
H-5703	2025-01-01
H-5704	2025-01-01
H-5705	2025-01-01
H-5706	2025-01-01
H-5707	2024-12-30
H-5708	2025-01-01
H-5709	2025-01-01
H-5710	2025-01-01
H-5711	2025-01-01
H-5712	2025-01-01
H-5713	2025-01-01
H-5714	2025-01-01
H-5715	2025-01-01
H-5716	2025-01-01
H-5717	2025-01-01
H-5718	2025-01-01
H-5719	2025-01-01
H-5720	2025-01-01
H-5721	2025-01-01
H-5722	2024-12-30
H-5723	2025-01-01
H-5724	2025-01-01
H-5725	2025-01-01
H-5726	2025-01-01
H-5727	2024-12-27
H-5728	2025-01-01
H-5729	2025-01-01
H-5730	2025-01-01
H-5731	2025-01-01
H-5732	2025-01-01
H-5733	2025-01-01
H-5734	2025-01-01
H-5735	2025-01-01
H-5736	2025-01-01
H-5737	2025-01-01
H-5738	2025-01-01
H-5739	2025-01-01
H-5740	2025-01-01
H-5741	2025-01-01
H-5742	2025-01-01
H-5743	2025-01-01
H-5744	2025-01-01
H-5745	2025-01-01
H-5746	2025-01-01
H-5747	2024-12-27
H-5748	2025-01-01
H-5749	2025-01-01
H-5750	2025-01-01
H-5751	2025-01-01
H-5752	2025-01-01
H-5753	2025-01-01
H-5754	2025-01-01
H-5755	2025-01-01
H-5756	2025-01-01
H-5757	2025-01-01
H-5758	2025-01-01
H-5759	2025-01-01
H-5760	2025-01-01
H-5761	2025-01-01
H-5762	2025-01-01
H-5763	2025-01-01
H-5764	2025-01-01
H-5765	2025-01-01
H-5766	2024-12-29
H-5767	2025-01-01
H-5768	2025-01-01
H-5769	2024-12-30
H-5770	2025-01-01
H-5771	2025-01-01
H-5772	2025-01-01
H-5773	2025-01-01
H-5774	2025-01-01
H-5775	2025-01-01
H-5776	2025-01-01
H-5777	2025-01-01
H-5778	2025-01-01
H-5779	2025-01-01
H-5780	2025-01-01
H-5781	2025-01-01
H-5782	2025-01-01
H-5783	2025-01-01
H-5784	2025-01-01
H-5785	2025-01-01
H-5786	2025-01-01
H-5787	2025-01-01
H-5788	2025-01-01
H-5789	2025-01-01
H-5790	2025-01-01
H-5791	2025-01-01
H-5792	2025-01-01
H-5793	2025-01-01
H-5794	2025-01-01
H-5795	2025-01-01
H-5796	2025-01-01
H-5797	2025-01-01
H-5798	2025-01-01
H-5799	2025-01-01
H-5800	2024-12-28
H-5801	2025-01-01
H-5802	2025-01-01
H-5803	2025-01-01
H-5804	2025-01-01
H-5805	2025-01-01
H-5806	2025-01-01
H-5807	2025-01-01
H-5808	2025-01-01
H-5809	2025-01-01
H-5810	2025-01-01
H-5811	2025-01-01
H-5812	2025-01-01
H-5813	2025-01-01
H-5814	2025-01-01
H-5815	2025-01-01
H-5816	2025-01-01
H-5817	2025-01-01
H-5818	2025-01-01
H-5819	2025-01-01
H-5820	2025-01-01
H-5821	2025-01-01
H-5822	2025-01-01
H-5823	2025-01-01
H-5824	2025-01-01
H-5825	2025-01-01
H-5826	2025-01-01
H-5827	2025-01-01
H-5828	2025-01-01
H-5829	2025-01-01
H-5830	2025-01-01
H-5831	2025-01-01
H-5832	2025-01-01
H-5833	2025-01-01
H-5834	2025-01-01
H-5835	2025-01-01
H-5836	2025-01-01
H-5837	2025-01-01
H-5838	2025-01-01
H-5839	2025-01-01
H-5840	2025-01-01
H-5841	2025-01-01
H-5842	2025-01-01
H-5843	2025-01-01
H-5844	2025-01-01
H-5845	2025-01-01
H-5846	2025-01-01
H-5847	2024-12-29
H-5848	2025-01-01
H-5849	2025-01-01
H-5850	2025-01-01
H-5851	2025-01-01
H-5852	2025-01-01
H-5853	2025-01-01
H-5854	2025-01-01
H-5855	2025-01-01
H-5856	2025-01-01
H-5857	2025-01-01
H-5858	2024-12-25
H-5859	2025-01-01
H-5860	2025-01-01
H-5861	2025-01-01
H-5862	2025-01-01
H-5863	2025-01-01
H-5864	2025-01-01
H-5865	2025-01-01
H-5866	2025-01-01
H-5867	2024-12-29
H-5868	2025-01-01
H-5869	2025-01-01
H-5870	2025-01-01
H-5871	2025-01-01
H-5872	2024-12-27
H-5873	2024-12-27
H-5874	2025-01-01
H-5875	2025-01-01
H-5876	2025-01-01
H-5877	2025-01-01
H-5878	2025-01-01
H-5879	2025-01-01
H-5880	2025-01-01
H-5881	2025-01-01
H-5882	2025-01-01
H-5883	2025-01-01
H-5884	2025-01-01
H-5885	2025-01-01
H-5886	2025-01-01
H-5887	2025-01-01
H-5888	2025-01-01
H-5889	2025-01-01
H-5890	2025-01-01
H-5891	2025-01-01
H-5892	2025-01-01
H-5893	2025-01-01
H-5894	2025-01-01
H-5895	2025-01-01
H-5896	2025-01-01
H-5897	2025-01-01
H-5898	2025-01-01
H-5899	2025-01-01
H-5900	2025-01-01
H-5901	2025-01-01
H-5902	2025-01-01
H-5903	2025-01-01
H-5904	2025-01-01
H-5905	2025-01-01
H-5906	2025-01-01
H-5907	2025-01-01
H-5908	2025-01-01
H-5909	2025-01-01
H-5910	2025-01-01
H-5911	2025-01-01
H-5912	2025-01-01
H-5913	2025-01-01
H-5914	2025-01-01
H-5915	2025-01-01
H-5916	2025-01-01
H-5917	2025-01-01
H-5918	2025-01-01
H-5919	2025-01-01
H-5920	2025-01-01
H-5921	2025-01-01
H-5922	2025-01-01
H-5923	2025-01-01
H-5924	2025-01-01
H-5925	2025-01-01
H-5926	2025-01-01
H-5927	2025-01-01
H-5928	2025-01-01
H-5929	2025-01-01
H-5930	2025-01-01
H-5931	2025-01-01
H-5932	2025-01-01
H-5933	2025-01-01
H-5934	2025-01-01
H-5935	2025-01-01
H-5936	2024-12-29
H-5937	2025-01-01
H-5938	2025-01-01
H-5939	2025-01-01
H-5940	2025-01-01
H-5941	2025-01-01
H-5942	2025-01-01
H-5943	2025-01-01
H-5944	2025-01-01
H-5945	2025-01-01
H-5946	2025-01-01
H-5947	2025-01-01
H-5948	2025-01-01
H-5949	2025-01-01
H-5950	2025-01-01
H-5951	2025-01-01
H-5952	2025-01-01
H-5953	2025-01-01
H-5954	2025-01-01
H-5955	2025-01-01
H-5956	2025-01-01
H-5957	2025-01-01
H-5958	2025-01-01
H-5959	2025-01-01
H-5960	2025-01-01
H-5961	2025-01-01
H-5962	2025-01-01
H-5963	2025-01-01
H-5964	2025-01-01
H-5965	2025-01-01
H-5966	2025-01-01
H-5967	2025-01-01
H-5968	2025-01-01
H-5969	2025-01-01
H-5970	2025-01-01
H-5971	2025-01-01
H-5972	2024-12-29
H-5973	2025-01-01
H-5974	2025-01-01
H-5975	2025-01-01
H-5976	2025-01-01
H-5977	2025-01-01
H-5978	2025-01-01
H-5979	2025-01-01
H-5980	2025-01-01
H-5981	2025-01-01
H-5982	2025-01-01
H-5983	2025-01-01
H-5984	2025-01-01
H-5985	2025-01-01
H-5986	2025-01-01
H-5987	2025-01-01
H-5988	2024-12-30
H-5989	2025-01-01
H-5990	2025-01-01
H-5991	2025-01-01
H-5992	2025-01-01
H-5993	2025-01-01
H-5994	2025-01-01
H-5995	2025-01-01
H-5996	2024-12-27
H-5997	2025-01-01
H-5998	2025-01-01
H-5999	2025-01-01
H-6000	2025-01-01
H-6001	2025-01-01
H-6002	2025-01-01
H-6003	2025-01-01
H-6004	2025-01-01
H-6005	2025-01-01
H-6006	2025-01-01
H-6007	2025-01-01
H-6008	2025-01-01
H-6009	2025-01-01
H-6010	2025-01-01
H-6011	2025-01-01
H-6012	2025-01-01
H-6013	2025-01-01
H-6014	2025-01-01
H-6015	2025-01-01
H-6016	2025-01-01
H-6017	2025-01-01
H-6018	2025-01-01
H-6019	2025-01-01
H-6020	2025-01-01
H-6021	2025-01-01
H-6022	2025-01-01
H-6023	2025-01-01
H-6024	2025-01-01
H-6025	2025-01-01
H-6026	2025-01-01
H-6027	2025-01-01
H-6028	2025-01-01
H-6029	2025-01-01
H-6030	2025-01-01
H-6031	2025-01-01
H-6032	2025-01-01
H-6033	2025-01-01
H-6034	2025-01-01
H-6035	2025-01-01
H-6036	2025-01-01
H-6037	2025-01-01
H-6038	2024-12-29
H-6039	2025-01-01
H-6040	2025-01-01
H-6041	2025-01-01
H-6042	2025-01-01
H-6043	2025-01-01
H-6044	2025-01-01
H-6045	2025-01-01
H-6046	2025-01-01
H-6047	2025-01-01
H-6048	2025-01-01
H-6049	2025-01-01
H-6050	2025-01-01
H-6051	2025-01-01
H-6052	2025-01-01
H-6053	2025-01-01
H-6054	2025-01-01
H-6055	2025-01-01
H-6056	2025-01-01
H-6057	2025-01-01
H-6058	2025-01-01
H-6059	2025-01-01
H-6060	2025-01-01
H-6061	2025-01-01
H-6062	2025-01-01
H-6063	2025-01-01
H-6064	2025-01-01
H-6065	2025-01-01
H-6066	2025-01-01
H-6067	2025-01-01
H-6068	2025-01-01
H-6069	2025-01-01
H-6070	2025-01-01
H-6071	2025-01-01
H-6072	2025-01-01
H-6073	2025-01-01
H-6074	2025-01-01
H-6075	2025-01-01
H-6076	2025-01-01
H-6077	2025-01-01
H-6078	2025-01-01
H-6079	2025-01-01
H-6080	2025-01-01
H-6081	2025-01-01
H-6082	2025-01-01
H-6083	2025-01-01
H-6084	2025-01-01
H-6085	2025-01-01
H-6086	2025-01-01
H-6087	2025-01-01
H-6088	2025-01-01
H-6089	2025-01-01
H-6090	2025-01-01
H-6091	2025-01-01
H-6092	2025-01-01
H-6093	2025-01-01
H-6094	2025-01-01
H-6095	2025-01-01
H-6096	2025-01-01
H-6097	2025-01-01
H-6098	2025-01-01
H-6099	2025-01-01
H-6100	2025-01-01
H-6101	2025-01-01
H-6102	2025-01-01
H-6103	2025-01-01
H-6104	2025-01-01
H-6105	2025-01-01
H-6106	2025-01-01
H-6107	2025-01-01
H-6108	2025-01-01
H-6109	2025-01-01
H-6110	2025-01-01
H-6111	2025-01-01
H-6112	2025-01-01
H-6113	2025-01-01
H-6114	2025-01-01
H-6115	2025-01-01
H-6116	2024-12-30
H-6117	2025-01-01
H-6118	2025-01-01
H-6119	2025-01-01
H-6120	2025-01-01
H-6121	2025-01-01
H-6122	2025-01-01
H-6123	2025-01-01
H-6124	2025-01-01
H-6125	2025-01-01
H-6126	2025-01-01
H-6127	2025-01-01
H-6128	2025-01-01
H-6129	2025-01-01
H-6130	2025-01-01
H-6131	2025-01-01
H-6132	2025-01-01
H-6133	2025-01-01
H-6134	2025-01-01
H-6135	2025-01-01
H-6136	2025-01-01
H-6137	2025-01-01
H-6138	2025-01-01
H-6139	2025-01-01
H-6140	2025-01-01
H-6141	2025-01-01
H-6142	2025-01-01
H-6143	2025-01-01
H-6144	2025-01-01
H-6145	2025-01-01
H-6146	2025-01-01
H-6147	2025-01-01
H-6148	2025-01-01
H-6149	2025-01-01
H-6150	2025-01-01
H-6151	2025-01-01
H-6152	2025-01-01
H-6153	2025-01-01
H-6154	2025-01-01
H-6155	2025-01-01
H-6156	2025-01-01
H-6157	2025-01-01
H-6158	2025-01-01
H-6159	2025-01-01
H-6160	2024-12-29
H-6161	2025-01-01
H-6162	2025-01-01
H-6163	2025-01-01
H-6164	2025-01-01
H-6165	2025-01-01
H-6166	2025-01-01
H-6167	2025-01-01
H-6168	2025-01-01
H-6169	2025-01-01
H-6170	2025-01-01
H-6171	2025-01-01
H-6172	2025-01-01
H-6173	2025-01-01
H-6174	2024-12-30
H-6175	2025-01-01
H-6176	2025-01-01
H-6177	2025-01-01
H-6178	2025-01-01
H-6179	2025-01-01
H-6180	2025-01-01
H-6181	2025-01-01
H-6182	2025-01-01
H-6183	2025-01-01
H-6184	2025-01-01
H-6185	2025-01-01
H-6186	2025-01-01
H-6187	2025-01-01
H-6188	2025-01-01
H-6189	2025-01-01
H-6190	2025-01-01
H-6191	2025-01-01
H-6192	2025-01-01
H-6193	2025-01-01
H-6194	2025-01-01
H-6195	2025-01-01
H-6196	2025-01-01
H-6197	2025-01-01
H-6198	2025-01-01
H-6199	2025-01-01
H-6200	2025-01-01
H-6201	2025-01-01
H-6202	2025-01-01
H-6203	2025-01-01
H-6204	2025-01-01
H-6205	2025-01-01
H-6206	2025-01-01
H-6207	2025-01-01
H-6208	2025-01-01
H-6209	2025-01-01
H-6210	2025-01-01
H-6211	2025-01-01
H-6212	2025-01-01
H-6213	2025-01-01
H-6214	2025-01-01
H-6215	2025-01-01
H-6216	2025-01-01
H-6217	2025-01-01
H-6218	2025-01-01
H-6219	2025-01-01
H-6220	2025-01-01
H-6221	2025-01-01
H-6222	2025-01-01
H-6223	2025-01-01
H-6224	2025-01-01
H-6225	2025-01-01
H-6226	2025-01-01
H-6227	2025-01-01
H-6228	2025-01-01
H-6229	2025-01-01
H-6230	2025-01-01
H-6231	2025-01-01
H-6232	2025-01-01
H-6233	2025-01-01
H-6234	2025-01-01
H-6235	2025-01-01
H-6236	2025-01-01
H-6237	2025-01-01
H-6238	2025-01-01
H-6239	2025-01-01
H-6240	2025-01-01
H-6241	2025-01-01
H-6242	2025-01-01
H-6243	2025-01-01
H-6244	2025-01-01
H-6245	2025-01-01
H-6246	2025-01-01
H-6247	2025-01-01
H-6248	2025-01-01
H-6249	2025-01-01
H-6250	2025-01-01
H-6251	2025-01-01
H-6252	2025-01-01
H-6253	2025-01-01
H-6254	2025-01-01
H-6255	2025-01-01
H-6256	2025-01-01
H-6257	2025-01-01
H-6258	2025-01-01
H-6259	2025-01-01
H-6260	2025-01-01
H-6261	2025-01-01
H-6262	2025-01-01
H-6263	2025-01-01
H-6264	2025-01-01
H-6265	2025-01-01
H-6266	2025-01-01
H-6267	2025-01-01
H-6268	2025-01-01
H-6269	2025-01-01
H-6270	2025-01-01
H-6271	2025-01-01
H-6272	2025-01-01
H-6273	2025-01-01
H-6274	2025-01-01
H-6275	2025-01-01
H-6276	2025-01-01
H-6277	2025-01-01
H-6278	2025-01-01
H-6279	2025-01-01
H-6280	2025-01-01
H-6281	2025-01-01
H-6282	2025-01-01
H-6283	2025-01-01
H-6284	2025-01-01
H-6285	2025-01-01
H-6286	2025-01-01
H-6287	2025-01-01
H-6288	2025-01-01
H-6289	2025-01-01
H-6290	2025-01-01
H-6291	2025-01-01
H-6292	2025-01-01
H-6293	2025-01-01
H-6294	2025-01-01
H-6295	2025-01-01
H-6296	2025-01-01
H-6297	2025-01-01
H-6298	2025-01-01
H-6299	2025-01-01
H-6300	2025-01-01
H-6301	2025-01-01
H-6302	2025-01-01
H-6303	2025-01-01
H-6304	2025-01-01
H-6305	2025-01-01
H-6306	2025-01-01
H-6307	2025-01-01
H-6308	2025-01-01
H-6309	2025-01-01
H-6310	2025-01-01
H-6311	2025-01-01
H-6312	2025-01-01
H-6313	2025-01-01
H-6314	2025-01-01
H-6315	2025-01-01
H-6316	2025-01-01
H-6317	2025-01-01
H-6318	2025-01-01
H-6319	2025-01-01
H-6320	2025-01-01
H-6321	2025-01-01
H-6322	2025-01-01
H-6323	2025-01-01
H-6324	2025-01-01
H-6325	2025-01-01
H-6326	2025-01-01
H-6327	2025-01-01
H-6328	2025-01-01
H-6329	2025-01-01
H-6330	2025-01-01
H-6331	2025-01-01
H-6332	2025-01-01
H-6333	2025-01-01
H-6334	2025-01-01
H-6335	2025-01-01
H-6336	2025-01-01
H-6337	2025-01-01
H-6338	2025-01-01
H-6339	2025-01-01
H-6340	2025-01-01
H-6341	2025-01-01
H-6342	2025-01-01
H-6343	2025-01-01
H-6344	2025-01-01
H-6345	2025-01-01
H-6346	2025-01-01
H-6347	2025-01-01
H-6348	2025-01-01
H-6349	2025-01-01
H-6350	2025-01-01
H-6351	2025-01-01
H-6352	2025-01-01
H-6353	2025-01-01
H-6354	2025-01-01
H-6355	2025-01-01
H-6356	2025-01-01
H-6357	2025-01-01
H-6358	2025-01-01
H-6359	2025-01-01
H-6360	2025-01-01
H-6361	2025-01-01
H-6362	2025-01-01
H-6363	2025-01-01
H-6364	2025-01-01
H-6365	2025-01-01
H-6366	2025-01-01
H-6367	2025-01-01
H-6368	2025-01-01
H-6369	2025-01-01
H-6370	2025-01-01
H-6371	2025-01-01
H-6372	2025-01-01
H-6373	2025-01-01
H-6374	2025-01-01
H-6375	2025-01-01
H-6376	2025-01-01
H-6377	2025-01-01
H-6378	2025-01-01
H-6379	2025-01-01
H-6380	2025-01-01
H-6381	2025-01-01
H-6382	2025-01-01
H-6383	2025-01-01
H-6384	2025-01-01
H-6385	2025-01-01
H-6386	2025-01-01
H-6387	2025-01-01
H-6388	2025-01-01
H-6389	2025-01-01
H-6390	2025-01-01
H-6391	2025-01-01
H-6392	2025-01-01
H-6393	2025-01-01
H-6394	2025-01-01
H-6395	2025-01-01
H-6396	2025-01-01
H-6397	2025-01-01
H-6398	2025-01-01
H-6399	2025-01-01
H-6400	2025-01-01
H-6401	2025-01-01
H-6402	2025-01-01
H-6403	2025-01-01
H-6404	2025-01-01
H-6405	2025-01-01
H-6406	2025-01-01
H-6407	2025-01-01
H-6408	2025-01-01
H-6409	2025-01-01
H-6410	2025-01-01
H-6411	2025-01-01
H-6412	2025-01-01
H-6413	2025-01-01
H-6414	2025-01-01
H-6415	2025-01-01
H-6416	2025-01-01
H-6417	2025-01-01
H-6418	2025-01-01
H-6419	2025-01-01
H-6420	2025-01-01
H-6421	2025-01-01
H-6422	2025-01-01
H-6423	2025-01-01
H-6424	2025-01-01
H-6425	2025-01-01
H-6426	2025-01-01
H-6427	2025-01-01
H-6428	2025-01-01
H-6429	2025-01-01
H-6430	2025-01-01
H-6431	2025-01-01
H-6432	2025-01-01
H-6433	2025-01-01
H-6434	2025-01-01
H-6435	2025-01-01
H-6436	2025-01-01
H-6437	2025-01-01
H-6438	2025-01-01
H-6439	2025-01-01
H-6440	2025-01-01
H-6441	2025-01-01
H-6442	2025-01-01
H-6443	2025-01-01
H-6444	2025-01-01
H-6445	2025-01-01
H-6446	2025-01-01
H-6447	2025-01-01
H-6448	2025-01-01
H-6449	2025-01-01
H-6450	2025-01-01
H-6451	2025-01-01
H-6452	2025-01-01
H-6453	2025-01-01
H-6454	2025-01-01
H-6455	2025-01-01
H-6456	2025-01-01
H-6457	2025-01-01
H-6458	2025-01-01
H-6459	2025-01-01
H-6460	2025-01-01
H-6461	2025-01-01
H-6462	2025-01-01
H-6463	2025-01-01
H-6464	2025-01-01
H-6465	2025-01-01
H-6466	2025-01-01
H-6467	2025-01-01
H-6468	2025-01-01
H-6469	2025-01-01
H-6470	2025-01-01
H-6471	2025-01-01
H-6472	2025-01-01
H-6473	2025-01-01
H-6474	2025-01-01
H-6475	2025-01-01
H-6476	2025-01-01
H-6477	2025-01-01
H-6478	2025-01-01
H-6479	2025-01-01
H-6480	2025-01-01
H-6481	2025-01-01
H-6482	2025-01-01
H-6483	2025-01-01
H-6484	2025-01-01
H-6485	2025-01-01
H-6486	2025-01-01
H-6487	2025-01-01
H-6488	2025-01-01
H-6489	2025-01-01
H-6490	2025-01-01
H-6491	2025-01-01
H-6492	2025-01-01
H-6493	2025-01-01
H-6494	2025-01-01
H-6495	2025-01-01
H-6496	2025-01-01
H-6497	2025-01-01
H-6498	2025-01-01
H-6499	2025-01-01
H-6500	2025-01-01
H-6501	2025-01-01
H-6502	2025-01-01
H-6503	2025-01-01
H-6504	2025-01-01
H-6505	2025-01-01
H-6506	2025-01-01
H-6507	2025-01-01
H-6508	2025-01-01
H-6509	2025-01-01
H-6510	2025-01-01
H-6511	2025-01-01
H-6512	2025-01-01
H-6513	2025-01-01
H-6514	2025-01-01
H-6515	2025-01-01
H-6516	2025-01-01
H-6517	2025-01-01
H-6518	2025-01-01
H-6519	2025-01-01
H-6520	2025-01-01
H-6521	2025-01-01
H-6522	2025-01-01
H-6523	2025-01-01
H-6524	2025-01-01
H-6525	2025-01-01
H-6526	2025-01-01
H-6527	2025-01-01
H-6528	2025-01-01
H-6529	2025-01-01
H-6530	2025-01-01
H-6531	2025-01-01
H-6532	2025-01-01
H-6533	2025-01-01
H-6534	2025-01-01
H-6535	2025-01-01
H-6536	2025-01-01
H-6537	2025-01-01
H-6538	2025-01-01
H-6539	2025-01-01
H-6540	2025-01-01
H-6541	2025-01-01
H-6542	2025-01-01
H-6543	2025-01-01
H-6544	2025-01-01
H-6545	2025-01-01
H-6546	2025-01-01
H-6547	2025-01-01
H-6548	2025-01-01
H-6549	2025-01-01
H-6550	2025-01-01
H-6551	2025-01-01
H-6552	2025-01-01
H-6553	2025-01-01
H-6554	2025-01-01
H-6555	2025-01-01
H-6556	2025-01-01
H-6557	2025-01-01
H-6558	2025-01-01
H-6559	2025-01-01
H-6560	2025-01-01
H-6561	2025-01-01
H-6562	2025-01-01
H-6563	2025-01-01
H-6564	2025-01-01
H-6565	2025-01-01
H-6566	2025-01-01
H-6567	2025-01-01
H-6568	2025-01-01
H-6569	2025-01-01
H-6570	2025-01-01
H-6571	2025-01-01
H-6572	2025-01-01
H-6573	2025-01-01
H-6574	2025-01-01
H-6575	2025-01-01
H-6576	2025-01-01
H-6577	2025-01-01
H-6578	2025-01-01
H-6579	2025-01-01
H-6580	2025-01-01
H-6581	2025-01-01
H-6582	2025-01-01
H-6583	2025-01-01
H-6584	2025-01-01
H-6585	2025-01-01
H-6586	2025-01-01
H-6587	2025-01-01
H-6588	2025-01-01
H-6589	2025-01-01
H-6590	2025-01-01
H-6591	2025-01-01
H-6592	2025-01-01
H-6593	2025-01-01
H-6594	2025-01-01
H-6595	2025-01-01
H-6596	2025-01-01
H-6597	2025-01-01
H-6598	2025-01-01
H-6599	2025-01-01
H-6600	2025-01-01
H-6601	2025-01-01
H-6602	2025-01-01
H-6603	2025-01-01
H-6604	2025-01-01
H-6605	2025-01-01
H-6606	2025-01-01
H-6607	2025-01-01
H-6608	2025-01-01
H-6609	2025-01-01
H-6610	2025-01-01
H-6611	2025-01-01
H-6612	2025-01-01
H-6613	2025-01-01
H-6614	2025-01-01
H-6615	2025-01-01
H-6616	2025-01-01
H-6617	2025-01-01
H-6618	2025-01-01
H-6619	2025-01-01
H-6620	2025-01-01
H-6621	2025-01-01
H-6622	2025-01-01
H-6623	2025-01-01
H-6624	2025-01-01
H-6625	2025-01-01
H-6626	2025-01-01
H-6627	2025-01-01
H-6628	2025-01-01
H-6629	2025-01-01
H-6630	2025-01-01
H-6631	2025-01-01
H-6632	2025-01-01
H-6633	2025-01-01
H-6634	2025-01-01
H-6635	2025-01-01
H-6636	2025-01-01
H-6637	2025-01-01
H-6638	2025-01-01
H-6639	2025-01-01
H-6640	2025-01-01
H-6641	2025-01-01
H-6642	2025-01-01
H-6643	2025-01-01
H-6644	2025-01-01
H-6645	2025-01-01
H-6646	2025-01-01
H-6647	2025-01-01
H-6648	2025-01-01
H-6649	2025-01-01
H-6650	2025-01-01
H-6651	2025-01-01
H-6652	2025-01-01
H-6653	2025-01-01
H-6654	2025-01-01
H-6655	2025-01-01
H-6656	2025-01-01
H-6657	2025-01-01
H-6658	2025-01-01
H-6659	2025-01-01
H-6660	2025-01-01
H-6661	2025-01-01
H-6662	2025-01-01
H-6663	2025-01-01
H-6664	2025-01-01
H-6665	2025-01-01
H-6666	2025-01-01
H-6667	2025-01-01
H-6668	2025-01-01
H-6669	2025-01-01
H-6670	2025-01-01
H-6671	2025-01-01
H-6672	2025-01-01
H-6673	2025-01-01
H-6674	2025-01-01
H-6675	2025-01-01
H-6676	2025-01-01
H-6677	2025-01-01
H-6678	2025-01-01
H-6679	2025-01-01
H-6680	2025-01-01
H-6681	2025-01-01
H-6682	2025-01-01
H-6683	2025-01-01
H-6684	2025-01-01
H-6685	2025-01-01
H-6686	2025-01-01
H-6687	2025-01-01
H-6688	2025-01-01
H-6689	2025-01-01
H-6690	2025-01-01
H-6691	2025-01-01
H-6692	2025-01-01
H-6693	2025-01-01
H-6694	2025-01-01
H-6695	2025-01-01
H-6696	2025-01-01
H-6697	2025-01-01
H-6698	2025-01-01
H-6699	2025-01-01
H-6700	2025-01-01
H-6701	2025-01-01
H-6702	2025-01-01
H-6703	2025-01-01
H-6704	2025-01-01
H-6705	2025-01-01
H-6706	2025-01-01
H-6707	2025-01-01
H-6708	2025-01-01
H-6709	2025-01-01
H-6710	2025-01-01
H-6711	2025-01-01
H-6712	2025-01-01
H-6713	2025-01-01
H-6714	2025-01-01
H-6715	2025-01-01
H-6716	2025-01-01
H-6717	2025-01-01
H-6718	2025-01-01
H-6719	2025-01-01
H-6720	2025-01-01
H-6721	2025-01-01
H-6722	2025-01-01
H-6723	2025-01-01
H-6724	2025-01-01
H-6725	2025-01-01
H-6726	2025-01-01
H-6727	2025-01-01
H-6728	2025-01-01
H-6729	2025-01-01
H-6730	2025-01-01
H-6731	2025-01-01
H-6732	2025-01-01
H-6733	2025-01-01
H-6734	2025-01-01
H-6735	2025-01-01
H-6736	2025-01-01
H-6737	2025-01-01
H-6738	2025-01-01
H-6739	2025-01-01
H-6740	2025-01-01
H-6741	2025-01-01
H-6742	2025-01-01
H-6743	2025-01-01
H-6744	2025-01-01
H-6745	2025-01-01
H-6746	2025-01-01
H-6747	2025-01-01
H-6748	2025-01-01
H-6749	2025-01-01
H-6750	2025-01-01
H-6751	2025-01-01
H-6752	2025-01-01
H-6753	2025-01-01
H-6754	2025-01-01
H-6755	2025-01-01
H-6756	2025-01-01
H-6757	2025-01-01
H-6758	2025-01-01
H-6759	2025-01-01
H-6760	2025-01-01
H-6761	2025-01-01
H-6762	2025-01-01
H-6763	2025-01-01
H-6764	2025-01-01
H-6765	2025-01-01
H-6766	2025-01-01
H-6767	2025-01-01
H-6768	2025-01-01
H-6769	2025-01-01
H-6770	2025-01-01
H-6771	2025-01-01
H-6772	2025-01-01
H-6773	2025-01-01
H-6774	2025-01-01
H-6775	2025-01-01
H-6776	2025-01-01
H-6777	2025-01-01
H-6778	2025-01-01
H-6779	2025-01-01
H-6780	2025-01-01
H-6781	2025-01-01
H-6782	2025-01-01
H-6783	2025-01-01
H-6784	2025-01-01
H-6785	2025-01-01
H-6786	2025-01-01
H-6787	2025-01-01
H-6788	2025-01-01
H-6789	2025-01-01
H-6790	2025-01-01
H-6791	2025-01-01
H-6792	2025-01-01
H-6793	2025-01-01
H-6794	2025-01-01
H-6795	2025-01-01
H-6796	2025-01-01
H-6797	2025-01-01
H-6798	2025-01-01
H-6799	2025-01-01
H-6800	2025-01-01
H-6801	2025-01-01
H-6802	2025-01-01
H-6803	2025-01-01
H-6804	2025-01-01
H-6805	2025-01-01
H-6806	2025-01-01
H-6807	2025-01-01
H-6808	2025-01-01
H-6809	2025-01-01
H-6810	2025-01-01
H-6811	2025-01-01
H-6812	2025-01-01
H-6813	2025-01-01
H-6814	2025-01-01
H-6815	2025-01-01
H-6816	2025-01-01
H-6817	2025-01-01
H-6818	2025-01-01
H-6819	2025-01-01
H-6820	2025-01-01
H-6821	2025-01-01
H-6822	2025-01-01
H-6823	2025-01-01
H-6824	2025-01-01
H-6825	2025-01-01
H-6826	2025-01-01
H-6827	2025-01-01
H-6828	2025-01-01
H-6829	2025-01-01
H-6830	2025-01-01
H-6831	2025-01-01
H-6832	2025-01-01
H-6833	2025-01-01
H-6834	2025-01-01
H-6835	2025-01-01
H-6836	2025-01-01
H-6837	2025-01-01
H-6838	2025-01-01
H-6839	2025-01-01
H-6840	2025-01-01
H-6841	2025-01-01
H-6842	2025-01-01
H-6843	2025-01-01
H-6844	2025-01-01
H-6845	2025-01-01
H-6846	2025-01-01
H-6847	2025-01-01
H-6848	2025-01-01
H-6849	2025-01-01
H-6850	2025-01-01
H-6851	2025-01-01
H-6852	2025-01-01
H-6853	2025-01-01
H-6854	2025-01-01
H-6855	2025-01-01
H-6856	2025-01-01
H-6857	2025-01-01
H-6858	2025-01-01
H-6859	2025-01-01
H-6860	2025-01-01
H-6861	2025-01-01
H-6862	2025-01-01
H-6863	2025-01-01
H-6864	2025-01-01
H-6865	2025-01-01
H-6866	2025-01-01
H-6867	2025-01-01
H-6868	2025-01-01
H-6869	2025-01-01
H-6870	2025-01-01
H-6871	2025-01-01
H-6872	2025-01-01
H-6873	2025-01-01
H-6874	2025-01-01
H-6875	2025-01-01
H-6876	2025-01-01
H-6877	2025-01-01
H-6878	2025-01-01
H-6879	2025-01-01
H-6880	2025-01-01
H-6881	2025-01-01
H-6882	2025-01-01
H-6883	2025-01-01
H-6884	2025-01-01
H-6885	2025-01-01
H-6886	2025-01-01
H-6887	2025-01-01
H-6888	2025-01-01
H-6889	2025-01-01
H-6890	2025-01-01
H-6891	2025-01-01
H-6892	2025-01-01
H-6893	2025-01-01
H-6894	2025-01-01
H-6895	2025-01-01
H-6896	2025-01-01
H-6897	2025-01-01
H-6898	2025-01-01
H-6899	2025-01-01
H-6900	2025-01-01
H-6901	2025-01-01
H-6902	2025-01-01
H-6903	2025-01-01
H-6904	2025-01-01
H-6905	2025-01-01
H-6906	2025-01-01
H-6907	2025-01-01
H-6908	2025-01-01
H-6909	2025-01-01
H-6910	2025-01-01
H-6911	2025-01-01
H-6912	2025-01-01
H-6913	2025-01-01
H-6914	2025-01-01
H-6915	2025-01-01
H-6916	2025-01-01
H-6917	2025-01-01
H-6918	2025-01-01
H-6919	2025-01-01
H-6920	2025-01-01
H-6921	2025-01-01
H-6922	2025-01-01
H-6923	2025-01-01
H-6924	2025-01-01
H-6925	2025-01-01
H-6926	2025-01-01
H-6927	2025-01-01
H-6928	2025-01-01
H-6929	2025-01-01
H-6930	2025-01-01
H-6931	2025-01-01
H-6932	2025-01-01
H-6933	2025-01-01
H-6934	2025-01-01
H-6935	2025-01-01
H-6936	2025-01-01
H-6937	2025-01-01
H-6938	2025-01-01
H-6939	2025-01-01
H-6940	2025-01-01
H-6941	2025-01-01
H-6942	2025-01-01
H-6943	2025-01-01
H-6944	2025-01-01
H-6945	2025-01-01
H-6946	2025-01-01
H-6947	2025-01-01
H-6948	2025-01-01
H-6949	2025-01-01
H-6950	2025-01-01
H-6951	2025-01-01
H-6952	2025-01-01
H-6953	2025-01-01
H-6954	2025-01-01
H-6955	2025-01-01
H-6956	2025-01-01
H-6957	2025-01-01
H-6958	2025-01-01
H-6959	2025-01-01
H-6960	2025-01-01
H-6961	2025-01-01
H-6962	2025-01-01
H-6963	2025-01-01
H-6964	2025-01-01
H-6965	2025-01-01
H-6966	2025-01-01
H-6967	2025-01-01
H-6968	2025-01-01
H-6969	2025-01-01
H-6970	2025-01-01
H-6971	2025-01-01
H-6972	2025-01-01
H-6973	2025-01-01
H-6974	2025-01-01
H-6975	2025-01-01
H-6976	2025-01-01
H-6977	2025-01-01
H-6978	2025-01-01
H-6979	2025-01-01
H-6980	2025-01-01
H-6981	2025-01-01
H-6982	2025-01-01
H-6983	2025-01-01
H-6984	2025-01-01
H-6985	2025-01-01
H-6986	2025-01-01
H-6987	2025-01-01
H-6988	2025-01-01
H-6989	2025-01-01
H-6990	2025-01-01
H-6991	2025-01-01
H-6992	2025-01-01
H-6993	2025-01-01
H-6994	2025-01-01
H-6995	2025-01-01
H-6996	2025-01-01
H-6997	2025-01-01
H-6998	2025-01-01
H-6999	2025-01-01
H-7000	2025-01-01
H-7001	2025-01-01
H-7002	2025-01-01
H-7003	2025-01-01
H-7004	2025-01-01
H-7005	2025-01-01
H-7006	2025-01-01
H-7007	2025-01-01
H-7008	2025-01-01
H-7009	2025-01-01
H-7010	2025-01-01
H-7011	2025-01-01
H-7012	2025-01-01
H-7013	2025-01-01
H-7014	2025-01-01
H-7015	2025-01-01
H-7016	2025-01-01
H-7017	2025-01-01
H-7018	2025-01-01
H-7019	2025-01-01
H-7020	2025-01-01
H-7021	2025-01-01
H-7022	2025-01-01
H-7023	2025-01-01
H-7024	2025-01-01
H-7025	2025-01-01
H-7026	2025-01-01
H-7027	2025-01-01
H-7028	2025-01-01
H-7029	2025-01-01
H-7030	2025-01-01
H-7031	2025-01-01
H-7032	2025-01-01
H-7033	2025-01-01
H-7034	2025-01-01
H-7035	2025-01-01
H-7036	2025-01-01
H-7037	2025-01-01
H-7038	2025-01-01
H-7039	2025-01-01
H-7040	2025-01-01
H-7041	2025-01-01
H-7042	2025-01-01
H-7043	2025-01-01
H-7044	2025-01-01
H-7045	2025-01-01
H-7046	2025-01-01
H-7047	2025-01-01
H-7048	2025-01-01
H-7049	2025-01-01
H-7050	2025-01-01
H-7051	2025-01-01
H-7052	2025-01-01
H-7053	2025-01-01
H-7054	2025-01-01
H-7055	2025-01-01
H-7056	2025-01-01
H-7057	2025-01-01
H-7058	2025-01-01
H-7059	2025-01-01
H-7060	2025-01-01
H-7061	2025-01-01
H-7062	2025-01-01
H-7063	2025-01-01
H-7064	2025-01-01
H-7065	2025-01-01
H-7066	2025-01-01
H-7067	2025-01-01
H-7068	2025-01-01
H-7069	2025-01-01
H-7070	2025-01-01
H-7071	2025-01-01
H-7072	2025-01-01
H-7073	2025-01-01
H-7074	2025-01-01
H-7075	2025-01-01
H-7076	2025-01-01
H-7077	2025-01-01
H-7078	2025-01-01
H-7079	2025-01-01
H-7080	2025-01-01
H-7081	2025-01-01
H-7082	2025-01-01
H-7083	2025-01-01
H-7084	2025-01-01
H-7085	2025-01-01
H-7086	2025-01-01
H-7087	2025-01-01
H-7088	2025-01-01
H-7089	2025-01-01
H-7090	2025-01-01
H-7091	2025-01-01
H-7092	2025-01-01
H-7093	2025-01-01
H-7094	2025-01-01
H-7095	2025-01-01
H-7096	2025-01-01
H-7097	2025-01-01
H-7098	2025-01-01
H-7099	2025-01-01
H-7100	2025-01-01
H-7101	2025-01-01
H-7102	2025-01-01
H-7103	2025-01-01
H-7104	2025-01-01
H-7105	2025-01-01
H-7106	2025-01-01
H-7107	2025-01-01
H-7108	2025-01-01
H-7109	2025-01-01
H-7110	2025-01-01
H-7111	2025-01-01
H-7112	2025-01-01
H-7113	2025-01-01
H-7114	2025-01-01
H-7115	2025-01-01
H-7116	2025-01-01
H-7117	2025-01-01
H-7118	2025-01-01
H-7119	2025-01-01
H-7120	2025-01-01
H-7121	2025-01-01
H-7122	2025-01-01
H-7123	2025-01-01
H-7124	2025-01-01
H-7125	2025-01-01
H-7126	2025-01-01
H-7127	2025-01-01
H-7128	2025-01-01
H-7129	2025-01-01
H-7130	2025-01-01
H-7131	2025-01-01
H-7132	2025-01-01
H-7133	2025-01-01
H-7134	2025-01-01
H-7135	2025-01-01
H-7136	2025-01-01
H-7137	2025-01-01
H-7138	2025-01-01
H-7139	2025-01-01
H-7140	2025-01-01
H-7141	2025-01-01
H-7142	2025-01-01
H-7143	2025-01-01
H-7144	2025-01-01
H-7145	2025-01-01
H-7146	2025-01-01
H-7147	2025-01-01
H-7148	2025-01-01
H-7149	2025-01-01
H-7150	2025-01-01
H-7151	2025-01-01
H-7152	2025-01-01
H-7153	2025-01-01
H-7154	2025-01-01
H-7155	2025-01-01
H-7156	2025-01-01
H-7157	2025-01-01
H-7158	2025-01-01
H-7159	2025-01-01
H-7160	2025-01-01
H-7161	2025-01-01
H-7162	2025-01-01
H-7163	2025-01-01
H-7164	2025-01-01
H-7165	2025-01-01
H-7166	2025-01-01
H-7167	2025-01-01
H-7168	2025-01-01
H-7169	2025-01-01
H-7170	2025-01-01
H-7171	2025-01-01
H-7172	2025-01-01
H-7173	2025-01-01
H-7174	2025-01-01
H-7175	2025-01-01
H-7176	2025-01-01
H-7177	2025-01-01
H-7178	2025-01-01
H-7179	2025-01-01
H-7180	2025-01-01
H-7181	2025-01-01
H-7182	2025-01-01
H-7183	2025-01-01
H-7184	2025-01-01
H-7185	2025-01-01
H-7186	2025-01-01
H-7187	2025-01-01
H-7188	2025-01-01
H-7189	2025-01-01
H-7190	2025-01-01
H-7191	2025-01-01
H-7192	2025-01-01
H-7193	2025-01-01
H-7194	2025-01-01
H-7195	2025-01-01
H-7196	2025-01-01
H-7197	2025-01-01
H-7198	2025-01-01
H-7199	2025-01-01
H-7200	2025-01-01
H-7201	2025-01-01
H-7202	2025-01-01
H-7203	2025-01-01
H-7204	2025-01-01
H-7205	2025-01-01
H-7206	2025-01-01
H-7207	2025-01-01
H-7208	2025-01-01
H-7209	2025-01-01
H-7210	2025-01-01
H-7211	2025-01-01
H-7212	2025-01-01
H-7213	2025-01-01
H-7214	2025-01-01
H-7215	2025-01-01
H-7216	2025-01-01
H-7217	2025-01-01
H-7218	2025-01-01
H-7219	2025-01-01
H-7220	2025-01-01
H-7221	2025-01-01
H-7222	2025-01-01
H-7223	2025-01-01
H-7224	2025-01-01
H-7225	2025-01-01
H-7226	2025-01-01
H-7227	2025-01-01
H-7228	2025-01-01
H-7229	2025-01-01
H-7230	2025-01-01
H-7231	2025-01-01
H-7232	2025-01-01
H-7233	2025-01-01
H-7234	2025-01-01
H-7235	2025-01-01
H-7236	2025-01-01
H-7237	2025-01-01
H-7238	2025-01-01
H-7239	2025-01-01
H-7240	2025-01-01
H-7241	2025-01-01
H-7242	2025-01-01
H-7243	2025-01-01
H-7244	2025-01-01
H-7245	2025-01-01
H-7246	2025-01-01
H-7247	2025-01-01
H-7248	2025-01-01
H-7249	2025-01-01
H-7250	2025-01-01
H-7251	2025-01-01
H-7252	2025-01-01
H-7253	2025-01-01
H-7254	2025-01-01
H-7255	2025-01-01
H-7256	2025-01-01
H-7257	2025-01-01
H-7258	2025-01-01
H-7259	2025-01-01
H-7260	2025-01-01
H-7261	2025-01-01
H-7262	2025-01-01
H-7263	2025-01-01
H-7264	2025-01-01
H-7265	2025-01-01
H-7266	2025-01-01
H-7267	2025-01-01
H-7268	2025-01-01
H-7269	2025-01-01
H-7270	2025-01-01
H-7271	2025-01-01
H-7272	2025-01-01
H-7273	2025-01-01
H-7274	2025-01-01
H-7275	2025-01-01
H-7276	2025-01-01
H-7277	2025-01-01
H-7278	2025-01-01
H-7279	2025-01-01
H-7280	2025-01-01
H-7281	2025-01-01
H-7282	2025-01-01
H-7283	2025-01-01
H-7284	2025-01-01
H-7285	2025-01-01
H-7286	2025-01-01
H-7287	2025-01-01
H-7288	2025-01-01
H-7289	2025-01-01
H-7290	2025-01-01
H-7291	2025-01-01
H-7292	2025-01-01
H-7293	2025-01-01
H-7294	2025-01-01
H-7295	2025-01-01
H-7296	2025-01-01
H-7297	2025-01-01
