ID,collection_date,longitude,latitude
1,2024-02-04,4004015.87453204,2959204.8747457
2,2024-02-22,4003786.44531121,2955489.10320492
3,2024-03-08,4004857.0149496,2957774.01015125
4,2024-03-13,3999207.80693268,2956632.16415192
5,2024-03-27,4001154.06038463,2955775.87261358
6,2024-03-08,4003360.5942097,2959592.67804761
7,2024-03-19,4004491.47034784,2956130.95744542
8,2024-04-04,4004913.66857407,2956462.20035493
9,2024-04-03,4004753.03811635,2956843.38678319
10,2024-04-05,4007100.68957937,2957635.69419474
11,2024-04-13,3997326.69284519,2957709.41571068
12,2024-04-16,4005358.24506243,2951906.4194431
13,2024-04-22,3999797.82755249,2956499.39068066
14,2024-04-22,3998463.69936429,2954465.71324528
15,2024-04-24,3999394.73691364,2954719.23132906
16,2024-04-25,4010785.14423905,2951609.82972335
17,2024-04-28,3998007.19594794,2956876.69757812
18,2024-04-24,4000249.61958553,2962208.3002874
19,2024-04-28,4004944.13069709,2957362.24230009
20,2024-05-04,4004919.84275598,2953189.99353743
21,2024-04-29,4004401.29737393,2953396.3421205
22,2024-05-05,3999738.07909967,2953685.90333976
23,2024-05-09,4004047.79507976,2955629.5525917
24,2024-05-07,3997311.65170872,2960416.26324499
25,2024-05-08,3998083.09608978,2953763.76946501
26,2024-05-12,4002240.39712476,2953681.62294904
27,2024-04-30,4005718.99497437,2954558.09322802
28,2024-05-18,3998454.58830987,2951613.07043461
29,2024-05-11,4001049.0399243,2962251.72121653
30,2024-05-08,3997816.45926372,2952999.51168221
31,2024-05-20,4007100.57726421,2959537.53768526
32,2024-05-08,4008493.44286344,2954900.47085072
33,2024-05-22,3998290.41644349,2952002.22843319
34,2024-05-20,4009043.95356538,2954920.74939626
35,2024-05-23,3997083.42935616,2955313.41527246
36,2024-05-26,3998916.64319052,2951524.21773175
37,2024-05-26,3999861.92599174,2959776.65318213
38,2024-05-29,4002089.51775943,2953205.03239395
39,2024-05-27,4000606.11828541,2958833.56918938
40,2024-06-01,4004301.1251793,2953016.93290227
41,2024-05-21,4003317.17420966,2953976.14732886
42,2024-06-02,4006192.47931361,2956582.03639096
43,2024-05-17,4001458.59737403,2969273.78498018
44,2024-05-30,4009100.3621346,2959893.37556104
45,2024-06-01,4000258.79035522,2946756.72469094
46,2024-06-04,4004194.09333207,2959292.19391663
47,2024-06-02,4003218.12222241,2949226.52619506
48,2024-06-04,4009258.49709308,2956438.95691357
49,2024-05-30,4006582.35202476,2955423.41680072
50,2024-05-24,3996293.65175279,2955250.72058437
51,2024-06-10,4000047.02745364,2941771.64962448
52,2024-05-22,3997839.30451642,2958825.93799838
53,2024-06-11,3996588.46521925,2954843.69504811
54,2024-06-07,3998045.12484365,2956401.42015321
55,2024-06-12,4004520.18741182,2952825.68805946
56,2024-06-02,3997785.51538567,2954283.56554891
57,2024-06-13,4004064.77747011,2952036.44374035
58,2024-06-15,3994724.70816148,2954867.26011726
59,2024-06-02,4005376.01402185,2951788.83045587
60,2024-06-10,3998390.79419457,2958904.34016152
61,2024-06-03,3997435.77835574,2956565.71739422
62,2024-06-17,4001385.64074184,2955242.54695811
63,2024-05-28,4003062.81087576,2949363.69103745
64,2024-06-20,3998682.95591896,2953658.06044669
65,2024-06-16,4003472.49251228,2956491.54255715
66,2024-06-19,4004490.98834419,2953247.47241834
67,2024-06-17,3993178.40331176,2956674.60459947
68,2024-06-04,3992902.55809147,2956784.676532
69,2024-06-03,4003904.52361881,2958412.45470657
70,2024-06-11,4018766.38244958,2956884.70544322
71,2024-06-20,4001214.75089794,2952418.28135644
72,2024-06-22,4003743.82445429,2950003.71941047
73,2024-06-14,3998453.79102759,2955466.38960321
74,2024-06-20,4003603.85159183,2953457.30660417
75,2024-06-01,4004886.58484775,2959208.32331969
76,2024-06-19,4005328.58869262,2958259.0635619
77,2024-06-20,4005385.25024647,2954559.78676149
78,2024-06-27,3998108.2509167,2958494.57914191
79,2024-06-11,4001881.93498572,2954585.68103118
80,2024-06-22,3998696.90587119,2959708.26621889
81,2024-06-20,3997712.92887278,2954069.06673177
82,2024-06-16,3995253.56956071,2939775.18923357
83,2024-06-18,3998952.50530484,2946617.15239147
84,2024-06-28,4010252.54688073,2952863.02000281
85,2024-06-27,3996791.54592391,2941627.35632362
86,2024-06-14,4007202.64846915,2957015.9418098
87,2024-06-27,3999312.75559965,2970005.89258076
88,2024-06-14,4003962.86094233,2957440.26242922
89,2024-06-23,4005165.29092997,2952087.31849944
90,2024-06-27,4000710.98039732,2947068.75761802
91,2024-06-28,4012938.94445762,2957718.27587185
92,2024-06-30,3996602.02496248,2956012.43587233
93,2024-07-01,3996056.19450006,2942532.07092124
94,2024-06-20,3992893.37746849,2956419.16695592
95,2024-06-10,4004844.72206275,2951863.22659777
96,2024-06-28,3998155.10039076,2956012.0793146
97,2024-06-18,3999691.07010808,2955900.49143121
98,2024-06-25,3996806.74260886,2955077.3705615
99,2024-06-28,3993928.90436263,2956523.45053305
100,2024-06-13,3997584.93866929,2958348.31613269
101,2024-06-13,3994748.16878908,2955889.5550543
102,2024-06-30,4013745.97488032,2959891.28547392
103,2024-06-19,4005025.83086718,2954122.96150192
104,2024-07-02,4009191.53927837,2943808.66072702
105,2024-07-03,3998634.59023941,2959133.68844309
106,2024-07-04,4001101.38666416,2953713.47521704
107,2024-06-18,3996589.67745625,2941012.34995336
108,2024-06-29,4001966.92181369,2955988.64253571
109,2024-07-03,4008314.45476863,2956331.79674899
110,2024-07-12,3999011.52739727,2942180.11755362
111,2024-07-07,4001102.15077185,2954885.23481826
112,2024-06-26,4006093.21291253,2954423.70708239
113,2024-07-09,4004088.5956604,2956991.75785746
114,2024-07-09,4000874.25010114,2955689.18517426
115,2024-07-08,4014100.49896573,2959411.63460454
116,2024-06-23,4006077.65227222,2950773.07083653
117,2024-06-22,3998716.91144535,2958485.9829553
118,2024-07-09,4006300.70377464,2956654.1057023
119,2024-07-09,4011081.79596845,2957070.5446377
120,2024-06-26,3999901.46933237,2954005.52686726
121,2024-06-29,4006284.93118619,2942483.317914
122,2024-07-16,3999464.10536239,2958016.25301441
123,2024-07-01,4004318.18383025,2953303.16919859
124,2024-07-05,3999233.94677829,2935992.93415248
125,2024-07-19,4002488.67671627,2954073.78305134
126,2024-07-04,4007280.03903303,2954785.05422884
127,2024-07-09,4003363.19246101,2943761.98126568
128,2024-06-29,4003250.41002819,2956481.97648541
129,2024-07-12,3995094.7570978,2955309.05573003
130,2024-07-16,4006216.9699365,2968481.92373463
131,2024-06-28,4001585.99675503,2945189.21143254
132,2024-07-10,4005169.97089204,2952632.49838639
133,2024-07-16,3997832.25156374,2954611.98153646
134,2024-07-04,4001502.33892656,2944417.922414
135,2024-07-15,4008072.66745633,2944621.2381471
136,2024-07-14,4007168.73537244,2958789.54894614
137,2024-07-15,3999234.52363666,2956893.71694859
138,2024-07-08,3999382.99946248,2959264.10030632
139,2024-07-19,3997946.89801604,2957967.40730312
140,2024-07-06,4009071.97283088,2957438.79341202
141,2024-07-05,4011116.12340393,2958213.86834769
142,2024-07-17,4001333.04392862,2957254.01425492
143,2024-07-16,3999340.93696774,2946410.68867014
144,2024-07-07,4008955.46696904,2955468.97131439
145,2024-07-19,3994729.96264532,2952869.05316852
146,2024-07-21,4017075.7365826,2966590.20573313
147,2024-07-22,4014273.45134572,2959903.08823793
148,2024-06-30,3995101.74098418,2928985.25966628
149,2024-07-03,3996801.20185815,2971481.58842616
150,2024-06-27,3999952.13197397,2944612.24860791
151,2024-07-22,3997949.2613063,2943465.73189468
152,2024-07-20,4008567.75710747,2953583.95659625
153,2024-07-22,3997685.66369125,2955167.8795387
154,2024-07-22,4013148.86709656,2959842.40941435
155,2024-07-11,4000527.39660186,2953268.59560645
156,2024-07-20,4003042.27492463,2956317.75801494
157,2024-07-23,4001820.74234426,2953544.97343815
158,2024-07-25,4000675.77213213,2940133.85740593
159,2024-07-22,4009002.60089855,2954445.75131752
160,2024-07-23,4007596.47902012,2953714.52255864
161,2024-07-25,4005510.13960563,2956149.1380604
162,2024-07-25,3999004.42630167,2959134.80203251
163,2024-07-01,3998612.36308982,2957873.05428345
164,2024-07-27,4001649.94481031,2957331.01456705
165,2024-07-19,4006575.32534344,2955510.12392456
166,2024-07-16,4003589.66098318,2973677.89208441
167,2024-07-26,4001925.5808763,2954281.75043507
168,2024-07-28,3998839.91284205,2956445.08052302
169,2024-07-19,3999359.39281843,2952094.57753377
170,2024-07-26,3996923.91153796,2944216.68670943
171,2024-07-24,3993359.05750276,2929805.90267465
172,2024-07-12,3996886.54975174,2939832.82041541
173,2024-07-27,4004256.38462978,2956929.03948571
174,2024-07-18,4002549.94841373,2971259.73177072
175,2024-07-27,4000841.37742678,2970540.16468785
176,2024-07-29,3998076.07349931,2970402.69935248
177,2024-07-21,4007735.76430687,2956603.3603152
178,2024-07-30,4010522.78078105,2959509.84573294
179,2024-07-27,4002672.8118116,2952184.21508759
180,2024-08-02,4004455.77034201,2957385.71392954
181,2024-07-27,4005234.23195898,2943154.53892618
182,2024-07-07,3996018.22156569,2955591.04691646
183,2024-07-15,3998086.72984851,2955145.00424505
184,2024-07-20,3999787.56316093,2943858.80252458
185,2024-07-31,3998720.95112422,2940963.46928924
186,2024-07-24,4000912.48094622,2953078.90575498
187,2024-07-30,4014447.33194126,2958270.19570687
188,2024-08-03,4004683.8928147,2950783.38441733
189,2024-08-01,3999313.96502753,2960084.76069702
190,2024-08-02,4012127.09778721,2958558.06017651
191,2024-07-11,3998746.72846598,2945079.01544347
192,2024-07-15,4011179.32012716,2957199.71227534
193,2024-08-01,4000815.8209859,2956805.90175898
194,2024-08-02,4008746.09797612,2957711.78243588
195,2024-07-17,4008997.85458567,2955480.82357746
196,2024-08-01,4002202.65703325,2971600.87157646
197,2024-08-04,4006059.95672293,2955058.01587788
198,2024-08-03,4011448.55727561,2956910.82226071
199,2024-08-03,3997223.52916856,2956316.43379894
200,2024-08-05,4003925.1160913,2958691.39633827
201,2024-08-08,3995759.09453384,2955182.32022814
202,2024-08-05,3997681.46233685,2942742.78590953
203,2024-08-06,4002718.35748051,2960629.25788397
204,2024-07-16,4007216.63504209,2953726.09140147
205,2024-08-07,4016699.90744695,2951901.8700347
206,2024-07-31,4012883.15596618,2952890.18508883
207,2024-08-05,3998804.11209554,2970576.42629543
208,2024-07-28,4003306.04030231,2959439.61956531
209,2024-07-19,4003493.11001868,2967318.441359
210,2024-08-05,4001459.69394927,2944846.50270573
211,2024-08-07,3995807.20676253,2955285.73162709
212,2024-08-06,4001946.71935167,2952623.39012958
213,2024-07-17,3999005.96022823,2943340.845663
214,2024-08-04,3999793.80852923,2969952.60986363
215,2024-08-02,3997712.28195329,2971546.89154532
216,2024-08-09,3998204.42558831,2951430.07448195
217,2024-08-06,3997587.88461463,2941907.14069712
218,2024-07-21,4009780.4602782,2958282.39614283
219,2024-08-07,4006554.57468537,2958989.53439737
220,2024-08-06,4000735.98029594,2956835.44156429
221,2024-08-07,4006910.31019661,2956975.17177501
222,2024-08-03,3998089.49348494,2945095.54501212
223,2024-08-05,3998115.06377473,2944310.22047639
224,2024-08-07,4011836.87176653,2955667.65582796
225,2024-08-09,3997231.77368379,2953218.77633175
226,2024-08-08,4000075.57268929,2957225.85514954
227,2024-08-11,4016201.33001917,2964282.42367418
228,2024-07-22,4009961.42605251,2955524.34594108
229,2024-08-03,3995630.87757302,2943450.7547252
230,2024-08-13,3997809.27956849,2958526.68582184
231,2024-08-10,4007229.7245129,2954931.17913842
232,2024-08-11,3997448.6853494,2953766.67564409
233,2024-08-13,4014127.71226367,2961557.17865948
234,2024-08-10,3990325.65605972,2940329.95032417
235,2024-08-12,4007767.5726726,2958223.80266861
236,2024-07-19,4004467.32525765,2950923.31686375
237,2024-07-30,3998876.12930939,2940371.53390525
238,2024-08-09,3997464.9803803,2956194.74178533
239,2024-08-14,3996600.72025083,2944243.97910215
240,2024-08-14,3998247.74896952,2946166.48995517
241,2024-08-02,3999337.69032114,2955119.56269308
242,2024-08-09,4008241.83610607,2955492.44142085
243,2024-08-14,4014158.08976172,2961671.41962038
244,2024-08-16,4012581.23283015,2929628.68651766
245,2024-08-13,3990590.66083476,2935303.3886192
246,2024-08-13,3996114.02919338,2969343.20211402
247,2024-08-11,4006047.24893744,2954321.05838503
248,2024-08-13,4001720.59362937,2954411.85028734
249,2024-08-17,4011976.87979748,2952458.65547254
250,2024-08-12,4012411.9315981,2961325.89223127
251,2024-08-13,4003452.59516892,2951245.44821849
252,2024-08-02,4012330.73287957,2959202.45603531
253,2024-08-16,3997625.89119829,2945337.53269946
254,2024-08-09,4002183.03817188,2950181.82241807
255,2024-08-09,4012076.33846051,2944335.59458929
256,2024-08-16,4007383.15754149,2943666.35282168
257,2024-08-04,4003309.85313248,2974498.51617271
258,2024-08-01,4007060.41992657,2955877.7861412
259,2024-08-09,4002896.56449047,2971181.46248667
260,2024-08-20,4001104.0926353,2945076.52891729
261,2024-08-11,4000653.994479,2945437.68576466
262,2024-08-17,4022189.77501035,2953765.25235153
263,2024-08-12,3992890.46516612,2969166.01667972
264,2024-08-12,3989304.32277797,2951570.89389999
265,2024-08-17,3997766.16627321,2944064.20875787
266,2024-08-17,3995984.09476672,2954519.54135737
267,2024-08-17,4000861.63891468,2953936.47201185
268,2024-08-16,3999924.8656994,2940920.75018936
269,2024-08-17,4005500.54173646,2955576.98518997
270,2024-07-31,4007395.31633163,2955431.8506756
271,2024-08-18,4011688.51009132,2958524.42414655
272,2024-08-19,4003506.3381424,2950124.47095256
273,2024-08-16,4009701.33943948,2953144.70099087
274,2024-08-15,4002613.62061342,2954036.55201386
275,2024-08-16,4002252.65196274,2943744.09375093
276,2024-08-22,4017061.78233798,2966011.70938692
277,2024-08-10,4011249.50607686,2958284.65507662
278,2024-08-13,4004793.96441045,2954686.8255588
279,2024-08-23,4015852.96409059,2960166.85056592
280,2024-08-16,3999412.04545154,2955599.22742286
281,2024-08-11,4001266.83297054,2940845.88128308
282,2024-08-20,3998093.54182268,2959112.67596637
283,2024-08-20,4002270.65657107,2942001.82514808
284,2024-08-16,3996616.63638464,2942485.07915747
285,2024-08-16,4001368.06815136,2954531.51262467
286,2024-08-20,3997569.12509381,2939838.47408246
287,2024-08-22,4010102.37119193,2958333.16186747
288,2024-08-20,4001895.46347202,2957199.05547549
289,2024-08-17,3999166.80007503,2958943.46417847
290,2024-08-23,3999556.21397944,2954350.03479905
291,2024-08-16,4010223.63294113,2957430.70322904
292,2024-08-16,4005162.12679832,2955968.57736134
293,2024-07-30,4004144.8674398,2959360.64823344
294,2024-08-04,4001352.01549796,2953246.06233177
295,2024-08-12,4021262.53669021,2949362.74013131
296,2024-08-03,4023113.80806174,2968833.35852199
297,2024-08-18,4000368.47843783,2945356.83390206
298,2024-08-21,4003238.80206133,2955966.69539496
299,2024-08-17,4002387.41222724,2969998.44890353
300,2024-08-06,3997324.92505595,2960732.37376812
301,2024-08-18,4001706.65301532,2958113.20460417
302,2024-08-22,3996851.6203517,2957065.25804265
303,2024-08-05,4006168.27892078,2958180.44661616
304,2024-08-17,3993826.64855683,2956992.12500268
305,2024-08-18,4006430.49447633,2974776.76935784
306,2024-08-22,4004952.92689119,2957433.67495152
307,2024-08-17,4005642.81318141,2956371.6879624
308,2024-08-21,4003706.95793341,2954124.44602033
309,2024-08-24,4001937.92615017,2972052.55320491
310,2024-08-22,3997934.38674299,2969160.64882094
311,2024-08-02,4002738.93709865,2951564.11916552
312,2024-08-09,3991663.60118771,2932641.25459025
313,2024-08-22,4008370.04040646,2955197.62587681
314,2024-08-12,3994992.07706533,2958320.95964976
315,2024-08-22,3995908.64517103,2956417.10828667
316,2024-08-23,4014560.79990095,2959119.52339362
317,2024-08-24,4006448.64897005,2958463.65207225
318,2024-08-21,4012127.47913582,2948884.34897292
319,2024-08-25,4008204.60458369,2954182.16332771
320,2024-08-20,4005281.56059375,2953591.52965314
321,2024-08-08,4004675.91859159,2953376.47510226
322,2024-08-25,4003379.51087744,2958441.02714323
323,2024-08-25,3999578.92515937,2959941.31228746
324,2024-08-25,4006561.07901473,2939969.47897077
325,2024-08-14,4004647.52537809,2951456.6991177
326,2024-08-26,4010141.1988975,2958376.98761393
327,2024-08-22,4000518.39170771,2972133.83106136
328,2024-08-13,3998759.10770389,2945015.9977438
329,2024-08-28,4013081.50921973,2958979.64955552
330,2024-08-12,4011098.7768148,2956966.91774192
331,2024-08-10,4004384.8774081,2954007.79433622
332,2024-08-22,3999764.72953944,2945332.77926695
333,2024-08-19,4002183.4247541,2951743.15229019
334,2024-08-27,3991851.75253008,2942256.45590477
335,2024-08-10,3997905.2235619,2953086.41694906
336,2024-08-30,4010963.08526922,2958566.7785445
337,2024-08-29,3997764.14802864,2959809.21437883
338,2024-08-30,3996060.75295052,2957146.99638113
339,2024-08-15,4003893.41835013,2951856.77001467
340,2024-08-13,3999359.88851709,2955146.80930144
341,2024-08-18,3998105.45514399,2958272.44325055
342,2024-08-25,4008028.27415478,2955816.49493132
343,2024-08-30,3999284.42715191,2941829.90576411
344,2024-08-28,4004462.57302703,2959386.22508858
345,2024-08-27,4015627.21175489,2965166.35176666
346,2024-08-27,3997874.2736379,2941938.72003695
347,2024-08-25,3995115.16068423,2958432.82346568
348,2024-08-30,3998246.34372233,2946168.68839089
349,2024-08-30,4000378.93105178,2970767.96595789
350,2024-08-10,4007277.01192601,2958562.86825195
351,2024-08-25,4003457.20407093,2967935.58944758
352,2024-08-27,4010445.72301146,2956136.41795535
353,2024-08-28,3993115.14885357,2962932.61111976
354,2024-08-07,4014103.01089283,2959470.77637448
355,2024-08-28,4013998.59147832,2957577.74768149
356,2024-08-28,3994130.48382215,2971780.39830576
357,2024-08-24,4002375.78729783,2952265.17537515
358,2024-08-24,4005970.8793357,2951164.2816373
359,2024-08-31,3998036.86568397,2956806.25568873
360,2024-08-29,3989831.81848776,2953807.3077321
361,2024-08-20,4005032.42720924,2953887.61824881
362,2024-08-24,3989090.80588457,2935209.67796262
363,2024-08-17,3999652.40493422,2956088.8628158
364,2024-08-26,4003745.36915412,2947438.24550918
365,2024-08-17,4001868.26870697,2957270.77693347
366,2024-08-16,3998256.8581251,2947143.04819847
367,2024-08-30,4004371.92774201,2951930.21984224
368,2024-08-28,3994786.64984749,2958914.00309268
369,2024-08-30,4003997.26591079,2970781.70526213
370,2024-09-02,4001501.7660737,2954938.62385515
371,2024-08-11,3999474.16784905,2945433.19586811
372,2024-08-11,4003241.75051909,2956009.12929655
373,2024-08-22,3999310.59925399,2960028.29795688
374,2024-08-16,3999784.53973879,2960448.64354058
375,2024-09-01,3996919.6716754,2957987.95426136
376,2024-08-16,3997542.28821616,2955994.36878011
377,2024-08-30,3996478.29679651,2943697.11399833
378,2024-08-29,3998281.9440073,2953926.89379877
379,2024-08-25,4000416.70294653,2952632.63853088
380,2024-09-05,4010030.61644354,2956905.3125965
381,2024-08-29,4020519.56443568,2965132.44194201
382,2024-08-31,4002293.31684828,2968720.94966238
383,2024-08-31,4002573.68971353,2950175.68013626
384,2024-08-29,4000165.05136574,2946001.24667016
385,2024-08-27,4010169.16529799,2956367.89926355
386,2024-08-31,3997491.67154794,2941757.32232768
387,2024-09-01,4002946.67929344,2970172.0099633
388,2024-08-25,3998358.96862365,2958604.54634382
389,2024-09-01,4003673.73912455,2951469.36336716
390,2024-08-12,3997578.57689815,2944188.98718859
391,2024-09-01,3999351.80282704,2951309.86791251
392,2024-09-01,4008228.80480189,2939627.828976
393,2024-09-03,4000597.3117175,2941115.53720682
394,2024-09-02,4006320.67182986,2956211.50353049
395,2024-09-05,4009581.43082714,2957743.23470138
396,2024-08-30,4017235.09477067,2942975.33327164
397,2024-08-18,3998668.64252348,2944307.33168137
398,2024-08-30,4005645.55522474,2955684.97072425
399,2024-08-30,4004839.96091831,2953465.4377584
400,2024-08-31,3991679.97738133,2969044.18138027
401,2024-08-18,4014746.54747843,2960793.55060764
402,2024-08-18,3997896.17623839,2959994.24256592
403,2024-09-02,4010331.97535189,2953075.3479642
404,2024-08-25,4004899.54280322,2953104.27703361
405,2024-08-31,4016860.60985871,2965304.61758511
406,2024-09-02,4000223.19853157,2939511.46441863
407,2024-08-16,4003276.62183144,2954579.26471759
408,2024-08-23,4004189.97085453,2942146.69701152
409,2024-08-27,3995678.59047277,2944718.3976701
410,2024-08-18,4003975.85789526,2955955.93828252
411,2024-08-23,4007669.11083424,2950676.42868786
412,2024-09-01,4004698.33713137,2957644.04690852
413,2024-09-05,4006866.65768792,2970144.32716104
414,2024-08-14,4003516.17598789,2955353.36521348
415,2024-08-20,3997778.24646632,2953494.73075301
416,2024-09-04,3998944.46542055,2956208.64803785
417,2024-09-07,4017072.02424214,2966050.15189166
418,2024-08-22,4010301.07591291,2957576.17693181
419,2024-08-25,3996329.77173,2953981.49513934
420,2024-08-25,4010959.53020566,2945319.87661455
421,2024-09-02,4009775.67988294,2945798.2623991
422,2024-09-07,4000979.97824403,2941627.66909421
423,2024-08-24,4001805.97749448,2959453.13041861
424,2024-09-06,4004172.84160534,2954513.57301069
425,2024-09-08,3997804.14896804,2957413.9906008
426,2024-08-28,4007539.0667809,2955526.01016061
427,2024-08-21,4000066.85902327,2959862.30221579
428,2024-09-06,3998811.44535565,2958780.15747471
429,2024-08-18,3996661.8137257,2957497.32336513
430,2024-09-02,3994545.29789003,2928966.71323828
431,2024-08-30,4016980.0706541,2964857.70589045
432,2024-09-04,3997048.86203055,2982174.45250733
433,2024-09-03,4005167.06700911,2953806.65220433
434,2024-09-07,4004878.30845262,2951650.63765464
435,2024-09-10,4003816.79429535,2954550.54678991
436,2024-08-31,4004158.91348546,2947487.09675243
437,2024-09-04,4000189.97824529,2940455.70053754
438,2024-09-05,4001668.45356184,2953802.53692719
439,2024-08-28,4003022.24374862,2970630.76511591
440,2024-08-18,4005647.91908024,2951382.84399332
441,2024-09-04,3999095.73327082,2944413.28175542
442,2024-08-26,4005918.805671,2954170.17230059
443,2024-09-03,3997225.56224203,2957682.64106533
444,2024-09-09,4010285.68771499,2960203.65759447
445,2024-08-24,3988671.20048814,2953404.31994996
446,2024-09-08,3996229.4267804,2944622.1886712
447,2024-09-05,4006167.46706465,2954979.06421131
448,2024-08-23,3999080.23710295,2941107.72804472
449,2024-09-09,4002299.83460496,2953531.84362898
450,2024-09-07,3997569.267127,2959331.55063069
451,2024-08-22,4002366.68106827,2968942.52333036
452,2024-09-06,4000942.11956057,2968816.11998574
453,2024-09-12,4008890.91919972,2953669.73732176
454,2024-09-08,4001221.32326318,2954905.57584045
455,2024-09-02,4005323.37523257,2953125.12777268
456,2024-09-06,3998768.84587189,2943597.55038533
457,2024-09-07,4006302.87832268,2980552.22553427
458,2024-09-06,3995962.72366845,2970408.93053384
459,2024-08-22,4004903.35153106,2952692.04723968
460,2024-09-10,3984062.46216169,2958617.83120544
461,2024-09-10,4009528.25442247,2956619.18529113
462,2024-09-06,3994896.84438197,2972115.16612196
463,2024-08-25,4002014.79033495,2952930.90192369
464,2024-09-07,3997031.73704744,2944749.47162478
465,2024-09-09,4016067.14305908,2959500.1012331
466,2024-08-29,4014225.21179331,2959950.09352491
467,2024-09-05,3998364.74773649,2955796.74895912
468,2024-09-10,4005921.76727386,2954965.40206156
469,2024-09-10,4001350.05695179,2940980.72949929
470,2024-09-06,4000082.29811515,2955661.29590676
471,2024-09-11,4020436.67118875,2966544.4027886
472,2024-09-12,3994235.05470281,2944118.05814558
473,2024-08-19,4003505.41441089,2956947.4991471
474,2024-09-08,3997311.3719503,2959982.74248737
475,2024-09-10,3991231.21712523,2953514.19527739
476,2024-09-16,3995197.16010931,2970099.58135966
477,2024-08-21,3994131.3989374,2973442.28602102
478,2024-08-28,4010876.75041849,2959953.07194146
479,2024-09-08,4012290.7651331,2959479.33970432
480,2024-09-11,3997721.32950926,2941605.22937953
481,2024-08-23,4005314.21230235,2954631.52337355
482,2024-09-15,4002598.89560364,2952332.25490107
483,2024-09-10,4020161.64017971,2964754.40012361
484,2024-09-13,3999957.59815602,2953684.69416458
485,2024-09-08,4009382.09794659,2957392.15260498
486,2024-09-12,4007216.92940546,2968722.22519592
487,2024-09-07,4004021.62176296,2953725.90598766
488,2024-09-10,4000211.52342409,2945963.86359215
489,2024-09-13,3994339.55157485,2957051.3604375
490,2024-08-20,4006669.39798113,2955392.46226994
491,2024-09-10,4002806.2592473,2958457.47082704
492,2024-09-12,3992422.85253131,2956958.80218127
493,2024-08-24,4007624.73029434,2937892.36980871
494,2024-09-08,4008238.76486279,2946321.29953418
495,2024-09-09,4001378.7005372,2952286.71104633
496,2024-09-07,4006195.83710242,2958985.09412519
497,2024-09-11,4012459.83519384,2961165.33975587
498,2024-09-04,3994027.85721254,2972061.44101686
499,2024-09-11,4005594.37605186,2943699.79636249
500,2024-09-15,4008468.58775877,2950407.31689299
501,2024-08-23,4001634.86359453,2954247.85968827
502,2024-09-08,3997564.3595773,2958814.79933046
503,2024-09-12,4001901.15742101,2941479.8462339
504,2024-09-10,4008833.23042746,2956927.83691705
505,2024-09-18,4010200.73448825,2951765.66545161
506,2024-08-27,4009460.56815159,2951363.68113249
507,2024-09-16,4006581.47017748,2943174.71020584
508,2024-09-11,4010956.8140604,2957591.71138416
509,2024-09-15,4008550.39361537,2953886.2945138
510,2024-09-18,3997457.56039087,2948056.6541658
511,2024-09-15,3991862.54960113,2932866.43778638
512,2024-09-12,3998850.88069869,2945407.7855249
513,2024-09-11,3997872.71227353,2953402.24877432
514,2024-09-10,4006614.56925174,2958131.01632264
515,2024-09-06,4009099.32969489,2956500.27364581
516,2024-09-12,3998058.41790156,2943082.88325957
517,2024-09-15,4003492.22313907,2955808.56771707
518,2024-09-12,4001527.28206754,2940629.686861
519,2024-09-13,4010703.97405367,2959244.33101864
520,2024-08-26,4000072.07354476,2944319.67449674
521,2024-09-17,4001977.83861017,2952934.43244203
522,2024-09-13,3999812.61271615,2959705.98361668
523,2024-09-14,4006589.64356629,2944168.96177345
524,2024-09-01,3996754.35092047,2954752.07487095
525,2024-08-24,3999382.15423471,2944611.80313175
526,2024-09-02,4005102.38254674,2956443.53095853
527,2024-08-28,4003395.47607352,2958604.57418331
528,2024-09-15,4001284.55754847,2956086.67805445
529,2024-09-18,4005736.72974494,2953823.95995459
530,2024-09-15,4005903.36354035,2959004.05088881
531,2024-09-16,4009318.36487913,2952391.48681515
532,2024-09-16,4005508.44104784,2937791.20899899
533,2024-08-26,3999024.16109412,2944038.41521165
534,2024-09-14,3998405.16419739,2953836.2691775
535,2024-09-15,3994150.08117561,2952090.74573213
536,2024-09-17,3997485.54805471,2945669.05581818
537,2024-09-17,4013639.8585144,2970602.87935957
538,2024-09-17,3996324.54430978,2960988.93756266
539,2024-09-14,3997186.95405241,2954528.11436923
540,2024-09-17,4002040.31485328,2951952.95069817
541,2024-09-17,4005697.24299595,2953073.47919004
542,2024-09-16,4004373.4221609,2958714.54467759
543,2024-09-17,4009634.22171221,2955813.35195856
544,2024-09-08,3997808.70806288,2957718.42082243
545,2024-09-16,4017505.45134673,2957644.56701263
546,2024-09-22,4005238.58365422,2946163.6975611
547,2024-09-17,4004461.03204326,2974099.7721611
548,2024-08-25,3993704.87015169,2972779.28742965
549,2024-09-15,3998900.96325476,2957131.8403545
550,2024-09-19,4006070.49215301,2969200.5998102
551,2024-09-16,4000458.22040347,2941523.20106804
552,2024-09-15,4004950.04821002,2959752.16477352
553,2024-09-16,4002887.86662605,2951553.34848374
554,2024-09-17,3995331.58264225,2980782.18050554
555,2024-09-18,4007830.31395292,2954261.44732921
556,2024-09-17,4001135.72499042,2940524.80106993
557,2024-09-21,4010578.53198112,2986119.89015595
558,2024-09-13,3997794.8169146,2952926.10776521
559,2024-08-28,4006926.1757498,2963736.45774811
560,2024-09-19,3996039.05786599,2955671.26412145
561,2024-09-15,4000889.28624531,2944820.70873701
562,2024-08-29,3992036.09360106,2974633.60653534
563,2024-09-17,3990805.03065394,2952773.31234669
564,2024-09-14,3997008.45390019,2958920.7989073
565,2024-09-16,4017919.36165564,2966874.15468887
566,2024-08-30,4010099.646611,2956458.5817247
567,2024-09-15,4010689.77679909,2957472.16295627
568,2024-09-22,3998511.09075664,2941315.5424857
569,2024-09-18,4007328.87418018,2956615.06136553
570,2024-09-10,3999435.39015877,2956356.57104503
571,2024-09-01,3997009.494882,2957981.63635163
572,2024-09-03,4019209.74481691,2966094.34384467
573,2024-09-16,3998596.07088006,2981165.45359568
574,2024-09-16,3996413.7754357,2958039.48972047
575,2024-09-20,4002796.68881979,2950584.6983053
576,2024-09-19,4014206.29913981,2968674.21218126
577,2024-09-20,4004059.32183166,2956799.38948426
578,2024-09-07,4003003.65479208,2960047.40731614
579,2024-09-17,4012140.23000853,2955603.89053144
580,2024-09-20,4011264.50696296,2931367.64530594
581,2024-09-19,3993596.33107365,2956173.54407276
582,2024-09-02,4020317.9602902,2964902.00705126
583,2024-09-19,4004487.03874545,2940983.21523549
584,2024-09-01,4009553.82133034,2945449.0755324
585,2024-09-19,3989695.711183,2974799.98965221
586,2024-09-04,3990211.35426104,2931470.19857824
587,2024-09-21,4009771.11452838,2951937.42677067
588,2024-09-06,3996135.85457258,2942131.15908899
589,2024-09-07,4012602.95156943,2958895.61847896
590,2024-09-21,4003298.76308577,2952827.46539391
591,2024-09-17,4008991.38284363,2954856.4599921
592,2024-09-18,4003486.42467449,2957040.07627521
593,2024-09-21,3999853.32100757,2954983.49159255
594,2024-09-17,4012381.63141462,2959005.4424554
595,2024-09-20,3999892.87444773,2967281.86114473
596,2024-09-17,3998110.11665176,2944825.9264302
597,2024-09-18,4004857.59501746,2953393.76067286
598,2024-09-17,4008585.50211553,2942078.74953945
599,2024-09-20,4000635.17230515,2952846.75788111
600,2024-09-19,4013796.47608703,2952090.00860386
601,2024-09-19,4004139.30865796,2957044.78557946
602,2024-09-06,3999629.15883221,2959529.33634215
603,2024-09-13,3995867.58439554,2943936.75690124
604,2024-09-04,4018971.45545946,2965007.69046292
605,2024-09-23,4004463.80341447,2968855.34755427
606,2024-09-19,3998747.75900085,2978515.08732129
607,2024-09-23,3990935.51632767,2975255.70469102
608,2024-09-19,4002581.21608256,2955436.28062437
609,2024-09-11,3998102.99094545,2959212.37993765
610,2024-09-01,4004159.99038983,2953672.75243019
611,2024-09-21,4003877.92105693,2949900.6689652
612,2024-09-22,4004155.40319046,2954047.20275322
613,2024-09-19,3990259.02814863,2940642.24615667
614,2024-09-23,3995658.62841167,2963100.78276495
615,2024-09-24,3988330.87366324,2978263.85562449
616,2024-09-25,4006076.26519996,2977964.97693753
617,2024-09-20,4002382.42681463,2972263.95714387
618,2024-09-26,4007495.86231467,2938799.54853748
619,2024-09-26,3995023.34112772,2967307.0496963
620,2024-09-21,3998687.91058534,2973298.25859862
621,2024-09-15,3999612.13658843,2943076.24436046
622,2024-09-25,4001788.46256756,2954177.98542745
623,2024-09-03,3994129.37835187,2941465.73591896
624,2024-09-25,4000977.95993624,2951731.2722928
625,2024-09-21,4010159.03070908,2955040.62586306
626,2024-09-23,4000717.1232253,2968372.45625983
627,2024-09-25,3998066.57136025,2966406.91596869
628,2024-09-18,3984374.21094973,2962061.56293177
629,2024-09-24,3996245.710317,2944850.09533708
630,2024-09-04,3991492.91163071,2957349.17308217
631,2024-09-13,4017071.90266876,2964656.64466009
632,2024-09-22,4017985.62512993,2967606.25292623
633,2024-09-24,3993231.49957319,2975266.85531365
634,2024-09-27,4004523.21353682,2954746.54082179
635,2024-09-25,4005756.51180184,2967547.30211003
636,2024-09-04,4002104.75233224,2958891.35949746
637,2024-09-03,4002010.38625058,2954732.77483748
638,2024-09-25,4008727.28970359,2958115.37561854
639,2024-09-21,4003484.71392498,2952575.57419134
640,2024-09-15,4003395.88502493,2956288.8217899
641,2024-09-16,3986597.78267245,2961318.40158583
642,2024-09-26,4010110.54785165,2959611.29151577
643,2024-09-05,3997714.89266956,2957079.30887489
644,2024-09-26,4009657.6515213,2953123.26778765
645,2024-09-26,4003062.29748656,2953542.13330109
646,2024-09-22,4000100.00676159,2969643.89901166
647,2024-09-23,3987308.17005316,2968066.18723251
648,2024-09-29,4018860.10574887,2966681.28301682
649,2024-09-11,4005324.36339395,2955798.80738904
650,2024-09-12,4005387.30439274,2954283.32949906
651,2024-09-28,4010510.28919216,2959425.07693122
652,2024-09-23,4002713.86740792,2953011.84252882
653,2024-09-25,4001787.86616102,2957120.13239653
654,2024-09-18,4004455.25207003,2957684.3943868
655,2024-09-24,4008707.76515658,2957451.95261027
656,2024-09-14,4017044.8733682,2965311.73600138
657,2024-09-20,4005498.91611454,2953410.96782832
658,2024-09-30,4003297.50101236,2949387.13366575
659,2024-09-11,4002144.16987343,2974268.0560249
660,2024-10-01,3997593.53272805,2941493.08504017
661,2024-09-17,4009143.96489575,2957189.2796504
662,2024-09-25,4013594.58232696,2955708.12128626
663,2024-09-09,3997749.92099686,2945581.25129633
664,2024-09-29,4007332.1724449,2955038.17566261
665,2024-09-27,3995503.64922717,2957494.5260118
666,2024-09-19,3998745.20900777,2968637.17512864
667,2024-09-12,4005939.89732113,2952120.09510624
668,2024-09-13,3994243.44833955,2958462.12282798
669,2024-09-27,3994556.70936887,2956632.77709075
670,2024-09-29,4004470.69353187,2951504.09082065
671,2024-09-25,3999099.78177699,2953326.8185069
672,2024-09-09,4003767.17455731,2947393.90288825
673,2024-09-25,4000649.57380251,2940517.72644523
674,2024-09-30,4007682.43426257,2954246.83019311
675,2024-09-06,3997543.85272518,2944136.7779447
676,2024-09-28,3995792.31207196,2956970.20056638
677,2024-09-25,4002449.48114657,2953026.31064766
678,2024-09-27,4004907.35670133,2969676.06622508
679,2024-09-07,4007421.33386102,2956139.9093725
680,2024-09-14,3994933.00582134,2970314.51706237
681,2024-09-14,4000315.07893455,2955392.98975749
682,2024-09-26,4015021.7997704,2961798.65279817
683,2024-09-29,4002502.57303596,2959306.60982999
684,2024-09-13,4005700.4646697,2956592.77735114
685,2024-09-12,4005082.1876643,2957613.86625445
686,2024-09-25,4006564.90725487,2951511.66905345
687,2024-09-14,4003414.39014516,2956116.41612531
688,2024-09-27,3993284.48159279,2954473.98902079
689,2024-09-04,4001492.62768123,2955566.33596611
690,2024-09-29,3982803.03211362,2954623.83220515
691,2024-09-16,4005930.00033322,2957600.32814539
692,2024-09-27,3997421.0082164,2939520.93326842
693,2024-09-30,4010515.03082239,2939810.29697392
694,2024-09-25,3995277.61830668,2955697.44585138
695,2024-09-27,3996626.39187302,2944847.79135884
696,2024-09-26,4010341.00918311,2964703.57713681
697,2024-09-30,4011211.03266332,2955831.62752946
698,2024-09-10,3999230.12010108,2957160.61547385
699,2024-09-28,3999753.70569231,2956133.29485516
700,2024-10-03,4003186.38563344,2952876.77306805
701,2024-09-28,3996003.80818924,2953900.32010239
702,2024-09-11,3996135.26169985,2981640.84479831
703,2024-10-01,3992683.97352896,2984554.14892765
704,2024-09-27,3995024.1983963,2955510.55446681
705,2024-10-01,3997633.05316111,2955043.6236019
706,2024-09-29,4008686.44850423,2955838.75905032
707,2024-09-29,3998679.90838013,2954740.87550064
708,2024-09-28,3991552.15481651,2930297.09948485
709,2024-09-30,4003121.22559385,2955476.66891381
710,2024-09-20,3998767.97340452,2953198.97369588
711,2024-09-27,3999442.9627338,2969818.54231861
712,2024-09-27,4011170.89686283,2981863.22540684
713,2024-09-28,4007738.56547078,2957672.2148264
714,2024-10-05,3992614.18377356,2933708.74851168
715,2024-09-23,4007642.50571441,2957385.74810179
716,2024-10-03,3999427.20186099,2969023.4647238
717,2024-09-10,3999133.6828731,2970813.97170596
718,2024-10-01,4005022.17543807,2957674.49943076
719,2024-10-01,3997108.99549331,2944921.67939773
720,2024-09-21,4007203.5034799,2939851.32382475
721,2024-10-05,3995292.24838349,2956416.05634464
722,2024-10-02,3997169.88129788,2943329.22126008
723,2024-09-22,4000301.66834154,2957362.48209424
724,2024-10-02,4016105.6611883,2977559.16670697
725,2024-09-28,4006607.21008745,2955550.18526591
726,2024-09-27,4001298.38034843,2924362.46684067
727,2024-10-03,3997692.96690526,2957347.154157
728,2024-09-30,3998911.37873861,2979250.85749193
729,2024-10-02,4004123.35532205,2954650.6819014
730,2024-10-03,3998091.48598531,2959222.14108857
731,2024-10-02,4006826.3940956,2976762.73651282
732,2024-09-28,3983125.79977411,2961813.33686917
733,2024-10-04,4005445.81646513,2955262.24212261
734,2024-09-11,4019181.13941519,2941972.74302635
735,2024-09-12,4003640.59145998,2955462.64630873
736,2024-09-29,3997989.33350508,2944220.36940565
737,2024-09-30,4002157.22501998,2958051.04226629
738,2024-10-01,4005565.56973306,2959291.86127746
739,2024-09-09,3997582.74458854,2940793.55133607
740,2024-09-29,3998228.07005259,2970097.2939978
741,2024-10-04,4000923.23542498,2956528.34110721
742,2024-09-19,4003981.11700213,2955331.40000739
743,2024-10-01,4009880.89956538,2957726.81037208
744,2024-10-03,4002863.64843575,2953577.10407936
745,2024-10-04,3985007.10326986,2959703.23855293
746,2024-09-19,3994305.69220947,2956383.07376064
747,2024-09-24,4003679.8326634,2947439.07339216
748,2024-09-27,4000364.96475636,2968072.77146958
749,2024-09-28,4003163.88017919,2942690.74202103
750,2024-10-03,3997194.70298966,2968937.16615781
751,2024-09-18,4012929.30983728,2959493.01867512
752,2024-10-01,3993068.61145465,2952290.94679201
753,2024-10-05,3997066.46267082,2941268.25787985
754,2024-09-17,4006166.77181413,2954384.24402074
755,2024-10-03,3997050.62898361,2957567.09639692
756,2024-09-22,4004373.06383018,2943679.74740965
757,2024-09-28,4003890.73440592,2984537.43165463
758,2024-10-03,3998988.20981121,2956257.09739141
759,2024-10-02,3995489.70196262,2954992.21625041
760,2024-10-03,4008197.99138059,2955251.51691433
761,2024-10-08,4006941.82948026,2956600.17724464
762,2024-10-06,3988443.0125421,2942909.20385519
763,2024-10-05,4016442.64124834,2965203.42909596
764,2024-09-12,3994047.28783134,2972740.43233108
765,2024-10-05,4005921.5654299,2953392.71122753
766,2024-10-02,4000587.77997215,2957132.49882101
767,2024-10-11,4017329.54401353,2958206.8328027
768,2024-10-03,4007816.18590238,2955363.15880934
769,2024-10-02,3993654.28852026,2957805.2456141
770,2024-10-04,4012041.49103653,2971996.74651041
771,2024-09-19,4002982.50872641,2947843.84546916
772,2024-10-04,4010360.32599501,2951855.43791526
773,2024-10-04,4008582.25716187,2957485.3116768
774,2024-10-09,4000022.93817149,2955198.61250766
775,2024-10-01,3997423.06767552,2945897.1664926
776,2024-10-06,3993348.50316492,2958404.23576536
777,2024-10-08,4002475.61428479,2959621.61081797
778,2024-10-06,4005135.52951031,2956555.14666412
779,2024-10-07,3998017.77765638,2954998.33410851
780,2024-09-23,4005359.58847676,2953040.10943944
781,2024-10-09,4010526.90233836,2958970.09182493
782,2024-10-07,3996484.74903544,2953973.5178828
783,2024-10-03,4025088.53964123,2963464.88518467
784,2024-09-25,4002833.78557521,2970087.84887662
785,2024-09-27,3998368.80410344,2941509.56361652
786,2024-10-08,4010297.96766579,2953006.32757367
787,2024-10-07,4006870.42064777,2938825.07367437
788,2024-10-07,4004350.05416909,2958970.09062374
789,2024-10-06,4007509.70834612,2953794.0212905
790,2024-10-03,3989152.33859402,2956550.70676797
791,2024-10-07,3998717.73280915,2955307.32421493
792,2024-10-04,3994977.03393936,2960824.80079584
793,2024-10-07,4009603.07264244,2976698.93369711
794,2024-10-06,4006348.08182833,2955994.06369014
795,2024-10-06,4001552.18611493,2971278.98592665
796,2024-10-08,3997592.06733232,2952812.65125053
797,2024-10-09,4001752.61287601,2956695.70153398
798,2024-09-29,3998448.3257914,2953832.13612957
799,2024-10-01,4006998.17120011,2954651.07440568
800,2024-10-05,3993276.50113161,2929246.39499727
801,2024-10-01,4007965.22394001,2955898.19303554
802,2024-10-08,4004127.99703795,2955932.41231758
803,2024-10-05,3989494.47777533,2973387.70002766
804,2024-10-11,4002083.86719082,2969177.8460929
805,2024-09-17,3997760.8510786,2953813.21530704
806,2024-10-08,4007191.16152735,2985838.86433408
807,2024-10-08,4005867.05418234,2968879.14577259
808,2024-10-05,3995278.17722297,2938174.42193803
809,2024-10-08,4009342.04419493,2946122.01882394
810,2024-10-09,4001460.48096928,2953495.12183993
811,2024-10-08,4004165.16274725,2954166.23653932
812,2024-10-04,4005109.79345943,2955617.08996195
813,2024-09-21,3994437.6194302,2954381.79626588
814,2024-10-06,4009670.74037533,2951756.27354282
815,2024-10-08,3992594.07652412,2972322.66237719
816,2024-10-05,4004527.82247088,2957554.88203308
817,2024-10-11,3996578.44181833,2956595.30458088
818,2024-10-08,4010555.73396633,2959420.63530097
819,2024-10-13,4015471.78573191,2964777.15892952
820,2024-10-05,3991238.35259154,2969891.0230946
821,2024-10-05,4008766.04648982,2972329.74991532
822,2024-09-19,4006758.58734124,2957196.54777967
823,2024-10-05,3990853.66974048,2972850.3627002
824,2024-10-07,4026310.98216929,2963073.14401686
825,2024-10-08,4014803.48317398,2955004.59230769
826,2024-10-07,3998046.73975841,2969213.34004246
827,2024-09-20,3996411.57880379,2954549.84260953
828,2024-10-04,3995331.33170273,2970648.64491307
829,2024-10-07,4009467.80500234,2956279.19004053
830,2024-10-11,3996326.31917971,2944996.24919641
831,2024-10-12,4007694.90439435,2955026.11921643
832,2024-09-27,4003511.11611384,2971096.37967671
833,2024-10-08,3992215.88448253,2973844.98666604
834,2024-09-29,4007051.3028703,2955222.57898917
835,2024-10-05,3999352.15174194,2956498.97295778
836,2024-10-11,4002869.64274176,2977711.15593053
837,2024-10-01,4004992.05194848,2951319.74461866
838,2024-10-11,4001973.26530591,2956474.66236657
839,2024-09-25,4001854.60560046,2941630.7088437
840,2024-10-02,4014210.50956853,2964309.35188928
841,2024-09-26,4003751.09510212,2952549.25548942
842,2024-10-09,3998748.17118726,2967307.97984684
843,2024-10-09,3990910.23822421,2952785.84929649
844,2024-10-09,3998884.07414577,2957897.33190934
845,2024-10-01,4013292.32153665,2975307.22055052
846,2024-10-10,3990622.72330861,2975535.45354509
847,2024-10-11,4008134.72689013,2971832.62463341
848,2024-09-19,4002392.41464663,2956601.05782024
849,2024-09-23,3987829.48711793,2961013.47576987
850,2024-10-10,4014266.89432387,2961155.92472432
851,2024-10-08,3998259.000746,2957150.06446862
852,2024-09-28,4013407.07416185,2960061.40363867
853,2024-09-30,4008637.30146939,2954599.3421631
854,2024-09-27,3998090.27415762,2940662.82648783
855,2024-10-10,3998984.81299915,2942340.32926523
856,2024-10-09,4006378.69614964,2956955.857584
857,2024-10-11,4003416.50862221,2954524.99896632
858,2024-09-26,4001817.74694554,2955702.10534133
859,2024-10-15,4011946.67757166,2945506.71097345
860,2024-09-30,4003120.53626008,2971568.749099
861,2024-10-11,4013427.86351171,2985974.0153495
862,2024-10-07,4012025.64145555,2928549.90114659
863,2024-10-12,4001433.52257616,2953808.8824778
864,2024-10-06,4008841.32287499,2955521.89174157
865,2024-10-07,3992213.28436835,2969085.79346455
866,2024-09-25,4012758.76715194,2957412.50124762
867,2024-09-28,4004499.04461699,2953043.26555907
868,2024-10-07,3994421.88910801,2972620.02357893
869,2024-10-08,3991987.31018982,2957533.11188734
870,2024-09-24,4003007.19846785,2952098.77164403
871,2024-10-12,3998542.3704146,2945257.48332571
872,2024-09-28,4012348.71946322,2955411.26907617
873,2024-10-11,4006306.64853582,2957017.31306117
874,2024-10-10,4018612.73891545,2966570.0116722
875,2024-10-10,3997269.70223139,2956552.2414156
876,2024-09-26,4000271.46579982,2952247.70091185
877,2024-09-24,4005812.24337162,2953599.95963248
878,2024-10-03,4003204.63231672,2941502.74848703
879,2024-10-18,4021230.92681617,2954743.35988162
880,2024-10-08,4011795.78814615,2959125.11569981
881,2024-10-12,4008489.83236595,2971861.65576903
882,2024-10-13,4007244.25473642,2954136.43504227
883,2024-10-09,4020234.11263094,2967606.00750646
884,2024-09-25,3998473.31422045,2950722.69428435
885,2024-10-09,4001121.77046091,2966753.64657473
886,2024-10-05,4016163.60187917,2960598.4074816
887,2024-10-12,3998389.25091325,2955940.81818181
888,2024-10-12,3987018.95895433,2934427.93821799
889,2024-10-01,3994946.89299238,2972037.11576628
890,2024-09-25,4005508.72522736,2953939.87259282
891,2024-09-30,4016145.22293497,2967096.71058955
892,2024-10-15,4008759.41940039,2956146.69317231
893,2024-09-28,4004054.1010565,2970994.15039345
894,2024-10-11,4003710.5097636,2951535.14208693
895,2024-09-29,4003701.0383897,2954917.28778227
896,2024-10-11,3986614.56859398,2982336.27763402
897,2024-10-06,3998213.43565099,2955909.05300909
898,2024-10-12,4003146.87370586,2959012.43095467
899,2024-10-11,4012122.19469183,2982911.84819373
900,2024-10-02,3981683.30914108,2958490.55918356
901,2024-10-14,3995917.32131261,2954890.828696
902,2024-10-01,4003687.23582915,2947319.5483084
903,2024-09-27,4003945.81124294,2959243.47249452
904,2024-10-16,4001886.0519019,2952842.75174297
905,2024-10-10,4009869.99254178,2966519.44680301
906,2024-10-12,4003477.42062314,2953201.31300389
907,2024-10-10,4007882.05002519,2968905.12856088
908,2024-09-24,4005901.58783601,2957267.98274191
909,2024-10-16,4001496.15539557,2955374.88482022
910,2024-10-12,3995709.26183872,2946913.45599652
911,2024-10-16,4002635.74577313,2953251.10814553
912,2024-09-30,4002038.18587756,2957175.58571284
913,2024-09-30,4006965.82853484,2938248.76081188
914,2024-10-16,3996569.3833261,2945071.10602744
915,2024-10-16,4011041.10996428,2959229.97545744
916,2024-10-17,4009862.73159092,2943512.18005689
917,2024-10-01,3998211.55878138,2954825.68804167
918,2024-10-16,4002534.85135935,2967961.58060645
919,2024-10-13,3987781.61352508,2957868.90651128
920,2024-10-01,4007203.45473067,2956942.68362858
921,2024-10-13,3996713.30890273,2957253.07924215
922,2024-10-13,4007608.93149977,2979383.84471758
923,2024-10-08,4016836.3063076,2959321.91134115
924,2024-10-17,4001065.80868838,2954978.79120654
925,2024-10-04,4003035.79272828,2957107.58588289
926,2024-10-11,4005120.79233055,2979180.10177983
927,2024-10-07,3988069.4646795,2974211.64802061
928,2024-10-16,4011908.62560158,2955616.31401983
929,2024-10-15,4000047.49265853,2953849.98060799
930,2024-10-14,4004438.52041963,2957476.24658629
931,2024-10-04,4017420.24292418,2957666.81085048
932,2024-09-30,3999718.37156544,2953050.57863339
933,2024-10-15,4009770.48754443,2955635.29986753
934,2024-10-12,4005278.56915601,2957082.0251529
935,2024-10-14,4006955.82376294,2970027.27347865
936,2024-10-16,3999975.31172107,2955178.0839666
937,2024-10-17,4007193.31391546,2955302.89062778
938,2024-10-16,4017742.63133888,2964372.49946197
939,2024-10-17,4015917.12009205,2965128.56973866
940,2024-10-13,3999165.34470871,2952797.23059856
941,2024-09-29,4010346.72869592,2940862.61360876
942,2024-10-19,3991842.32626035,2968422.84911067
943,2024-10-13,3998272.94241371,2970021.0952171
944,2024-10-18,3998411.75498904,2968899.20508426
945,2024-10-11,3989590.27378553,2957136.69219504
946,2024-10-12,4000745.8804628,2956156.21911811
947,2024-10-02,4007879.43384271,2969980.90637647
948,2024-10-15,4003643.6580964,2954854.42158125
949,2024-09-27,3997077.62506478,2939270.60537852
950,2024-10-19,3999302.85551482,2936423.47076991
951,2024-09-30,4009537.64385041,2988924.02645734
952,2024-10-01,4022186.57611552,2974352.47193946
953,2024-10-01,4000883.83788046,2959069.4820176
954,2024-10-17,4004485.24432323,2951750.71215105
955,2024-10-19,3998262.67525672,2953023.3168646
956,2024-10-17,4015209.91833541,2952099.05584235
957,2024-10-10,4003167.75222222,2971315.38724549
958,2024-10-11,3991273.24057985,2939782.02263805
959,2024-10-14,4009238.97966335,2957246.06042662
960,2024-10-07,4002628.99525483,2937692.31219174
961,2024-10-10,4006221.56495582,2977148.24545076
962,2024-10-13,4000097.76140166,2944113.32023147
963,2024-10-18,3991878.68122072,2953371.080782
964,2024-10-06,4005694.9842332,2958183.77448916
965,2024-10-19,4006636.34103461,2955782.95668555
966,2024-10-16,4004690.23859313,2957465.57480627
967,2024-10-16,3988985.54733949,2960826.64138025
968,2024-10-01,4001013.74871387,2971187.26916969
969,2024-10-19,3994189.50823765,2957067.53300851
970,2024-10-17,4009915.23451218,2951576.08186916
971,2024-10-10,4004043.24721896,2953140.66934533
972,2024-10-03,4002595.88146136,2940996.57166359
973,2024-10-22,3995485.0196547,2971966.48742091
974,2024-10-04,4000376.19984651,2967773.3171152
975,2024-10-02,3991798.67982099,2975711.00041618
976,2024-10-19,4002352.28742003,2947404.41263964
977,2024-10-17,4010183.89914471,2956870.87049856
978,2024-10-17,4002887.50175116,2942162.35046638
979,2024-10-17,4002559.90867102,2959246.11976402
980,2024-10-15,4009460.84734188,2956338.79097147
981,2024-10-16,4004101.97490433,2937381.91167086
982,2024-10-11,4010963.59252728,2985797.6826908
983,2024-10-24,4004099.61532099,2956282.61299575
984,2024-09-30,4005829.66063504,2957063.26946231
985,2024-10-11,3998412.38077977,2953643.80433413
986,2024-10-24,4002650.29122239,2943707.30455149
987,2024-10-02,3992321.60885019,2971869.10547652
988,2024-10-17,3992803.11870036,2966164.65084749
989,2024-10-15,3995561.69849635,2929103.18917498
990,2024-10-14,3997270.96674497,2944645.60811662
991,2024-10-18,4005430.16266258,2959185.54639398
992,2024-10-03,3997221.09270811,2969521.07562844
993,2024-10-10,3995962.90168135,2970022.24590074
994,2024-10-06,3993658.02322387,2954067.34152941
995,2024-10-17,3988447.74650367,2960854.44766444
996,2024-10-15,3995084.42464405,2956247.69446405
997,2024-10-15,4000102.72185988,2955568.35799122
998,2024-10-16,4000135.51911478,2955391.63379727
999,2024-10-04,4002660.90347517,2951989.95737853
1000,2024-10-22,4007485.76142684,2942357.12589886
1001,2024-09-26,3996542.92403826,2954420.98415357
1002,2024-10-17,4003496.229839,2951871.6944786
1003,2024-10-11,3992673.97453354,2967682.05106318
1004,2024-10-18,4011668.68319971,2952490.71927402
1005,2024-10-18,3996692.47689,2953216.1178807
1006,2024-10-07,4018623.27630424,2964657.04066462
1007,2024-10-19,3995561.59938611,2954177.52450985
1008,2024-10-15,4011638.53737542,2945294.88458078
1009,2024-10-09,4008879.20952717,2943225.88995455
1010,2024-10-09,4006085.85927754,2954773.00345437
1011,2024-10-19,4008725.65084277,2955215.50592694
1012,2024-10-14,4004746.91070879,2958315.59080536
1013,2024-10-06,4010186.56776339,2957718.31832349
1014,2024-09-30,4000303.24446006,2941149.64177323
1015,2024-10-21,4004524.14814031,2958567.01882821
1016,2024-10-18,3993965.94288543,2948634.33517585
1017,2024-10-19,3998678.08355425,2944290.80868441
1018,2024-10-16,3995267.09986546,2955655.97694744
1019,2024-10-20,3985384.87550656,2940833.54310864
1020,2024-10-21,4002799.12021359,2956139.96129295
1021,2024-10-17,3992703.56203016,2984469.12296647
1022,2024-10-19,4011136.95700932,2959057.58482747
1023,2024-10-19,3998347.04112589,2945692.00522305
1024,2024-10-17,4004809.04539176,2954298.3389618
1025,2024-10-19,4001265.5288308,2954521.64832158
1026,2024-10-17,4016464.74891494,2964756.16421572
1027,2024-10-17,4010404.03799626,2961078.69059811
1028,2024-10-20,4000851.00738814,2958078.43788915
1029,2024-10-04,3998419.77072429,2955521.60612145
1030,2024-10-22,4009982.83032138,2955925.02920544
1031,2024-10-17,4002120.50822746,2955488.12779414
1032,2024-10-18,4009266.59341059,2954953.24547359
1033,2024-09-28,4003133.09013122,2973912.65848733
1034,2024-10-16,4000769.92204074,2954273.25451951
1035,2024-10-17,3994787.64793088,2970708.34765151
1036,2024-10-20,4008630.01003834,2968162.33742442
1037,2024-10-05,4008429.69651233,2971377.23596225
1038,2024-10-20,3998073.03068564,2955959.46399248
1039,2024-10-22,3990531.89998597,2945546.25856462
1040,2024-10-22,3999336.89798465,2944680.73921433
1041,2024-10-23,3994247.89685432,2929831.46417578
1042,2024-10-24,3993952.90300633,2972566.62197886
1043,2024-10-17,3992375.40050363,2971118.12682732
1044,2024-10-20,3990192.22492172,2956476.26977953
1045,2024-10-12,4000881.1743196,2970401.19025224
1046,2024-10-22,4000685.81453851,2940217.34344665
1047,2024-10-18,4000144.95844139,2955663.56841355
1048,2024-10-13,3981226.82266957,2957877.72872808
1049,2024-10-22,3994618.36721357,2954670.83729815
1050,2024-10-19,3997986.66628352,2954930.00332101
1051,2024-10-02,3993294.7893376,2966354.07314449
1052,2024-10-23,3992305.36500527,2970590.93252923
1053,2024-10-20,4005046.76741245,2975078.49377467
1054,2024-10-19,4006163.15129526,2954929.86792665
1055,2024-10-07,4013572.81295634,2955526.80539788
1056,2024-10-21,4023817.73214833,2961710.01265685
1057,2024-10-19,3998443.0237667,2956185.58054045
1058,2024-10-20,3997764.07203085,2972582.04427755
1059,2024-10-17,3984504.65224032,2961112.26415272
1060,2024-10-22,3994861.30228099,2955726.54041072
1061,2024-10-20,4003915.19386459,2954006.16402916
1062,2024-10-25,3996294.8704131,2970097.72523961
1063,2024-10-20,4009041.59315282,2957974.97656935
1064,2024-10-22,4004615.155349,2957848.02627412
1065,2024-10-21,4003277.43152771,2947140.32739571
1066,2024-10-23,4007298.49899501,2955913.81094024
1067,2024-10-23,4020994.11019558,2966624.81134073
1068,2024-10-27,4015086.6242913,2959702.62151354
1069,2024-10-19,4010172.14246472,2955724.61098129
1070,2024-10-18,4001130.97751045,2955323.20813813
1071,2024-10-19,3995718.52280042,2969144.68586078
1072,2024-10-20,4003775.82349261,2969054.94927939
1073,2024-10-24,4003843.02783121,2957831.04152014
1074,2024-10-12,4010904.73660608,2957097.38757228
1075,2024-10-21,4016074.72899916,2964835.67079409
1076,2024-10-24,4001713.65027785,2953218.54556648
1077,2024-10-20,4002144.52173839,2970749.10784064
1078,2024-10-24,4006721.80283938,2968179.90103105
1079,2024-10-22,4015149.32153062,2932815.09713075
1080,2024-10-23,3989488.2980426,2933565.51522036
1081,2024-10-05,3990923.42689599,2956226.53277268
1082,2024-10-10,3997717.41539529,2942009.00633225
1083,2024-10-22,3989543.06539781,2962662.84306771
1084,2024-10-21,3995490.40794998,2954528.77994327
1085,2024-10-21,4016962.22197826,2966034.39278548
1086,2024-10-22,3998742.35078501,2945224.80803013
1087,2024-10-23,4030119.32356494,2963941.40646777
1088,2024-10-06,4005734.08030188,2954382.9016466
1089,2024-10-19,4002161.66394115,2957222.716971
1090,2024-10-08,3996459.53549712,2957016.98995619
1091,2024-10-23,4006190.64148268,2952037.23844059
1092,2024-10-20,3986943.46881187,2983232.77559032
1093,2024-10-22,4004956.64781176,2958556.22280739
1094,2024-10-20,3982992.59394705,2959193.51185248
1095,2024-10-15,4004301.18385525,2958699.86189242
1096,2024-10-15,4007543.71334772,2943445.87513874
1097,2024-10-25,4003182.94113986,2971806.23251736
1098,2024-10-07,4010606.052705,2980701.27081038
1099,2024-10-22,3983998.551171,2969323.96095097
1100,2024-10-26,3990145.13114499,2929120.23158768
1101,2024-10-10,4006917.05676802,2934713.73039825
1102,2024-10-20,4003660.24295835,2957185.01397151
1103,2024-10-13,4015522.47823238,2964268.27663474
1104,2024-10-26,3990128.90984624,2959224.3950276
1105,2024-10-17,3992081.05475613,2957248.68335854
1106,2024-10-21,4001508.5053544,2956666.18615467
1107,2024-10-01,3983851.16393451,2962468.20771585
1108,2024-10-21,4007425.15015315,2986919.44080399
1109,2024-10-22,4013989.82791858,2959828.51774892
1110,2024-10-22,4011843.71965509,2960878.11426976
1111,2024-10-24,4005810.74669547,2957389.27278985
1112,2024-10-19,3998136.84263108,2966960.61908155
1113,2024-10-05,4000525.59498774,2941244.4401523
1114,2024-10-24,4001650.55108518,2977853.21954665
1115,2024-10-18,3986943.82846667,2971821.34614786
1116,2024-10-01,3997123.11174463,2940710.56658322
1117,2024-10-10,4019209.12716714,2964341.93335704
1118,2024-10-28,3997463.51164957,2955987.57761213
1119,2024-10-20,4004876.73085603,2958246.20554039
1120,2024-10-22,4004417.26794937,2956392.39547632
1121,2024-10-14,3983143.50317417,2961536.19733865
1122,2024-10-27,4005157.35208844,2956291.3540738
1123,2024-10-20,4002201.13568177,2958165.29570681
1124,2024-10-13,4000077.80778744,2951661.82251686
1125,2024-10-27,4008594.91503486,2953461.5847987
1126,2024-10-28,4001866.32550925,2955982.86841989
1127,2024-10-23,3998124.27769862,2952216.92346744
1128,2024-10-22,4001861.96852287,2955572.63064042
1129,2024-10-24,4006096.06343546,2957406.61859535
1130,2024-10-02,3998258.28843643,2954710.81812527
1131,2024-10-23,4012062.72579052,2958959.07724815
1132,2024-10-13,3998817.48255477,2944625.96151845
1133,2024-10-12,4000033.63983596,2951968.82427443
1134,2024-10-24,4002336.97677505,2952430.80910589
1135,2024-10-27,4001753.90889048,2956136.72749317
1136,2024-10-24,4006717.16152484,2959659.96141968
1137,2024-10-11,4024222.95773485,2958693.33946717
1138,2024-10-21,4023733.28034475,2962423.74583327
1139,2024-10-09,4011218.87506738,2952714.24263982
1140,2024-10-23,3992769.25863797,2954135.44769224
1141,2024-10-26,4009303.41967164,2971382.13176163
1142,2024-10-05,4004774.24696193,2970489.16336593
1143,2024-10-24,4007044.63518271,2943273.90389238
1144,2024-10-30,4009814.80352662,2973422.25993385
1145,2024-10-23,4010073.33447946,2955090.78537983
1146,2024-10-28,3999450.12114561,2953983.21872333
1147,2024-10-06,3996737.20362796,2957140.46791491
1148,2024-10-23,3996025.6053591,2955273.78700358
1149,2024-10-25,4009947.03851996,2957137.73041811
1150,2024-10-31,3988124.64688032,2983851.31116594
1151,2024-10-27,4000112.62673882,2940857.22721842
1152,2024-10-08,3993033.83162553,2969767.59481526
1153,2024-10-11,3993127.69782228,2969255.98892369
1154,2024-10-22,3997592.36133685,2958827.90874075
1155,2024-10-17,3999416.55251095,2946903.97266563
1156,2024-10-23,4007489.45364652,2962648.11290106
1157,2024-10-27,4005604.21837154,2959649.92130198
1158,2024-10-28,4006144.79061785,2951436.68345208
1159,2024-10-06,4003852.90170463,2952554.36347398
1160,2024-10-25,4002763.96041756,2936436.07009797
1161,2024-10-23,4009951.55782275,2978132.11316417
1162,2024-10-25,3999367.63668476,2940581.58953834
1163,2024-10-23,3990425.27214746,2968015.69551797
1164,2024-10-28,3997731.25150276,2927613.71149802
1165,2024-10-24,4004531.90189332,2958023.39426923
1166,2024-10-15,4015592.54207965,2964423.75090153
1167,2024-10-07,4008559.26454285,2956583.13690703
1168,2024-10-28,3995724.43209095,2986688.60201477
1169,2024-10-27,3992558.59458816,2957378.72782063
1170,2024-10-25,4019868.05688008,2964999.46140103
1171,2024-10-07,3996608.5509747,2954862.92089815
1172,2024-10-26,3998650.53261217,2967338.64155347
1173,2024-10-29,4004021.93572073,2954699.14386652
1174,2024-10-27,4001944.48105874,2970748.36898178
1175,2024-10-27,4013521.60091253,2990842.08853969
1176,2024-10-28,4003756.06813759,2953490.58667518
1177,2024-10-25,3997285.11851971,2944921.18070339
1178,2024-10-12,4020086.15967794,2964911.96197217
1179,2024-10-29,4011130.54725696,2959271.2213365
1180,2024-10-10,4011445.19331666,2967135.81823994
1181,2024-10-18,4003971.50164997,2955061.53292307
1182,2024-10-29,4002903.13570185,2970311.77675629
1183,2024-10-12,3991467.87771598,2973950.35432834
1184,2024-10-16,4002015.60263172,2958158.58099566
1185,2024-10-29,3989094.00470369,2993581.75242335
1186,2024-10-10,4008068.04273652,2956690.02384928
1187,2024-10-29,4000150.34034491,2958354.26716028
1188,2024-10-27,3997936.50454042,2956222.92268805
1189,2024-10-30,3999729.18185545,2959984.32299687
1190,2024-10-25,4005509.74945267,2953787.42993969
1191,2024-10-24,3992913.257533,2987546.60205499
1192,2024-10-11,3993376.73021008,2958989.61223969
1193,2024-10-27,3986968.10276189,2960430.23042375
1194,2024-10-29,4017482.08141225,2934129.89355173
1195,2024-10-14,3996303.98126832,2944388.19380215
1196,2024-10-09,4010845.56501227,2954895.52165139
1197,2024-10-13,4020897.8532616,2967033.97464415
1198,2024-10-26,4008331.65861477,2953744.32059497
1199,2024-10-29,4001027.08635598,2969782.12040932
1200,2024-11-01,4017326.3212947,2965176.03641756
1201,2024-10-26,4010183.71027063,2955961.05318148
1202,2024-10-30,3998471.16005791,2955599.57804734
1203,2024-10-27,4003093.77476446,2952777.9455765
1204,2024-10-23,4016792.2717887,2965103.115279
1205,2024-10-27,4010007.61235017,2959268.56542047
1206,2024-10-26,4001910.55875233,2944957.67167364
1207,2024-10-30,3994784.86831666,2962191.28822667
1208,2024-10-30,3998485.35088037,2958751.54286138
1209,2024-10-27,4001601.35053728,2955453.98405796
1210,2024-10-27,3984486.93613808,2969718.11135691
1211,2024-10-20,3997905.02526867,2956707.84006133
1212,2024-10-28,3999107.10548119,2969956.39291596
1213,2024-10-28,3985246.65554399,2962090.81601703
1214,2024-10-27,4001139.05087278,2952765.94508855
1215,2024-10-29,4004557.35670093,2978274.46827042
1216,2024-10-30,4004235.56798045,2958246.48834807
1217,2024-10-09,4017850.51195012,2966872.65406221
1218,2024-10-26,3999977.31460695,2960733.07741501
1219,2024-10-14,4009632.9058781,2956531.33019569
1220,2024-10-30,3987992.15497779,2968260.45555843
1221,2024-10-30,4000129.68792847,2945824.7569625
1222,2024-10-31,3997661.50051674,2952020.13235836
1223,2024-11-02,3999842.83241832,2958280.37305137
1224,2024-10-19,4005939.96316655,2956062.96092741
1225,2024-10-06,3998495.91190139,2954020.8492392
1226,2024-10-30,4017874.4859131,2956770.14812623
1227,2024-10-11,4007064.96396348,2956183.55141765
1228,2024-10-09,4017916.94230359,2967502.43445115
1229,2024-10-28,3997513.91853392,2970810.41168704
1230,2024-10-26,4003459.6705243,2936314.73104675
1231,2024-10-23,3998584.07781334,2956306.67595508
1232,2024-10-30,3998534.49240973,2969009.51017746
1233,2024-10-14,4002814.25660927,2947478.77445764
1234,2024-10-13,3986027.26996424,2939364.47837589
1235,2024-10-23,4014331.50183101,2960032.62526606
1236,2024-10-21,3996340.56257005,2956509.55764796
1237,2024-10-31,4007840.67959881,2957762.62492667
1238,2024-10-11,4015593.76474315,2967004.74140204
1239,2024-10-29,4004353.69394753,2955551.79493719
1240,2024-10-31,4001884.77143446,2953984.44479498
1241,2024-11-01,4002485.95126932,2944012.92982
1242,2024-11-02,4010060.37043838,2958455.6327259
1243,2024-10-31,3994874.73228249,2957511.39529867
1244,2024-10-25,4008126.02909511,2942537.79645919
1245,2024-11-03,4003335.19736308,2955003.78206364
1246,2024-10-30,4000180.89154789,2958216.24304763
1247,2024-10-31,4016000.54836868,2962834.35167129
1248,2024-10-28,3998128.54151774,2968205.4917104
1249,2024-10-29,4003156.62338848,2971569.12279803
1250,2024-11-02,4016031.43844823,2960151.05699348
1251,2024-10-29,4003462.29633453,2970534.12353344
1252,2024-10-12,4000223.04269958,2940635.17847051
1253,2024-10-28,4006507.84984765,2943566.04728597
1254,2024-10-15,4006779.58376394,2955954.5055466
1255,2024-10-26,4000022.90960681,2959774.98001916
1256,2024-10-18,4014739.70305417,2962072.40777961
1257,2024-10-31,3997270.09474268,2960537.66199626
1258,2024-10-16,3994778.8382085,2957635.68744259
1259,2024-11-02,4003662.18873144,2954737.10200819
1260,2024-10-16,4008330.19772782,2957159.93906807
1261,2024-11-02,4015038.45587116,2960386.83798934
1262,2024-10-22,3997153.30902146,2960208.36732814
1263,2024-10-27,3996124.73362847,2956737.21459636
1264,2024-11-01,3991462.45454842,2973531.78338474
1265,2024-10-29,4018639.33788789,2981311.99549234
1266,2024-10-23,3997553.07055985,2970133.83652658
1267,2024-11-01,4004277.16640635,2957099.77251337
1268,2024-11-02,3997927.23977445,2952846.74555947
1269,2024-10-28,3999059.98580931,2945927.06343542
1270,2024-10-29,4015872.42060283,2985023.08593699
1271,2024-10-30,4009072.26709269,2952002.69795936
1272,2024-11-03,3986357.80140084,2983512.61804671
1273,2024-10-31,4003874.80285602,2958902.31802016
1274,2024-10-27,3999350.61959218,2955166.37831043
1275,2024-10-24,4014522.83767986,2959042.56631824
1276,2024-10-29,4009587.2991306,2968859.81693157
1277,2024-10-27,4008917.30653943,2981969.49052825
1278,2024-10-31,3996281.67630772,2955907.45407532
1279,2024-10-30,3997950.43092643,2968442.97946902
1280,2024-10-18,4006682.04532501,2942731.40019977
1281,2024-11-03,3992027.6772413,2932490.19528226
1282,2024-10-27,4003492.8181229,2971597.28661394
1283,2024-11-02,4013543.19449475,2973265.60760289
1284,2024-10-31,3993920.9757502,2968389.81359119
1285,2024-10-19,4000303.73670077,2939623.93916256
1286,2024-10-12,3994443.57230741,2970674.87412141
1287,2024-11-04,4007950.84662466,2956969.42367912
1288,2024-10-22,4005321.47519645,2955587.75407326
1289,2024-10-11,4012973.8432511,2960796.93329265
1290,2024-10-31,3999829.42408828,2958172.46457125
1291,2024-10-30,4005145.62719558,2985053.34473146
1292,2024-10-30,3996898.12262053,2972550.06208271
1293,2024-10-30,4021457.59162496,2963434.93256486
1294,2024-11-01,3998885.28509751,2969390.97340337
1295,2024-10-26,4004684.83835617,2969308.10842183
1296,2024-10-30,3997328.2125874,2959908.34459752
1297,2024-10-29,3993958.51845753,2955303.65130922
1298,2024-11-02,4017075.89164124,2954113.6227328
1299,2024-10-17,3990735.71084133,2952376.27801971
1300,2024-10-31,4014546.68410024,2960128.63896002
1301,2024-11-02,4000566.79313575,2956386.5352952
1302,2024-10-31,4003692.95841105,2955136.72344624
1303,2024-10-27,3992730.43047782,2970245.64586947
1304,2024-11-04,3987871.64105758,2960491.43939803
1305,2024-11-02,4013217.08728419,2955448.7763093
1306,2024-10-29,4022917.91779031,2959651.12224029
1307,2024-10-15,3997137.37575813,2967813.44799153
1308,2024-11-01,3999400.76869876,2945555.0973815
1309,2024-11-06,4001730.86411578,2956987.66031398
1310,2024-10-31,4003988.90659655,2936897.2394347
1311,2024-10-13,4006802.01292632,2969416.38048616
1312,2024-11-01,4017407.85154481,2963626.58418281
1313,2024-10-30,4015852.85362795,2959992.61879712
1314,2024-10-14,3998235.91499187,2955502.23915448
1315,2024-10-23,4002951.00281764,2955872.190811
1316,2024-11-02,4013049.63099594,2977814.07758601
1317,2024-10-20,4008268.85787292,2926088.51137568
1318,2024-10-29,4003236.3445684,2952567.27865035
1319,2024-10-25,3997192.73070783,2944294.96641799
1320,2024-10-15,4017031.85121978,2958679.54568912
1321,2024-10-27,3999635.04984058,2956495.51345037
1322,2024-10-26,3999670.67682679,2958902.90018446
1323,2024-10-31,3991580.36110819,2957911.26636654
1324,2024-10-20,4008328.85818434,2957785.86492832
1325,2024-10-26,3997401.78777062,2968394.08370799
1326,2024-10-11,4003208.48562255,2948208.22263663
1327,2024-10-22,4013498.92731697,2954763.33550046
1328,2024-10-21,3999558.6327553,2944897.26500917
1329,2024-10-25,4012300.65740509,2960048.91474662
1330,2024-10-31,3995152.92988906,2969335.5523514
1331,2024-10-15,3995969.91605204,2958051.29428712
1332,2024-11-06,4005105.9770527,2956437.00086056
1333,2024-10-18,4001892.78385044,2955680.07254528
1334,2024-11-03,4004814.12504495,2959190.61525997
1335,2024-10-28,3998566.16071125,2970018.69023267
1336,2024-10-30,4002532.16276274,2960267.22047585
1337,2024-11-03,3989543.75640832,2960168.02674608
1338,2024-10-15,4005402.34749183,2957379.77572053
1339,2024-11-02,4004343.84709624,2953289.97727492
1340,2024-10-22,4000268.93670186,2952402.01932613
1341,2024-10-27,4012277.35702257,2945552.01733778
1342,2024-11-01,3992648.81202628,2973269.02929672
1343,2024-10-12,4012719.48686254,2960003.32857879
1344,2024-10-20,4012329.48703198,2960965.79143526
1345,2024-11-02,3988903.55812663,2941262.43831253
1346,2024-10-12,4002583.12301923,2969812.16692653
1347,2024-10-27,4009637.85357647,2956266.64640278
1348,2024-10-18,3991778.08858168,2940306.76010583
1349,2024-11-02,4008465.32329201,2955369.99435601
1350,2024-10-24,4015019.22557001,2983764.10547948
1351,2024-11-05,4010573.07978276,2981348.41670928
1352,2024-11-02,4005770.09420002,2954610.54783613
1353,2024-11-04,4014861.33063288,2957697.57193551
1354,2024-11-03,3989968.49139605,2957780.34735874
1355,2024-11-04,3995989.98178805,2944158.31201833
1356,2024-11-04,3989732.69735124,2961568.15773527
1357,2024-11-06,3980457.6213521,2942076.26002421
1358,2024-10-26,4001921.14232085,2956736.00510906
1359,2024-11-03,4003809.04274334,2974535.23183229
1360,2024-10-24,3999288.68746831,2955056.06962901
1361,2024-10-16,4005979.96421214,2954907.85689006
1362,2024-11-05,4001333.74196046,2956665.19917641
1363,2024-10-20,3999566.89376291,2955199.47799093
1364,2024-11-03,4013802.86947333,2953963.73864971
1365,2024-10-17,3995466.41245852,2971945.39615221
1366,2024-10-28,4008150.70419253,2955780.89667606
1367,2024-10-19,3998822.37074106,2935247.22495058
1368,2024-11-01,3994187.67127353,2955576.6353656
1369,2024-11-02,3994330.08244617,2955824.83735127
1370,2024-10-19,4006133.45083518,2955906.32910492
1371,2024-10-30,3987590.7424654,2983787.07416571
1372,2024-11-02,4006882.57946329,2978594.95717446
1373,2024-11-02,4003557.40995456,2955617.38265435
1374,2024-11-01,4000122.30862341,2956934.49413023
1375,2024-11-02,4003904.70805127,2953484.9915986
1376,2024-11-03,3998865.62423657,2936110.84448472
1377,2024-11-03,4008422.11786061,2959844.33098963
1378,2024-11-01,3999381.3602224,2946712.3738641
1379,2024-11-04,4007300.19654344,2955973.00435093
1380,2024-11-08,3990822.15289313,2960588.81295854
1381,2024-11-03,4001646.76801094,2955957.89922154
1382,2024-11-03,3999105.65449088,2937667.34367842
1383,2024-10-19,3998558.97077381,2941673.00472792
1384,2024-11-06,3996262.90821992,2970641.96315843
1385,2024-11-04,4016850.3586247,2964947.47389787
1386,2024-11-07,4004402.28710568,2955809.02845408
1387,2024-11-02,3999451.69385038,2956373.46909348
1388,2024-11-05,4013371.59560999,2984950.23612155
1389,2024-10-17,3998378.64176684,2946266.73257861
1390,2024-11-07,3999776.38040671,2943484.96366584
1391,2024-10-25,4008266.54773898,2956247.67848708
1392,2024-11-03,4012041.84826247,2979379.72683237
1393,2024-11-03,3995041.21393567,2956899.46912649
1394,2024-11-02,4002427.78065866,2980074.93176576
1395,2024-11-03,4012987.82114305,2959389.03949255
1396,2024-11-07,4007888.10497277,2956479.38337685
1397,2024-10-23,4004627.83966249,2955580.57531949
1398,2024-11-04,3993476.17034995,2956080.16614679
1399,2024-11-03,3984366.44206449,2943182.17190438
1400,2024-11-06,4000047.84074179,2945548.3843138
1401,2024-10-16,4016951.70290247,2966277.58951503
1402,2024-11-04,4012190.20194422,2955349.89531726
1403,2024-11-07,4005261.48200045,2954624.42940115
1404,2024-11-08,3987529.09624695,2957805.7758758
1405,2024-11-05,3997714.55573399,2959044.83610374
1406,2024-11-07,3993595.2723055,2956191.3315804
1407,2024-11-07,3994612.65143436,2941553.37126163
1408,2024-11-06,4004909.63313574,2958716.03127503
1409,2024-11-08,3992524.2571745,2984881.13787508
1410,2024-11-07,4010095.59351952,2966861.50986644
1411,2024-11-04,4004893.52613834,2957239.4343411
1412,2024-11-03,4008753.38312709,2968450.45415679
1413,2024-11-09,4006987.7313604,2956058.65016454
1414,2024-11-08,4009216.86091513,2951525.84783895
1415,2024-11-05,3990284.15182364,2943868.07868328
1416,2024-10-17,4003256.17215565,2953122.02862587
1417,2024-11-06,3995745.9026246,2969009.66578306
1418,2024-11-06,4004418.4555552,2950468.70292405
1419,2024-11-05,4002698.37402041,2955330.91599143
1420,2024-11-03,3994023.93116265,2969038.66428081
1421,2024-11-06,4004057.2804493,2952012.79287293
1422,2024-11-06,4002102.65856628,2968146.24264717
1423,2024-11-03,4000690.3242987,2940857.96259421
1424,2024-11-09,3989926.0500852,2960177.03371133
1425,2024-11-06,4002691.40999037,2955492.64497494
1426,2024-11-05,4002731.69442509,2973603.27299088
1427,2024-11-07,3987592.19103939,2970155.09565055
1428,2024-10-21,4000211.24671488,2955265.61252253
1429,2024-10-22,4006641.65520542,2956023.9931618
1430,2024-11-09,3999335.04377278,2960407.32857903
1431,2024-10-22,3997338.86079012,2940969.26207841
1432,2024-11-08,3993494.02742485,2970420.96971558
1433,2024-11-06,3991651.38069934,2991154.45839807
1434,2024-11-04,4016762.3937548,2959134.93108736
1435,2024-10-26,3997039.91213157,2987210.29219706
1436,2024-11-11,4020597.93940983,2927645.06408992
1437,2024-11-05,3997300.24037475,2945117.69467673
1438,2024-11-12,3989149.83334703,2953597.03845008
1439,2024-11-01,3998143.1788993,2968215.59955621
1440,2024-11-08,4010570.6639302,2956151.38258373
1441,2024-10-25,3998579.25108323,2955054.13089862
1442,2024-11-08,3997777.74554489,2946178.34218134
1443,2024-10-25,3993564.65108358,2961905.77731727
1444,2024-11-05,4002405.17536584,2955512.43223626
1445,2024-11-04,3984344.13663995,2941615.58675796
1446,2024-11-05,4008879.92492144,2968176.39041551
1447,2024-10-21,3993956.41799321,2970080.51024915
1448,2024-11-06,3999173.95036023,2959645.01457961
1449,2024-11-07,3997935.46941082,2972383.77577704
1450,2024-10-26,4013088.19067949,2960627.93192414
1451,2024-11-05,3985364.13952563,2991577.17784324
1452,2024-11-08,4006278.27718824,2955332.4839208
1453,2024-11-05,3984180.75117127,2976009.89975172
1454,2024-10-26,3983863.30678449,2961572.03492509
1455,2024-11-07,3995135.90932173,2956812.2926146
1456,2024-10-17,3998138.14912963,2959120.92400276
1457,2024-10-27,4009170.69274048,2956559.166064
1458,2024-11-05,3998605.01731064,2941797.1172626
1459,2024-11-11,4003589.87089518,2951636.57645118
1460,2024-11-06,4007345.83644751,2956210.45779771
1461,2024-11-06,3998375.1774377,2987778.75486896
1462,2024-11-07,4006537.81170218,2963058.10039115
1463,2024-10-29,4003817.44312213,2941670.51335287
1464,2024-10-24,4024613.48505966,2962190.04474172
1465,2024-10-21,3997067.6658083,2954864.2709182
1466,2024-10-29,4008160.47742592,2979703.42086712
1467,2024-11-04,3994229.44129143,2957692.58191782
1468,2024-11-10,4008593.62208919,2955696.64638154
1469,2024-11-09,3989931.61943044,2953050.26150404
1470,2024-11-10,4001806.74585805,2944362.71628914
1471,2024-11-08,4006449.15472332,2956408.18213594
1472,2024-11-10,4003252.34834186,2968402.06756076
1473,2024-11-05,4008609.95400544,2968258.87518829
1474,2024-11-08,3992565.78684508,2957276.06407644
1475,2024-11-05,3999203.12812907,2952848.15916632
1476,2024-11-11,3982960.83849894,2985360.8425234
1477,2024-10-27,4007053.69529726,2942374.55544997
1478,2024-11-10,3997619.08536896,2951425.24772197
1479,2024-11-08,4004341.9180536,2953387.54063002
1480,2024-11-07,4003251.90543487,2953899.06557824
1481,2024-11-05,3997850.87244545,2938737.79876369
1482,2024-11-02,4024423.85305235,2973244.93634436
1483,2024-11-12,4010576.61580964,2959755.04778757
1484,2024-11-01,3990410.19135596,2953917.59187524
1485,2024-11-07,3984855.04251172,2959732.86808919
1486,2024-11-07,4004288.58587016,2954411.42479592
1487,2024-11-09,4006245.99895445,2958108.59450703
1488,2024-11-09,3991967.00068057,2966750.98970917
1489,2024-10-30,4003723.37197231,2954816.21745944
1490,2024-10-28,4010013.8909214,2956575.13203088
1491,2024-11-09,4013334.89033987,2959753.79329435
1492,2024-11-07,4008637.55422565,2956801.36611923
1493,2024-11-05,3979498.33045506,2961297.52602094
1494,2024-10-30,4016313.97657313,2960393.05598131
1495,2024-11-05,4013664.02552224,2959896.86677453
1496,2024-11-09,3988767.25691124,2934483.48284274
1497,2024-10-21,3990619.46630079,2931430.56411302
1498,2024-10-29,4003433.69116752,2954966.35447843
1499,2024-11-09,3997878.56398444,2954441.78566887
1500,2024-11-11,4022992.86111786,2963890.2116054
1501,2024-11-03,4010378.35090723,2977132.3996612
1502,2024-11-11,3994017.54894941,2956105.37353414
1503,2024-11-12,3999258.73499743,2935927.82079181
1504,2024-11-06,4002586.8755641,2957087.4299172
1505,2024-11-06,4001445.40857092,2968819.79173259
1506,2024-10-23,4002883.89059205,2968061.7870773
1507,2024-11-10,4002471.95273434,2959262.31096975
1508,2024-11-09,3999435.61923229,2968845.29396256
1509,2024-10-25,3995986.86193145,2939447.15766398
1510,2024-11-08,3997453.03566607,2960874.18788992
1511,2024-10-30,3990729.6179003,2956963.28168357
1512,2024-11-01,3991898.35871691,2957189.49083151
1513,2024-11-12,4008575.39268309,2958138.19975011
1514,2024-10-31,3996385.60429017,2956992.26602958
1515,2024-11-08,3994598.39067402,2957067.1759297
1516,2024-11-09,3997365.22896602,2943273.1851126
1517,2024-10-26,4009370.37232186,2954983.38177886
1518,2024-11-08,4006831.02442559,2951387.07349391
1519,2024-11-04,4010660.9520035,2959728.40517537
1520,2024-11-08,4007769.98111355,2943773.46748644
1521,2024-11-09,3992063.87380905,2939812.29460656
1522,2024-10-20,4005613.86548478,2957924.11433636
1523,2024-11-08,4005463.53421631,2954972.70265483
1524,2024-11-11,3995794.02031565,2957003.87782793
1525,2024-11-10,4005326.80469376,2951995.20834839
1526,2024-11-09,3996490.8910299,2960382.61448174
1527,2024-10-28,3992720.93598143,2972084.51101519
1528,2024-10-30,4021565.50871782,2964747.66319594
1529,2024-10-25,4001372.36811715,2971386.03637535
1530,2024-11-05,3998127.55909892,2928049.31977894
1531,2024-10-29,4010104.31713034,2957958.54744527
1532,2024-11-11,3984863.26527,2961031.6481882
1533,2024-11-11,4005752.93659443,2942352.26872285
1534,2024-11-09,4002634.72133764,2948536.51788836
1535,2024-11-01,4003857.86824711,2951846.6174012
1536,2024-11-12,3996470.78529678,2955815.83138675
1537,2024-11-11,3995160.45127493,2956064.66208449
1538,2024-11-11,4014313.5116023,2978969.83686439
1539,2024-11-10,4006992.89107632,2956755.62527836
1540,2024-11-07,4032684.78668934,2955285.61790269
1541,2024-10-29,4004284.16450088,2953021.95892954
1542,2024-10-29,4015783.66578589,2961077.63898833
1543,2024-10-30,3999996.19890001,2955458.11635048
1544,2024-11-03,4006016.20426814,2953701.90759639
1545,2024-11-08,3992943.01581042,2949373.8625167
1546,2024-11-12,4002584.87973459,2936157.42209875
1547,2024-11-12,3994253.81775442,2928452.6717809
1548,2024-11-12,3990869.09466988,2960524.54047727
1549,2024-11-11,4003731.7734835,2954186.82603291
1550,2024-11-14,4001325.47325449,2955707.59478235
1551,2024-11-11,3982989.08538885,2960260.01362045
1552,2024-11-14,3987634.25753211,2961100.53737097
1553,2024-11-06,3996665.73746484,2939330.22195692
1554,2024-11-03,4013758.65607249,2960122.79467971
1555,2024-10-20,4008469.12167036,2939278.39673237
1556,2024-11-07,3993097.64756053,2973340.15007484
1557,2024-11-09,4016267.90685469,2960298.64782029
1558,2024-11-10,3992802.12534531,2957556.91712901
1559,2024-11-10,4004405.82619634,2953149.45727983
1560,2024-11-10,4013095.40432884,2981503.73672504
1561,2024-11-09,4002475.07751796,2941643.47331598
1562,2024-11-10,4013961.49578044,2973817.91280913
1563,2024-11-11,3991396.39680427,2972521.92706908
1564,2024-10-31,3996405.72603021,2954372.75141462
1565,2024-11-15,4006746.98510469,2959806.29424645
1566,2024-11-12,4015683.22372767,2959150.12055496
1567,2024-11-06,3998557.76128523,2956519.3960919
1568,2024-11-15,4001909.65829305,2952836.25435183
1569,2024-10-26,3986431.7111348,2983222.40454417
1570,2024-11-11,4005878.93828037,2977134.4909158
1571,2024-11-13,3998112.17124559,2954425.84193404
1572,2024-10-21,3993711.81358935,2970293.3937067
1573,2024-11-11,3997646.20942917,2954107.86479532
1574,2024-11-05,3998709.7073412,2958846.0389684
1575,2024-10-30,4002354.98039055,2934839.99505684
1576,2024-10-28,4018080.46584655,2954118.39259018
1577,2024-11-05,4010584.86382781,2955591.17578629
1578,2024-11-13,3979307.50331308,2930871.01546545
1579,2024-11-09,4004289.70402648,2952842.43838042
1580,2024-11-14,4016856.85339592,2958604.10209853
1581,2024-11-07,4006860.26622765,2956961.20084731
1582,2024-11-14,3993756.88867806,2956630.54474049
1583,2024-11-15,4024082.1006261,2963120.56597362
1584,2024-11-11,4009627.92200486,2956169.91036313
1585,2024-11-12,3993380.45934746,2966655.44537107
1586,2024-10-30,3992231.07020986,2968261.97569263
1587,2024-11-12,3995327.19650667,2956271.80709298
1588,2024-11-11,3993688.22658786,2959687.56026307
1589,2024-11-14,4016979.77473339,2964442.48530505
1590,2024-11-08,4013209.5881324,2984137.65385297
1591,2024-11-09,4010660.64676781,2982197.45991759
1592,2024-11-14,3999062.41116874,2920120.5458348
1593,2024-10-24,4006129.08687303,2950286.5764413
1594,2024-11-11,4005757.69747542,2955611.70483185
1595,2024-11-02,3999126.63307647,2945659.41569134
1596,2024-11-11,4006091.34392896,2968415.52194652
1597,2024-10-28,3994395.37654936,2968218.707615
1598,2024-10-30,4009536.11368116,2958995.0416449
1599,2024-11-10,4025064.67842034,2952776.81298004
1600,2024-11-04,3998174.59018877,2969498.32174252
1601,2024-11-17,3998098.40527898,2987646.03409788
1602,2024-11-09,4009700.36544805,2954656.52656512
1603,2024-11-12,4005730.5230945,2964789.82289722
1604,2024-11-03,3996729.46707255,2943714.44325791
1605,2024-11-11,4006620.7542736,2974789.75132114
1606,2024-11-13,4002418.20233576,2978260.15550997
1607,2024-11-16,3999125.38455484,2954036.06748007
1608,2024-11-10,3991859.46918383,2972956.93887
1609,2024-11-13,4010483.62504878,2960137.57270455
1610,2024-11-06,4026003.65684058,2975923.08505267
1611,2024-10-26,3984803.6415367,2972651.81228047
1612,2024-11-16,4007065.99095662,2938208.99160642
1613,2024-11-13,3981792.1156171,2972411.86425671
1614,2024-11-15,3997524.83377624,2968084.66746874
1615,2024-11-16,4013846.88271073,2958470.36393183
1616,2024-10-25,3997348.00595488,2938429.46702032
1617,2024-11-15,4018743.35069991,2967531.27126042
1618,2024-11-08,4021530.23014142,2977875.16969629
1619,2024-10-27,4012932.85446669,2960455.84636188
1620,2024-11-15,3988348.75370116,2960080.55263001
1621,2024-10-31,4025641.25571255,2961269.00648922
1622,2024-11-14,3995396.60835395,2944650.04475167
1623,2024-11-13,4014867.1174838,2964459.20829723
1624,2024-11-08,4012635.26882379,2955714.40167805
1625,2024-11-17,4013319.69250534,2983705.02038754
1626,2024-11-13,4012778.14827808,2955614.92203059
1627,2024-11-10,4002595.66057908,2951923.1618266
1628,2024-11-12,4013454.79398682,2970682.83783765
1629,2024-11-16,4001758.94101686,2952299.84767417
1630,2024-11-14,3999894.80420211,2945242.61652848
1631,2024-11-12,3993455.4011682,2951885.09007708
1632,2024-11-12,4011522.4239061,2956288.64143956
1633,2024-10-26,3991806.27070524,2973000.80264003
1634,2024-11-01,4009887.00235733,2959287.68605875
1635,2024-11-16,4003021.00336943,2953800.61665333
1636,2024-11-14,4011842.55262697,2955653.05543222
1637,2024-11-14,3998964.82208379,2955400.5775345
1638,2024-11-07,3992269.70909668,2971224.64211125
1639,2024-11-11,3989314.93266934,2973447.40790185
1640,2024-11-08,3997876.54311121,2952266.97603956
1641,2024-11-07,4005702.46186702,2956812.02962343
1642,2024-11-17,4014363.22829615,2955416.20259578
1643,2024-10-30,4013266.57581138,2960122.2562246
1644,2024-11-18,4012255.53418028,2947143.064799
1645,2024-11-17,4008841.16377863,2957587.34784987
1646,2024-10-27,3998404.30652038,2967284.54936735
1647,2024-11-17,4012391.41028194,2992913.10020128
1648,2024-11-18,3993101.44064919,2940226.96156344
1649,2024-11-16,4004195.61591638,2978604.38472493
1650,2024-10-30,4013360.31620517,2953599.19598185
1651,2024-11-14,4004909.23717352,2950950.2246587
1652,2024-11-05,4017018.45952386,2989644.76633952
1653,2024-11-12,4003408.87920343,2969796.20257527
1654,2024-10-28,3999366.47889969,2969434.60447334
1655,2024-11-02,3997660.05062185,2969423.89167587
1656,2024-11-14,4015194.897016,2956162.43956847
1657,2024-11-03,4013453.36518516,2961104.69999869
1658,2024-11-19,4006076.39495804,2943963.96830113
1659,2024-10-25,3995988.44268571,2956312.55776917
1660,2024-11-13,4011769.53232648,2953796.57311383
1661,2024-11-09,4007913.84337993,2957173.52843538
1662,2024-11-17,4012608.54514511,2977291.96388371
1663,2024-11-15,4005746.13313564,2953259.2130745
1664,2024-11-11,3997736.80931194,2943231.82213344
1665,2024-11-17,4001026.80954431,2954529.76998122
1666,2024-11-18,4001280.56439886,2955214.86327108
1667,2024-11-12,4008805.52273063,2956114.17663588
1668,2024-11-17,3984694.49091382,2941943.20274419
1669,2024-11-13,4012367.25898597,2959680.98104663
1670,2024-11-18,3991731.00923832,2958516.65531582
1671,2024-11-07,3998285.65108443,2956472.46503066
1672,2024-11-16,4001629.82755291,2954527.13048986
1673,2024-11-16,4004318.23009057,2990467.50746041
1674,2024-11-08,4007218.20433833,2954847.23163302
1675,2024-11-07,4001556.30272408,2956829.51781839
1676,2024-11-14,4010824.92791814,2956922.67064623
1677,2024-11-01,3992844.64760309,2956208.9238964
1678,2024-11-13,3993403.26708555,2986065.55748137
1679,2024-11-12,3993953.95026808,2983446.99792744
1680,2024-11-02,3997966.06100639,2940466.60213334
1681,2024-11-18,4007621.66601435,2959169.51310729
1682,2024-11-15,4015020.78663184,2968273.6367566
1683,2024-11-14,4006373.11617484,2978816.54246525
1684,2024-11-17,3994447.49475442,2955531.76715768
1685,2024-11-14,4007302.06471303,2944453.8621652
1686,2024-11-07,4013426.61991752,2968316.21849379
1687,2024-11-21,3982043.51836492,2986418.4612205
1688,2024-11-17,4011749.63877589,2975591.34278014
1689,2024-11-15,3998809.88099225,2952559.42061395
1690,2024-11-15,4021616.06543923,2968094.76588016
1691,2024-11-12,3999614.56504078,2950510.92207473
1692,2024-11-12,3995542.25630763,2954630.59332382
1693,2024-11-08,3999423.13764058,2945213.71517333
1694,2024-11-14,4007415.88249804,2955070.27111508
1695,2024-11-19,4004926.56069628,2953735.77155662
1696,2024-10-30,4008388.76595946,2958153.16021536
1697,2024-11-12,3995997.03755222,2944720.35002005
1698,2024-11-19,4008664.13208297,2956418.02388303
1699,2024-11-06,3995575.57997513,2944053.32688391
1700,2024-10-30,4010928.66847036,2955555.20969015
1701,2024-11-17,4003926.39540585,2952596.31357562
1702,2024-11-16,4012359.20430735,2945626.13777713
1703,2024-11-17,4011091.59051517,2959735.96127536
1704,2024-11-15,4010781.41050731,2958874.61386443
1705,2024-11-19,3993712.61501591,2954271.91478624
1706,2024-11-17,3998929.56610618,2953563.07343598
1707,2024-11-14,4008016.88542743,2957111.88569965
1708,2024-11-15,4005546.3569732,2951988.26876733
1709,2024-11-20,3999139.36259814,2936870.21248497
1710,2024-11-02,3998630.50330439,2956840.86072049
1711,2024-11-13,4000902.72852156,2953469.05828714
1712,2024-11-17,4002492.0967422,2956411.73370835
1713,2024-11-19,4000938.89468583,2968702.21487201
1714,2024-11-07,3998148.59222647,2941760.39371443
1715,2024-11-13,4016462.35461336,2966300.97745621
1716,2024-11-04,4000159.35353304,2969523.23154665
1717,2024-11-16,4014281.64128292,2960243.08546562
1718,2024-10-30,4012598.62475904,2945843.05625031
1719,2024-11-19,4010834.19193033,2965589.4489713
1720,2024-11-15,4001798.95550533,2956554.10339669
1721,2024-11-14,3995644.11248807,2957384.63139721
1722,2024-11-14,4004446.44976741,2950315.72211355
1723,2024-11-18,3998332.18380625,2945931.09285503
1724,2024-11-04,3998738.46290823,2971092.90322873
1725,2024-11-03,3992157.46260947,2940618.69593248
1726,2024-11-13,3987061.55062877,2955308.95095111
1727,2024-11-07,3998524.99457562,2969988.69902593
1728,2024-11-16,3996559.27382431,2954778.77270989
1729,2024-11-15,3991988.12208061,2959197.95423989
1730,2024-11-17,4003377.18910451,2957176.35651292
1731,2024-11-17,4027410.79852008,2962333.7852156
1732,2024-11-14,4013030.35165204,2958018.27595816
1733,2024-11-18,4016904.04191773,2952152.31951202
1734,2024-11-20,3998055.42755889,2968697.96864223
1735,2024-11-16,4011840.87328837,2954037.38080471
1736,2024-11-10,4007396.31794727,2956709.55065936
1737,2024-11-15,4004298.83338463,2955937.23859817
1738,2024-11-18,4000975.48995246,2955172.505464
1739,2024-11-18,3997533.12987298,2952849.72118156
1740,2024-11-21,4000163.84157418,2959569.13793262
1741,2024-11-19,4016672.31516094,2964626.38406164
1742,2024-11-16,3998310.51908915,2957831.74562875
1743,2024-11-19,3997868.31693572,2959753.68185195
1744,2024-11-18,4003860.11161513,2955543.23866479
1745,2024-11-08,3987245.62707113,2983560.45395821
1746,2024-11-16,4004431.08430992,2954710.19516359
1747,2024-11-14,4008046.16340509,2956241.65791624
1748,2024-11-17,3998639.86618822,2971251.75222014
1749,2024-11-18,4023006.67421366,2963368.37022119
1750,2024-11-20,4006362.87704467,2953868.78738379
1751,2024-11-15,3981806.83260227,2945417.55038519
1752,2024-11-03,3997244.34855346,2944943.25878685
1753,2024-11-07,4000224.02825032,2953792.11711778
1754,2024-11-18,4008658.67215431,2954363.17432655
1755,2024-11-11,4002587.46710571,2968513.87989305
1756,2024-11-19,3994345.07301112,2955582.36971514
1757,2024-11-20,3999324.33900279,2937162.19877749
1758,2024-11-20,4002816.64970461,2950644.62556989
1759,2024-11-15,3978709.49556819,2970057.59816122
1760,2024-11-18,4001339.40118472,2943491.34482811
1761,2024-11-19,4013326.82911388,2955830.7554092
1762,2024-11-04,4007733.07102933,2944134.65098098
1763,2024-11-20,4007701.14991311,2954216.17976932
1764,2024-11-13,4024789.31859098,2964193.22704202
1765,2024-11-17,3991125.31064565,2976199.37842206
1766,2024-11-15,3999886.8602903,2959607.35172697
1767,2024-11-22,4000192.57676971,2952307.14040875
1768,2024-11-20,3996996.84888473,2970370.12813273
1769,2024-11-18,4002491.0810211,2959331.4562452
1770,2024-11-22,3998837.34961667,2952475.76393374
1771,2024-11-19,3993695.17751566,2967786.24667411
1772,2024-11-04,3998384.34879272,2957123.90779643
1773,2024-11-10,3992697.30810995,2967159.62136052
1774,2024-11-12,4002558.72808996,2953172.83331132
1775,2024-11-08,4003411.07850537,2969205.25582934
1776,2024-10-31,4000597.54035581,2956764.824773
1777,2024-11-17,4000873.80184404,2952626.35832487
1778,2024-11-02,4000113.36512798,2945776.64653301
1779,2024-11-20,4008600.2467356,2979491.59825035
1780,2024-11-18,4008078.51190776,2973319.87656365
1781,2024-11-19,4001138.16284164,2967314.03550619
1782,2024-11-09,3998134.87513105,2943472.88397994
1783,2024-11-20,4002906.53456049,2956638.63354707
1784,2024-10-31,3997370.5250973,2958301.47380293
1785,2024-11-18,3997432.02734027,2960889.39799632
1786,2024-11-20,4009911.73328775,2956381.16796704
1787,2024-11-19,3999844.07534132,2954031.3490721
1788,2024-11-15,4000608.13300035,2953988.42794811
1789,2024-11-17,4003122.31938799,2955934.73073937
1790,2024-11-14,3992309.76361976,2965870.04317721
1791,2024-11-18,4008502.67184415,2975374.51389513
1792,2024-11-19,3995437.55769435,2986982.12794107
1793,2024-11-21,3985444.34540366,2953471.31955534
1794,2024-11-05,4003201.57158856,2956397.47913956
1795,2024-11-16,3997031.67754037,2939215.1876857
1796,2024-11-20,4013793.31620838,2971265.10041011
1797,2024-11-02,3982904.50855309,2963852.2882755
1798,2024-11-22,3999927.35632597,2967506.44291623
1799,2024-11-17,4004767.65674504,2969625.38698728
1800,2024-11-12,4005957.36242328,2954509.64849629
1801,2024-11-19,3998878.64635786,2969903.67605945
1802,2024-11-21,4004998.73337105,2955465.91034697
1803,2024-11-19,4012324.6095095,2951222.18387589
1804,2024-11-26,4003342.4873936,2954395.49089834
1805,2024-11-18,4002988.53368336,2953969.9286572
1806,2024-11-12,3986823.76984137,2975860.77941753
1807,2024-11-18,4002173.80323168,2971465.23708759
1808,2024-11-18,4017009.41571603,2964280.29185482
1809,2024-11-01,4013577.92295911,2964455.5000662
1810,2024-11-23,3996575.85420748,2954810.33549842
1811,2024-11-21,4013796.46458525,2962175.11099556
1812,2024-11-19,4003859.21839204,2943284.6560992
1813,2024-11-22,4004238.47204664,2968810.12914257
1814,2024-11-19,3998252.9670971,2939325.04549611
1815,2024-11-17,4008750.06147103,2954381.10116756
1816,2024-11-21,4015047.8648864,2960646.14493232
1817,2024-11-05,3989335.16888204,2933885.45771246
1818,2024-10-31,3998534.42300174,2955339.85115781
1819,2024-11-06,4014635.52514703,2963380.67257901
1820,2024-11-15,4004931.090081,2956981.20732565
1821,2024-11-17,4011606.35609066,2956131.66278462
1822,2024-11-10,3978957.98260334,2963247.74510107
1823,2024-11-19,4003747.110147,2954182.2596372
1824,2024-11-05,4013744.65412067,2978979.94464998
1825,2024-11-21,4010741.5899986,2952338.26345144
1826,2024-11-17,4013113.3180592,2955666.18514404
1827,2024-11-21,3998557.77487845,2935996.00087513
1828,2024-11-09,3997816.45218232,2971032.13328506
1829,2024-11-19,3990030.03895658,2991936.25689204
1830,2024-11-18,4005942.01938698,2957817.7572259
1831,2024-11-07,3996131.23104271,2944135.33678052
1832,2024-11-06,4012341.37050987,2960095.77564528
1833,2024-11-18,3980986.43412344,2988009.14299612
1834,2024-11-07,4004788.09740748,2956269.50353722
1835,2024-11-19,4005546.74997587,2951595.5556776
1836,2024-11-19,4012414.14680943,2958658.05323063
1837,2024-11-06,3998316.58631003,2969868.79715203
1838,2024-11-18,4002653.44068078,2972171.27431022
1839,2024-11-20,3999817.58209981,2953117.30964707
1840,2024-11-05,3991059.9805336,2974555.7154229
1841,2024-11-20,3988976.56741983,2972750.93875392
1842,2024-11-24,4016862.52173853,2965116.12611219
1843,2024-11-08,4004968.32643316,2956266.06467691
1844,2024-11-20,3997626.14223544,2954907.64161829
1845,2024-11-23,4010460.66224585,2956348.37194824
1846,2024-11-19,3995110.38005844,2987152.29219037
1847,2024-11-20,4001148.32634068,2953885.89166157
1848,2024-11-08,3992620.52600192,2967971.24682019
1849,2024-11-22,4000857.90109491,2951990.12702382
1850,2024-11-06,4018161.24118917,2981831.55464594
1851,2024-11-14,4003460.27454186,2955717.52244414
1852,2024-11-12,3999842.24540879,2952858.16385988
1853,2024-11-20,4002005.05757297,2993499.58739385
1854,2024-11-23,4009376.66674259,2971764.12909727
1855,2024-11-20,4029377.62632515,2959628.98415803
1856,2024-11-18,4010545.99031268,2974963.16848605
1857,2024-11-24,3996394.39178948,2968739.18696587
1858,2024-11-21,3995553.15656962,2970205.12914846
1859,2024-11-13,4015846.28387402,2960491.79530245
1860,2024-11-22,3998426.69612797,2953067.63329199
1861,2024-11-22,3990744.96762672,2954173.69247199
1862,2024-11-20,3999417.76501928,2945200.27171624
1863,2024-11-21,4012574.32010711,2960488.29486729
1864,2024-11-21,4010112.27960868,2955934.89521817
1865,2024-11-21,3986072.58559288,2961805.05017896
1866,2024-11-19,3984653.66745461,2996980.74360099
1867,2024-11-07,3996722.38069405,2970667.05267247
1868,2024-11-15,3995020.30948353,2956644.75291603
1869,2024-11-21,3990702.74797867,2992254.598825
1870,2024-11-18,4000102.26991889,2952178.06454905
1871,2024-11-08,3993356.97400934,2985628.04160491
1872,2024-11-07,4011794.76695567,2946003.14696438
1873,2024-11-21,3997569.60036174,2944068.63365954
1874,2024-11-20,4004605.86129855,2956166.93026154
1875,2024-11-25,3997901.23745126,2957626.44303422
1876,2024-11-17,3997264.29310437,2954101.42751517
1877,2024-11-23,4005779.09594357,2958429.78443259
1878,2024-11-11,3994260.69898076,2957455.86897244
1879,2024-11-18,3998798.91331604,2952634.2094718
1880,2024-11-21,3999425.19149729,2946461.06567785
1881,2024-11-03,3994019.95277684,2952186.81657653
1882,2024-11-04,4005446.94115535,2953382.03065082
1883,2024-11-22,4002926.49081172,2952770.89717523
1884,2024-11-09,3989429.44008255,2975438.58678956
1885,2024-11-20,3984410.52179566,2970283.79089721
1886,2024-10-30,4009339.1804021,2956797.21166505
1887,2024-11-10,4018603.39027858,2986721.73562947
1888,2024-11-05,4005847.98223195,2956797.01885631
1889,2024-11-24,4004093.00427252,2956650.42477507
1890,2024-11-06,4006144.03435561,2951633.46193115
1891,2024-11-20,4004465.68532814,2956165.23202198
1892,2024-11-22,4006999.87144864,2955635.9234914
1893,2024-11-20,4002541.30012101,2972623.98411328
1894,2024-11-21,4000095.1665748,2941472.4646398
1895,2024-11-22,3994663.98076089,2957149.71595821
1896,2024-11-20,4012286.21721288,2956249.00312089
1897,2024-11-06,4001385.75420225,2953443.66619214
1898,2024-11-24,4000456.23231058,2977689.51800792
1899,2024-11-18,4004935.27565901,2974812.05902371
1900,2024-11-21,4007436.19844064,2985532.3833906
1901,2024-11-20,4003306.89867077,2956395.55927184
1902,2024-11-15,4004559.2537729,2957677.75464523
1903,2024-11-23,4009696.21588325,2976713.28424695
1904,2024-11-19,3999058.80173655,2957822.92134592
1905,2024-11-19,3997827.51043299,2955855.9013979
1906,2024-11-22,3997474.96075564,2952272.86133427
1907,2024-11-20,4009492.4404161,2958413.10059752
1908,2024-11-15,4000417.0789517,2958324.04444722
1909,2024-11-03,4009290.86887044,2958185.29970216
1910,2024-11-22,3994040.29478097,2943147.45328713
1911,2024-11-22,4004783.50535616,2950396.85614623
1912,2024-11-21,4000178.44023869,2945797.45972178
1913,2024-11-20,3980923.66623359,2961593.93518382
1914,2024-11-01,3998895.3752769,2958515.77499108
1915,2024-11-18,3994738.17404429,2957586.66778118
1916,2024-11-18,4005496.27125819,2960053.22781416
1917,2024-11-21,4021344.43691486,2948433.033453
1918,2024-11-22,4004558.58192192,2959430.62313399
1919,2024-11-24,4011430.74926067,2956600.92767129
1920,2024-11-20,3997670.7855999,2958151.48612968
1921,2024-11-11,4004313.67716887,2957465.82712299
1922,2024-11-23,4012551.03389232,2956986.84073424
1923,2024-11-05,4014234.43283629,2959779.46265421
1924,2024-11-24,3998042.95518331,2956841.34360666
1925,2024-11-02,4001076.84739501,2968520.95026535
1926,2024-11-14,4011918.59636994,2967600.78789527
1927,2024-11-12,4010155.53725775,2952815.36162685
1928,2024-11-19,3993760.51694758,2950907.71399356
1929,2024-11-23,4019648.63699066,2975694.30695157
1930,2024-11-22,4002910.48418324,2952321.18793623
1931,2024-11-22,4002897.46158205,2969576.81405798
1932,2024-10-31,4001107.90244237,2957982.2710011
1933,2024-11-22,3995374.54145544,2956846.82694196
1934,2024-11-20,4009171.64755998,2957383.54063368
1935,2024-11-20,4004927.05844788,2955436.50064255
1936,2024-11-21,4019650.92419314,2939779.74099574
1937,2024-11-25,4008584.56314965,2958888.14095536
1938,2024-11-14,3984775.28062142,2939043.79489109
1939,2024-11-10,4004332.75646954,2969884.56354096
1940,2024-11-11,3994109.66288808,2954251.50797805
1941,2024-11-21,3998506.03077596,2939806.18019111
1942,2024-11-20,3988569.45239327,2962723.63274744
1943,2024-11-21,4018222.60054162,2976213.09727455
1944,2024-11-21,4000739.58921834,2955323.40446294
1945,2024-11-22,3993728.89384474,2956307.06190695
1946,2024-11-23,4021247.35065108,2954411.24733632
1947,2024-11-03,4013045.95701608,2960070.11277009
1948,2024-11-09,4010971.81798526,2967272.91767473
1949,2024-11-22,4024893.58868374,2950172.65661492
1950,2024-11-15,4010440.69328082,2958616.25875959
1951,2024-11-20,4009229.10486122,2966436.8931907
1952,2024-11-23,4014598.97424826,2963768.70869512
1953,2024-11-19,4001708.31903757,2956063.04194746
1954,2024-11-27,4011976.15570735,2960411.10537002
1955,2024-11-10,4004762.93928325,2951460.77177807
1956,2024-11-26,4008982.15863171,2940331.70995793
1957,2024-11-06,4004792.46656169,2959624.76625896
1958,2024-11-22,3998656.0347311,2959574.57592311
1959,2024-11-25,3997459.22674129,2986773.45716476
1960,2024-11-12,3990604.30479503,2959433.41832421
1961,2024-11-27,3996708.08619303,2953303.27874542
1962,2024-11-21,3997554.45474807,2937224.50749991
1963,2024-11-14,3991986.15679762,2958084.12458494
1964,2024-11-04,4019481.30296072,2964233.33734682
1965,2024-11-05,4008004.15864004,2952430.11057505
1966,2024-11-15,3996973.06883396,2956637.8595077
1967,2024-11-24,3993099.4435066,2929807.98607039
1968,2024-11-13,4020386.5822729,2958065.67418723
1969,2024-11-22,3994204.46486836,2972651.1972551
1970,2024-11-25,4009942.817215,2956861.80204313
1971,2024-11-18,3993979.73711707,2962044.112256
1972,2024-11-11,4004838.23669836,2958147.04775672
1973,2024-11-21,3998947.90836795,2935782.28994653
1974,2024-11-28,3990708.26222869,2941019.91886919
1975,2024-11-23,3996430.3178708,2967426.83288007
1976,2024-11-21,4002690.53119064,2969086.25555323
1977,2024-11-23,3986108.99915668,2998928.08862246
1978,2024-11-23,4004094.74781436,2955997.41087441
1979,2024-11-19,3997907.37557042,2956271.64062808
1980,2024-11-24,4009740.56761146,2957992.63176059
1981,2024-11-22,4000933.21659596,2942290.9956784
1982,2024-11-20,4004504.10254279,2958702.3190153
1983,2024-11-23,3993487.54563207,2959492.31954554
1984,2024-11-20,4031885.39875922,2979117.76189508
1985,2024-11-19,4001785.64777888,2954525.64196698
1986,2024-11-27,4002398.76614035,2962319.91217084
1987,2024-11-25,4004626.05753985,2955601.19189303
1988,2024-11-24,4009184.38601598,2955786.06549515
1989,2024-11-14,4006858.31491685,2943573.28484236
1990,2024-11-25,3990362.24514326,2926473.80813754
1991,2024-11-02,4010338.36501099,2982509.64444469
1992,2024-11-14,3999350.88570178,2959936.86907932
1993,2024-11-05,4014073.71862913,2959620.02378847
1994,2024-11-24,4007728.02992276,2955379.01794975
1995,2024-11-22,4013120.40702239,2961930.8248945
1996,2024-11-12,4008746.15811205,2947003.119818
1997,2024-11-24,4005130.2805639,2956900.68206499
1998,2024-11-27,4000528.43692107,2941606.36634744
1999,2024-11-25,4005450.18572315,2956373.07790633
2000,2024-11-28,4005909.37671909,2966646.71269212
2001,2024-11-14,4015454.12344762,2965127.9462038
2002,2024-11-25,3980896.49866854,2986737.33633708
2003,2024-11-22,4000366.39180808,2970117.25701351
2004,2024-11-23,4013305.74018718,2959411.23857367
2005,2024-11-23,4007397.63195114,2968968.25757775
2006,2024-11-26,4001152.81712541,2969371.58618686
2007,2024-11-27,3997960.46500099,2969435.73662229
2008,2024-11-25,4010806.0397124,2952929.99152507
2009,2024-11-26,4003860.50822598,2958326.53242749
2010,2024-11-29,4000766.45706495,2955260.13168177
2011,2024-11-24,3996683.15308456,2961021.36569913
2012,2024-11-24,3993227.85493592,2962728.57493096
2013,2024-11-12,4007035.07951512,2956867.62875983
2014,2024-11-28,3991715.28815333,2956206.80846437
2015,2024-11-26,3994213.0737157,2951975.52084398
2016,2024-11-17,3989531.84053379,2952934.01921105
2017,2024-11-24,3995359.35474488,2957255.74403231
2018,2024-11-27,4001996.85975767,2954269.09630359
2019,2024-11-26,4009223.76542284,2977709.75025909
2020,2024-11-22,4000948.64123935,2955804.20337566
2021,2024-11-24,3995934.40026505,2969415.92872599
2022,2024-11-27,4007167.61273175,2975129.24425489
2023,2024-11-23,4015154.90793699,2954641.54491405
2024,2024-11-11,4014656.09420697,2964965.28446478
2025,2024-11-07,4013209.57163375,2960512.96452598
2026,2024-11-24,4005279.0360835,2953676.22102979
2027,2024-11-25,4010383.93220647,2967496.01357849
2028,2024-11-08,3997068.75909539,2938428.41138103
2029,2024-11-25,4001570.98367295,2956711.13504291
2030,2024-11-13,3999965.74145724,2953312.07650055
2031,2024-11-07,4005076.47464584,2955690.68126137
2032,2024-11-14,3986166.06510214,2940312.27359884
2033,2024-11-25,3987921.40396777,2973322.2271904
2034,2024-11-24,4008973.22643843,2976749.46429822
2035,2024-11-25,4008148.91011922,2950447.08610342
2036,2024-11-20,4004777.01091054,2970604.20455053
2037,2024-11-10,4006906.45432619,2977905.26251591
2038,2024-11-25,4009638.1382544,2951795.81799782
2039,2024-11-13,4013344.65034041,2959497.25031564
2040,2024-11-08,3985316.62613818,2984705.15552647
2041,2024-11-30,4013247.80649392,2975171.43918159
2042,2024-11-26,4009133.62190252,2957905.3268284
2043,2024-11-21,4012305.36287764,2955996.52278097
2044,2024-11-23,3989128.4174803,2958386.22285211
2045,2024-11-25,4012499.39463411,2955679.24603524
2046,2024-11-26,4001269.00709836,2956183.79285727
2047,2024-11-09,4007385.25597818,2956415.30439246
2048,2024-11-15,4000804.64614396,2967696.98707827
2049,2024-11-10,4005026.19587843,2959319.37133338
2050,2024-11-24,4011870.03347873,2959195.95613137
2051,2024-11-26,4003115.55740084,2949938.21343123
2052,2024-11-25,3995227.73236601,2943908.72870163
2053,2024-11-24,3999870.82880903,2968793.04180356
2054,2024-12-01,3997699.21289986,2967251.56475217
2055,2024-11-07,4005549.28205,2953255.96850452
2056,2024-11-22,3998410.28763496,2970304.66662815
2057,2024-11-24,4001143.45915087,2954636.90092305
2058,2024-11-24,3998764.62767607,2953983.31615969
2059,2024-11-26,4009186.34778545,2951131.30822898
2060,2024-11-28,4016377.16396496,2960180.47775172
2061,2024-11-04,4023933.61784743,2964796.17450397
2062,2024-11-22,4005365.24681762,2978803.69804423
2063,2024-11-16,3998563.5226168,2940056.90071877
2064,2024-11-28,3995555.2985294,2944368.86280784
2065,2024-11-14,4013476.89814393,2958392.36935226
2066,2024-11-26,4004691.657318,2942736.97338162
2067,2024-11-27,3985747.4775417,2960421.56463343
2068,2024-11-23,4004492.90611194,2954378.36885728
2069,2024-11-26,3998240.36746096,2953206.61450967
2070,2024-11-24,4011635.59435799,2959995.76364604
2071,2024-11-24,4021944.3159066,2988357.7389957
2072,2024-11-13,4002547.12222829,2970916.01752859
2073,2024-11-26,4011445.74793037,2956809.42557889
2074,2024-11-24,4015215.76283106,2984955.57021008
2075,2024-11-25,4009597.10197894,2954188.66749648
2076,2024-11-27,4000061.56359288,2956863.56897641
2077,2024-11-23,3998797.02182678,2951975.21232216
2078,2024-11-25,4008832.06706749,2957291.16511985
2079,2024-11-28,4004679.29662472,2951114.84483569
2080,2024-11-24,3998872.2706011,2952936.01728729
2081,2024-11-26,4007903.92001803,2957005.16832835
2082,2024-11-29,4004581.97586856,2955746.6583757
2083,2024-11-08,4015913.34908723,2968224.88853287
2084,2024-11-26,4005482.01508142,2956878.218677
2085,2024-12-01,3983950.62542986,2957789.91095384
2086,2024-11-24,4005296.33269153,2956086.46747014
2087,2024-11-26,4005223.69209188,2977034.11399821
2088,2024-11-28,4010594.93786416,2959980.00633656
2089,2024-11-25,3987988.56294547,2977552.61243248
2090,2024-11-18,4003106.20925085,2952626.91586015
2091,2024-11-29,4008545.59478484,2975011.62104363
2092,2024-11-27,4005347.39349457,2958130.83462923
2093,2024-11-26,4006938.21236089,2944142.1606249
2094,2024-11-26,3993876.11564824,2951943.49941787
2095,2024-11-24,3994155.08518977,2951054.02501006
2096,2024-11-11,3994336.86732124,2929704.04036851
2097,2024-11-25,4016327.89928808,2971054.04943377
2098,2024-11-12,4001141.16075094,2953084.55953211
2099,2024-11-15,4001052.57879156,2935690.74535577
2100,2024-11-28,4014570.40081942,2973798.27068669
2101,2024-11-26,4011098.26350004,2993601.57302729
2102,2024-11-15,4011447.55030458,2935055.86678281
2103,2024-11-27,3992524.57946758,2958375.73517262
2104,2024-11-28,3997126.46404368,2945066.6332662
2105,2024-11-28,4009180.91338893,2952482.37378441
2106,2024-11-27,4010666.31438879,2951696.22097334
2107,2024-11-27,3995251.13086337,2969680.90528041
2108,2024-11-14,3978846.10292537,2969997.29580809
2109,2024-11-05,4005596.32364798,2956759.96678327
2110,2024-11-25,3999876.90770625,2953599.84497224
2111,2024-11-28,3995153.15253177,2969839.70445313
2112,2024-11-29,4008508.12793268,2967680.60615477
2113,2024-11-23,3988382.78880726,2968007.68482956
2114,2024-11-29,4008669.19565657,2955036.87057316
2115,2024-11-29,4009424.7488481,2952982.30685932
2116,2024-11-27,4014264.8026807,2956177.00139833
2117,2024-11-23,4010539.44340638,2958132.51523846
2118,2024-11-14,4005092.11985985,2953989.86213929
2119,2024-11-22,3983143.44710047,2963533.85976405
2120,2024-11-14,4007555.97080434,2976320.43910645
2121,2024-11-27,3998662.90385122,2946932.84026086
2122,2024-12-02,4001745.17990965,2953421.36876089
2123,2024-11-06,4003502.22835539,2956615.87086911
2124,2024-11-28,4014917.91540114,2980723.53230129
2125,2024-11-25,4008864.72402301,2955876.43377049
2126,2024-11-15,4002280.99323874,2971998.50702522
2127,2024-11-13,4018382.23078956,2927210.93347731
2128,2024-11-27,3996247.89128671,2946274.70217582
2129,2024-11-25,4002245.83829516,2959313.17034785
2130,2024-11-27,4002527.1013172,2931046.77812003
2131,2024-11-11,4005505.14578739,2956516.36833063
2132,2024-11-24,4008946.12734776,2957897.12990303
2133,2024-11-10,3999197.37233834,2969259.52132277
2134,2024-11-28,3996655.81372622,2955762.45264622
2135,2024-11-10,3993694.63540104,2958165.18044621
2136,2024-11-12,3996720.65144354,2945667.12197017
2137,2024-11-24,4003031.53026089,2952095.76608423
2138,2024-11-29,3999946.475911,2954349.14922779
2139,2024-11-29,3982495.67800114,2944773.4447366
2140,2024-11-30,4023170.05828694,2968808.42627146
2141,2024-11-16,4018090.10007572,2964596.31860254
2142,2024-11-30,3986979.07770749,2970875.7527122
2143,2024-11-29,4001387.61103361,2916861.5191019
2144,2024-11-29,4004935.42448108,2969908.24274691
2145,2024-11-27,4023090.49344216,2953374.86806022
2146,2024-11-05,4022685.63892946,2953863.98416142
2147,2024-11-27,4009205.97510815,2967182.94598113
2148,2024-11-29,4016217.40429389,2959604.23892805
2149,2024-11-14,4014338.96077755,2959242.84614816
2150,2024-11-25,4003510.75975532,2950126.75349567
2151,2024-11-28,4015191.26082905,2987028.56553142
2152,2024-11-22,3986022.90046621,2976678.82887173
2153,2024-11-26,3992725.66576109,2962829.32210147
2154,2024-11-26,4003692.39979067,2944122.30184887
2155,2024-11-28,4010238.62309064,2967582.44644653
2156,2024-11-14,4013807.05163858,2945861.16751189
2157,2024-11-30,3998137.57272213,2944917.18146807
2158,2024-11-30,3991351.5192286,2953771.80721996
2159,2024-11-27,3985122.82521511,2989713.22315518
2160,2024-11-30,4002194.48810428,2953083.01301147
2161,2024-11-28,4017116.79970229,2966698.33442338
2162,2024-11-29,4018199.14342732,2965131.21273522
2163,2024-11-27,3998247.75099023,2958643.14485918
2164,2024-11-13,3999415.17666194,2959166.67593437
2165,2024-11-28,3998544.1652219,2945938.5860754
2166,2024-11-28,4004735.93346234,2951549.94172349
2167,2024-11-11,3996213.09694828,2955608.34324417
2168,2024-11-30,4012197.8451556,2959895.01796266
2169,2024-11-18,3998211.80470443,2951974.81724484
2170,2024-11-28,4001072.34052061,2956777.00427303
2171,2024-12-02,3987753.03721995,2956781.99845227
2172,2024-11-30,4002004.14274082,2957054.85500338
2173,2024-11-05,4013797.64203434,2954705.74445383
2174,2024-11-17,3999031.58565208,2945127.57226732
2175,2024-11-23,4009122.46944699,2954794.00098697
2176,2024-11-21,3993144.11990226,2954772.40443761
2177,2024-11-30,3983041.48185336,2958810.20864101
2178,2024-11-26,4015230.84157158,2971996.52746369
2179,2024-11-16,3992675.05147044,2962553.56211883
2180,2024-11-29,3993796.00462337,2957895.20706783
2181,2024-11-26,3998675.798417,2933442.75771931
2182,2024-11-23,3994299.19957414,2967746.16930652
2183,2024-12-05,4008864.03528985,2943439.51600635
2184,2024-11-26,4002252.70846576,2959310.16828197
2185,2024-11-26,3989610.40300814,2957875.42983495
2186,2024-11-28,3987849.3247536,2957624.07264031
2187,2024-11-29,4003498.44636686,2953526.51768761
2188,2024-11-29,4007349.57835965,2956331.92142157
2189,2024-11-16,4011046.1473432,2960024.18315507
2190,2024-12-02,4011024.99948977,2957447.34256207
2191,2024-11-22,4020336.19073872,2962585.00896851
2192,2024-11-27,3993001.08060449,2974750.9547938
2193,2024-11-23,3996124.06205325,2985459.71497365
2194,2024-11-30,3993770.00107825,2986580.48746784
2195,2024-11-12,4005495.23128784,2974018.677544
2196,2024-11-29,4013938.48415022,2958831.59648069
2197,2024-12-01,4011678.01345549,2954208.93784774
2198,2024-11-30,3998280.69504767,2957275.94436262
2199,2024-12-04,4013451.77716324,2954516.3123468
2200,2024-11-16,4000968.6508391,2955856.04069723
2201,2024-11-19,4004330.09350086,2956609.91788515
2202,2024-11-28,4017640.04360349,2978483.25501553
2203,2024-11-20,4002563.65498831,2956020.83015204
2204,2024-11-15,3993452.98676397,2958650.71552249
2205,2024-11-11,4003780.67022576,2956193.08088556
2206,2024-11-29,3995470.39003175,2941961.44526889
2207,2024-11-28,4008651.11590962,2969468.92223909
2208,2024-11-29,3995887.43550866,2944493.29476828
2209,2024-11-30,3994554.81257595,2958565.07204833
2210,2024-11-30,4026271.91609946,2963536.9179975
2211,2024-11-27,3998695.62536309,2952518.54239314
2212,2024-11-26,3999330.03802553,2956634.63546204
2213,2024-11-08,3979749.208992,2968720.04962586
2214,2024-11-26,3981645.2486837,2969337.09293023
2215,2024-11-29,4003218.44830072,2957933.69261036
2216,2024-12-02,4008064.04541581,2955316.23243457
2217,2024-11-30,4008072.74351664,2957919.90620203
2218,2024-11-28,4019318.98507451,2973912.72807403
2219,2024-11-28,4005107.87911288,2958344.48908903
2220,2024-12-02,4013329.47435234,2958606.49690286
2221,2024-11-11,4011466.80027209,2959791.43687381
2222,2024-11-27,4003764.54406722,2979317.67012277
2223,2024-12-03,3988488.878872,2958543.85013401
2224,2024-11-28,4005366.88938418,2955521.16030674
2225,2024-11-28,3982261.0126858,2942482.90795382
2226,2024-11-17,3998851.09650824,2952198.26509271
2227,2024-11-20,3995250.08837994,2956721.27572083
2228,2024-11-26,4000734.43256846,2942603.45325801
2229,2024-11-22,3992877.36159931,2970656.99386724
2230,2024-11-19,3978587.6513328,2962910.33863289
2231,2024-11-19,4005991.70365439,2958594.61823042
2232,2024-11-27,3989297.54681266,2957264.22048283
2233,2024-12-01,4005437.05949123,2955001.3112045
2234,2024-12-04,4002468.94844257,2941707.09597533
2235,2024-11-30,3999436.59160193,2957869.75640689
2236,2024-12-02,4026765.19088889,2962336.23088081
2237,2024-12-01,3984440.87820271,2958036.70047996
2238,2024-11-26,4008280.66742693,2978309.66882409
2239,2024-11-30,4028922.09493504,2978318.97515052
2240,2024-11-29,4022783.54696417,2980016.06893972
2241,2024-12-02,4009325.19131607,2958040.71895918
2242,2024-11-24,4001366.34634131,2954095.53705947
2243,2024-11-22,4004193.37087786,2956085.48051511
2244,2024-12-01,4005278.82943361,2954910.86998722
2245,2024-11-12,4004466.47773912,2951484.16422423
2246,2024-11-18,4000677.24148253,2956353.02475738
2247,2024-11-30,4017715.9509064,2959929.68832853
2248,2024-11-27,4004033.98298091,2953347.94074466
2249,2024-11-30,4005678.47735777,2955219.31715844
2250,2024-11-29,3996689.94093085,2945120.3248535
2251,2024-11-23,3999193.74259115,2943404.31955955
2252,2024-11-26,3996536.95738537,2955446.87435831
2253,2024-11-29,4022064.75937259,2959076.03334838
2254,2024-12-01,3993607.75092767,2941855.88654042
2255,2024-11-30,3997841.79486657,2940885.77057441
2256,2024-12-01,3998661.68522881,2970017.78135891
2257,2024-11-22,3998270.4909607,2936592.75938159
2258,2024-12-03,4001942.03805288,2953997.3061648
2259,2024-11-30,3981914.21680574,2987557.45734173
2260,2024-12-02,3971276.62693768,2999952.56795125
2261,2024-11-12,3998295.1765413,2972964.80937986
2262,2024-11-28,4024529.72966208,2961482.1035815
2263,2024-11-30,3998446.89327904,2959647.90194946
2264,2024-11-30,4000871.98998162,2968105.65042282
2265,2024-12-02,4016729.66029131,2959656.2634523
2266,2024-11-28,3984045.1736016,2941556.91942739
2267,2024-11-27,3991391.64669449,2971214.69325123
2268,2024-12-06,3995882.89326186,2987018.92877433
2269,2024-12-04,4009986.95459508,2965259.271717
2270,2024-11-30,4009181.68092208,2956933.33276215
2271,2024-11-25,4003632.18063416,2955807.41991513
2272,2024-11-11,3993078.21540653,2958123.40606003
2273,2024-12-02,4000481.06902801,2945232.15573089
2274,2024-12-02,3982398.52254586,2960756.05660089
2275,2024-11-12,4009273.86353493,2955660.5899554
2276,2024-11-21,3992612.82838895,2958142.14608205
2277,2024-11-30,4013941.37226726,2959613.3361792
2278,2024-12-02,4014128.444362,2988832.75132081
2279,2024-11-29,3981995.25154647,2983964.35315415
2280,2024-11-15,3999223.61395476,2958888.51667934
2281,2024-11-18,4013988.14830968,2960579.89707188
2282,2024-12-02,4000577.22054163,2968287.90755132
2283,2024-12-03,3994871.24593808,2954318.19447339
2284,2024-11-30,4018114.81153507,2951725.5468962
2285,2024-12-01,4013164.22241285,2955715.08740296
2286,2024-11-11,3991228.30223489,2969635.16003371
2287,2024-12-03,4008484.53550481,2956187.17201823
2288,2024-11-29,4010097.90880424,2958849.36138187
2289,2024-12-03,4014645.64286548,2959872.0793385
2290,2024-11-30,4002405.29386356,2992215.70321462
2291,2024-11-30,4000240.58006045,2954375.88425627
2292,2024-12-01,4005469.1514959,2958088.98386529
2293,2024-11-28,3995036.7041757,2958325.14058034
2294,2024-12-02,4002140.76277489,2940657.27567773
2295,2024-11-29,4010465.14939829,2957415.89406769
2296,2024-12-03,3989682.78360606,2969858.46192496
2297,2024-12-01,4023778.91630603,2931011.09895276
2298,2024-12-03,4006039.39437277,2954819.30691825
2299,2024-12-03,3981988.22600572,2960715.2697901
2300,2024-12-02,4014551.39829393,2959332.19357722
2301,2024-12-01,3992841.67498519,2962872.14295012
2302,2024-11-22,4013446.29934106,2973518.64087393
2303,2024-12-01,3996952.76797194,2918390.66546233
2304,2024-11-26,3990833.26859304,2946897.7048182
2305,2024-11-27,3997753.14031866,2943761.55962529
2306,2024-12-03,3993174.65966444,2968255.76001366
2307,2024-12-02,4012099.64527518,2959751.99413242
2308,2024-11-27,4004342.94696496,2953832.25497785
2309,2024-11-26,3988939.48636894,2958091.05974608
2310,2024-12-01,4023317.9809214,2981398.43245103
2311,2024-12-01,3980369.85382233,2962403.33918592
2312,2024-12-02,3983805.14927093,2962267.4205589
2313,2024-11-29,4002749.72194943,2972577.59484867
2314,2024-11-29,4005808.12831484,2956055.4972122
2315,2024-11-14,4002686.56162314,2971724.33795305
2316,2024-11-22,3984543.12282939,2984565.19695728
2317,2024-11-23,4006171.17072052,2959045.90009992
2318,2024-12-01,4004086.84949306,2959343.13391531
2319,2024-11-16,3997494.31823924,2970330.43003308
2320,2024-12-02,3996814.29436727,2956110.39116161
2321,2024-11-13,4005867.0278628,2956651.40709022
2322,2024-12-01,3999174.06294626,2955397.61279846
2323,2024-12-04,4001157.52508004,2954821.90669169
2324,2024-11-11,4013809.38468739,2955059.8885151
2325,2024-11-29,3982067.85314008,2976567.25034325
2326,2024-11-30,4007749.3339786,2956835.09869564
2327,2024-11-27,3997874.05651615,2968936.33080402
2328,2024-11-20,3980838.67934593,2963147.32149282
2329,2024-11-10,3997723.26544569,2938773.47915581
2330,2024-11-23,4003382.46236538,2973756.97616116
2331,2024-12-02,4012658.23461103,2954038.20269788
2332,2024-12-04,4024357.48248453,2959741.51303325
2333,2024-12-02,3992979.91234507,2957592.99432213
2334,2024-11-16,3981294.04783535,2962453.0831526
2335,2024-12-02,3992468.1808534,2958510.74158633
2336,2024-11-16,4000989.92422679,2955750.03666126
2337,2024-11-26,3995007.14451855,2973098.98058198
2338,2024-11-13,3991017.34041841,2947141.07411182
2339,2024-11-25,4000429.74455748,2954776.62757786
2340,2024-11-14,3994718.84750348,2940585.00166742
2341,2024-11-17,4004846.91653972,2956869.95325817
2342,2024-11-17,4006282.91912629,2952538.72247883
2343,2024-12-06,3980281.76182674,2968306.40000343
2344,2024-12-03,4016525.27380062,2929639.92849129
2345,2024-11-30,3998109.09011684,2958718.84838228
2346,2024-11-26,4002187.89764399,2956463.42017239
2347,2024-12-02,4010977.59272222,2955904.30008217
2348,2024-12-05,4014435.11449734,2959721.82347401
2349,2024-12-05,4012236.81640085,2960110.88522742
2350,2024-11-24,4010607.76461733,2959038.0581108
2351,2024-11-23,4005827.97615205,2992009.67410482
2352,2024-11-24,4019693.35519316,2978034.58113578
2353,2024-11-14,4004344.79969868,2968417.11451623
2354,2024-11-28,4004647.23999569,2962933.41556973
2355,2024-12-04,4016326.36137034,2954897.70016528
2356,2024-12-05,4007588.29939118,2962749.34283745
2357,2024-11-16,4005648.58987814,2976007.13755466
2358,2024-11-14,4014972.77015676,2976600.53847976
2359,2024-11-30,4006238.67615822,2954861.06493358
2360,2024-11-25,3998666.66510162,2953623.38510953
2361,2024-12-04,3993617.14075577,2953160.47838391
2362,2024-12-01,3998003.19582971,2939204.34687198
2363,2024-11-26,3989364.47196108,2967662.96564478
2364,2024-11-17,4021362.88267998,2967613.16320011
2365,2024-12-02,4004939.11811535,2957948.34219713
2366,2024-12-02,4003183.90155016,2951820.31748186
2367,2024-11-15,3998349.02236224,2952890.43191787
2368,2024-11-28,4004341.75641253,2968971.55433377
2369,2024-12-04,3997993.83673685,2960059.95921952
2370,2024-11-30,3993302.5859192,2955205.54198598
2371,2024-11-17,4002765.20524226,2951485.95938992
2372,2024-12-01,4011733.42908138,2953125.26628197
2373,2024-12-07,4004527.9613428,2953881.04068066
2374,2024-11-30,4004044.12150163,2958388.60808918
2375,2024-11-29,3999870.31262066,2959257.1172696
2376,2024-12-01,3996877.14229554,2936615.4919919
2377,2024-12-04,4003984.7004366,2953974.6102479
2378,2024-12-03,3993976.02993674,2956765.4487807
2379,2024-12-06,4012960.20410333,2959536.93697383
2380,2024-12-03,4002149.5150368,2971707.54425895
2381,2024-11-14,4006332.3612088,2954212.19347402
2382,2024-12-04,4001675.544341,2970640.39990694
2383,2024-12-04,4017593.78584588,2966510.03110859
2384,2024-12-05,4013993.41828825,2957998.34848459
2385,2024-11-29,4009866.3553003,2966206.32943217
2386,2024-12-05,4001162.79658871,2955128.40934196
2387,2024-12-03,4005531.68410399,2943343.21960213
2388,2024-11-21,4012259.13982752,2977369.72034376
2389,2024-11-22,4003390.87204885,2953153.88040734
2390,2024-11-27,4009290.12070869,2956020.38293941
2391,2024-11-29,3989910.10014514,2961627.60517728
2392,2024-11-23,3993693.36195295,2957365.06419857
2393,2024-12-05,3999312.6841433,2953775.2434597
2394,2024-12-05,4005318.32271215,2969174.28669774
2395,2024-11-20,4005371.41972987,2977417.69982766
2396,2024-12-03,4014205.02903597,2960164.94855531
2397,2024-12-07,4016118.52463893,2974066.28164149
2398,2024-11-30,3996778.4286619,2980848.01401042
2399,2024-11-15,4023571.84141,2968491.32487616
2400,2024-12-04,4007562.88847594,2956790.4582033
2401,2024-12-06,3999861.71715071,2956117.63199258
2402,2024-12-02,4000072.87094629,2935906.72067872
2403,2024-12-02,4028514.46323668,2960943.70528089
2404,2024-12-02,4018625.06623258,2966762.90905097
2405,2024-12-05,4008000.1028858,2955579.30395964
2406,2024-12-06,3997552.77077493,2967649.42174262
2407,2024-12-04,3998526.94471734,2944404.11298239
2408,2024-12-05,3990048.62426865,2967786.82642367
2409,2024-11-22,3984023.65480222,2975061.38797592
2410,2024-12-04,4012434.56525908,2958244.403022
2411,2024-11-26,4008053.33903122,2953244.07285463
2412,2024-11-17,3981400.8947377,2987053.61471596
2413,2024-12-02,3990871.38824112,2973212.82141189
2414,2024-11-17,4009636.28485029,2957322.57004693
2415,2024-11-24,4002001.33562342,2959943.03178584
2416,2024-12-06,4020887.26443437,2987477.37882311
2417,2024-12-05,3998045.67491406,2972144.74984488
2418,2024-12-02,4003556.68228141,2953700.96645738
2419,2024-12-05,4002011.68955056,2955922.19339442
2420,2024-12-01,3999660.16266444,2958422.53105139
2421,2024-11-30,4007915.87819661,2955710.58589784
2422,2024-12-05,4005870.63341142,2943802.71206504
2423,2024-12-05,3995044.34078671,2957881.90807882
2424,2024-11-20,4013132.94741895,2949399.85339605
2425,2024-12-03,4005039.64786015,2958648.69202506
2426,2024-11-18,4008163.66842342,2975161.37101569
2427,2024-12-09,4001084.99874119,2952568.7298684
2428,2024-11-21,3996444.18556203,2943105.56723419
2429,2024-11-15,4005544.98307487,2955277.04698538
2430,2024-12-05,3990266.76495502,2956914.78506333
2431,2024-12-02,3996326.72438469,2944177.13457696
2432,2024-11-12,3982925.33611696,2983223.96405789
2433,2024-11-20,4003018.9637603,2953391.06790843
2434,2024-12-09,4013076.03979819,2958912.90766378
2435,2024-12-02,4010674.30427963,2957819.96528772
2436,2024-12-06,3998850.51208459,2955566.39825063
2437,2024-11-25,3999665.67833194,2969471.60480801
2438,2024-12-07,4001540.49441139,2954269.66958684
2439,2024-11-16,3998453.43703127,2955554.90554168
2440,2024-12-05,3991914.815314,2931827.39289075
2441,2024-12-02,3993086.7687782,2920576.3364661
2442,2024-12-07,4006984.59758148,2955777.86518625
2443,2024-12-08,4011119.59054962,2952452.28307171
2444,2024-11-26,3998542.10070444,2988204.6544247
2445,2024-12-05,3986392.55044774,2983516.02783559
2446,2024-12-03,3998493.3568359,2953453.27670219
2447,2024-12-10,4007211.39783464,2970186.63588264
2448,2024-12-07,3997352.73496739,2958117.60387481
2449,2024-12-01,4005741.49165626,2954255.8492617
2450,2024-11-29,4005872.00615294,2956174.94444749
2451,2024-11-24,3998294.85290788,2953764.54743694
2452,2024-12-05,4026623.85728023,2963871.34616624
2453,2024-12-02,3992399.42514838,2969662.90049553
2454,2024-12-04,4013424.96740254,2983719.55621865
2455,2024-12-02,4000284.81641468,2955949.68836141
2456,2024-12-08,4010045.48650646,2955445.55366252
2457,2024-12-07,4006316.88606584,2969845.86676732
2458,2024-12-02,4011234.96764667,2958502.94331455
2459,2024-12-08,3991245.81795093,2976617.92410982
2460,2024-12-05,4021049.67086137,2962866.68142069
2461,2024-12-08,4001784.0005689,2955283.8507255
2462,2024-12-02,4007933.74604437,2958355.98752777
2463,2024-11-25,4009963.59924132,2959280.49279083
2464,2024-11-29,3978977.47862914,2963289.92860004
2465,2024-11-21,4012767.23148264,2956299.6083382
2466,2024-11-25,4011816.70634792,2960096.74199911
2467,2024-12-07,4001857.43410201,2953745.54513766
2468,2024-11-19,3999054.47689279,2953994.14080231
2469,2024-12-04,3994718.79381042,2941248.37024386
2470,2024-12-01,3994333.45365192,2953745.67227515
2471,2024-12-03,4011137.52893815,2955203.49791344
2472,2024-12-05,4018786.46525493,2966637.79452355
2473,2024-11-26,4007098.47617177,2956997.92570106
2474,2024-12-04,4006237.48695145,2955402.99992947
2475,2024-12-04,3989871.15963301,2974291.8422204
2476,2024-12-06,3992699.56727935,2949367.53875428
2477,2024-12-05,4001578.87850977,2940628.99309692
2478,2024-12-09,4009229.0758891,2954432.59917264
2479,2024-12-07,3997397.46636087,2938579.07337707
2480,2024-12-05,4007911.18590508,2944323.3870643
2481,2024-11-28,4000530.44449365,2952209.76267691
2482,2024-12-05,3983008.98738562,2945875.23125992
2483,2024-11-18,4024407.15196034,2953752.57755337
2484,2024-12-05,4013345.10090952,2962022.6281165
2485,2024-12-05,3996197.49942436,2972018.51830927
2486,2024-12-04,3998940.91812162,2956318.38861051
2487,2024-11-22,3990931.09004249,2985766.71607041
2488,2024-12-06,4013576.58804446,2971245.59151532
2489,2024-11-25,4006979.68238607,2956528.88210563
2490,2024-12-04,4010534.87731486,2955789.51672688
2491,2024-12-05,3997770.07037715,2955823.29492821
2492,2024-12-04,4015258.13107296,2964252.84889179
2493,2024-12-04,4000812.67372412,2956965.00739886
2494,2024-11-28,3992045.48527654,2967131.22962271
2495,2024-12-04,3996782.60257066,2961467.62451474
2496,2024-12-07,4013304.11123325,2976043.86638686
2497,2024-11-23,3999927.82542383,2969181.72002286
2498,2024-12-07,3988459.01447418,2992666.79433683
2499,2024-11-21,3989785.64747937,2975044.85225148
2500,2024-12-06,3999991.25711684,2953086.12183621
2501,2024-12-03,3983587.50674074,2957592.86872801
2502,2024-11-26,3989534.06470218,2934897.21802814
2503,2024-12-02,4001949.86945416,2970843.00285625
2504,2024-12-08,4001955.77831821,2955362.54827241
2505,2024-11-27,4000939.93146218,2967003.9135942
2506,2024-11-25,3999118.29991942,2955790.2158197
2507,2024-12-06,4001168.98110582,2955420.98066779
2508,2024-11-14,3996952.83700513,2957974.18989565
2509,2024-12-04,3994978.28118738,2943211.69046662
2510,2024-12-05,4019545.94523467,2952109.82643114
2511,2024-11-15,4003956.35180267,2954415.34235847
2512,2024-11-25,3995538.41916915,2956490.93402526
2513,2024-12-02,3993460.97168526,2955081.33252333
2514,2024-11-27,4024513.86842778,2950433.7443755
2515,2024-12-05,4005147.5201346,2951256.15575838
2516,2024-12-03,4024516.5333506,2953170.18827809
2517,2024-11-20,4009886.20774166,2959135.32941207
2518,2024-12-05,3997277.97939706,2941080.24601271
2519,2024-11-28,4004031.02401011,2951772.58653307
2520,2024-11-29,3989102.40348425,2950639.32244425
2521,2024-12-06,4006869.88264981,2938273.98355244
2522,2024-12-05,3979668.54634258,2971185.82383549
2523,2024-12-06,4007181.67457152,2958544.51360624
2524,2024-12-07,3985055.8533694,2962698.78300507
2525,2024-12-06,3991289.14273102,2989638.82148176
2526,2024-12-09,4004136.50826619,2953743.11815883
2527,2024-12-11,3992829.90459319,2957958.44456107
2528,2024-12-07,4004391.82238972,2969348.1854012
2529,2024-12-05,4008280.09020953,2955937.66353844
2530,2024-12-07,4003534.9388479,2934179.95863533
2531,2024-12-08,3983649.65980617,2961366.31681026
2532,2024-12-05,4010079.67704933,2982950.25327272
2533,2024-11-22,3999708.1641699,2915622.74411901
2534,2024-11-24,4022625.62356194,2953334.15697561
2535,2024-12-09,4004354.59302466,2953414.18859597
2536,2024-12-08,3998659.30604647,2956214.06957492
2537,2024-12-04,3987006.59943961,2972187.88445944
2538,2024-11-29,4010545.34689953,2976330.72625464
2539,2024-12-08,4007128.68293762,2968518.16979375
2540,2024-12-08,4013782.52280406,2977468.97654602
2541,2024-12-05,4004206.54733995,2952117.5346674
2542,2024-12-05,4002186.92527508,2956540.25572705
2543,2024-12-09,3999405.09341399,2958301.4712714
2544,2024-12-01,4010516.36683988,2952626.67551561
2545,2024-12-09,4005898.35393331,2956408.26265062
2546,2024-12-05,4016805.5515477,2964117.25862214
2547,2024-12-07,4003850.37046515,2954427.96150938
2548,2024-12-10,4000174.05331674,2952989.92180691
2549,2024-11-23,3991383.74252857,2957719.54324765
2550,2024-11-18,4008658.88103933,2954312.09472262
2551,2024-12-08,4005171.76444512,2953387.19979243
2552,2024-12-09,4003131.60933532,2960068.04926029
2553,2024-12-05,4005466.97873532,2977367.53471751
2554,2024-12-05,4013211.0935771,2960679.75166856
2555,2024-12-03,4018907.24126036,2972604.47117291
2556,2024-12-06,4000423.17137408,2947082.93058594
2557,2024-12-05,4006945.92743538,2997710.588959
2558,2024-12-06,3987196.30011334,2992285.59532419
2559,2024-12-06,3990258.59470682,2952937.59638514
2560,2024-11-27,4002141.28156564,2953874.31034623
2561,2024-12-08,4007981.59227988,2978201.95839615
2562,2024-12-12,4007794.0280708,2954505.7775709
2563,2024-12-05,3998281.29135183,2939487.64511912
2564,2024-12-07,4017072.40768254,2959536.85045308
2565,2024-11-25,4028240.02101092,2947414.90566377
2566,2024-12-09,3994712.12391689,2955834.00891698
2567,2024-11-18,3997773.06296643,2941595.59684348
2568,2024-12-10,3993073.03964516,2956664.84528415
2569,2024-12-04,4004557.63067924,2954348.30713679
2570,2024-12-03,4001358.46473542,2944195.83790136
2571,2024-12-09,4013590.97218592,2959914.48043452
2572,2024-12-09,3994448.24282276,2973021.26387917
2573,2024-11-18,3993818.30407855,2950171.40588822
2574,2024-11-20,4008201.15618249,2978123.37099309
2575,2024-12-04,4006581.34124372,2969484.38475327
2576,2024-12-07,4007167.23644539,2957070.36650873
2577,2024-11-17,4003212.47560012,2971388.42488972
2578,2024-12-05,4012853.77730569,2960768.27012656
2579,2024-12-03,4013937.5522581,2960919.8336672
2580,2024-12-03,4009603.62713511,2954223.07643672
2581,2024-12-06,4007804.44485711,2957927.93819526
2582,2024-11-17,4024281.90200618,2958331.30020565
2583,2024-12-08,4027822.71123344,2962884.79974913
2584,2024-12-05,3997846.64732938,2955990.3523758
2585,2024-12-10,4000217.57535352,2956901.90889602
2586,2024-12-07,4002268.38319931,2941770.09333444
2587,2024-12-09,4000124.74805331,2954942.17914269
2588,2024-11-18,4003485.35098057,2977700.156571
2589,2024-12-06,4007661.85802996,2972048.56353694
2590,2024-12-07,4005833.21092081,2967843.68267148
2591,2024-12-05,4012187.74823704,2959130.37127577
2592,2024-11-22,3994711.90203748,2944183.7559088
2593,2024-11-18,4002882.53441197,2949686.80277067
2594,2024-11-23,3992649.64701818,2939056.09450292
2595,2024-12-11,4010271.97462895,2958397.86980476
2596,2024-12-09,3993015.4740184,2986322.62512632
2597,2024-12-05,3975293.14891875,2989842.01009346
2598,2024-11-22,3998275.32746873,2968269.46123289
2599,2024-11-26,4016498.66791061,2966048.96326431
2600,2024-12-09,3989959.53858379,2953994.52787509
2601,2024-11-24,4003619.71847929,2959346.40566416
2602,2024-12-11,3985897.01748133,2938419.80181586
2603,2024-12-04,3997146.99451296,2955016.59048661
2604,2024-12-01,3997581.4688874,2945007.68216062
2605,2024-12-10,3998922.45011467,2951583.9895721
2606,2024-12-08,4000697.95433061,2956699.21298434
2607,2024-12-09,4013716.95089852,2956399.15468927
2608,2024-12-05,3993947.19689428,2955295.09451882
2609,2024-11-29,3995435.71358297,2937516.80072994
2610,2024-12-08,3996680.84359827,2938461.77479732
2611,2024-12-07,4003251.3691574,2951684.14455529
2612,2024-12-03,4003256.53481393,2952990.95971143
2613,2024-12-11,3999680.07548141,2954688.53553045
2614,2024-12-04,4016889.2256978,2951109.7976174
2615,2024-12-05,4015961.99927426,2958657.86126696
2616,2024-11-18,4009251.3039985,2967955.14450193
2617,2024-12-04,3994106.42538155,2962051.63336507
2618,2024-12-09,3994931.3231218,2973753.86790522
2619,2024-12-08,3998870.07017094,2969724.17644414
2620,2024-12-02,4003448.96128402,2974675.17305278
2621,2024-11-22,4017966.70600753,2967777.47305698
2622,2024-12-05,3986529.58714359,2971185.09649916
2623,2024-11-27,4004632.63990293,2955911.80666733
2624,2024-11-23,4007268.07669342,2954002.17524865
2625,2024-11-23,3988461.25927255,2960743.07236962
2626,2024-11-25,4022163.30252028,2982001.91703388
2627,2024-12-04,4001476.26994444,2956784.09489938
2628,2024-12-07,4010187.852987,2952410.02861798
2629,2024-11-24,4003362.26293899,2958191.9089092
2630,2024-12-12,4006389.05248682,2954217.51872038
2631,2024-11-20,4012202.06909668,2960309.27959079
2632,2024-11-24,3996306.49041037,2955548.05575879
2633,2024-12-14,3996996.01597487,2945150.22391477
2634,2024-12-07,4000074.05714589,2956341.56559137
2635,2024-12-07,4002899.87966385,2952126.57194821
2636,2024-11-25,4005377.3940917,2957268.99677317
2637,2024-11-24,3995805.96308001,2961985.96511281
2638,2024-12-04,4013360.53000107,2954963.33954995
2639,2024-12-14,3986839.23292895,2959406.89687874
2640,2024-12-07,4009163.45757999,2958107.00361018
2641,2024-12-09,4004433.01150888,2953856.34082806
2642,2024-12-04,4007648.39543163,2937612.6980238
2643,2024-12-05,4012631.66428782,2973417.50781108
2644,2024-12-13,4013204.36155512,2976100.87991934
2645,2024-12-08,4012661.96107769,2946066.44688788
2646,2024-11-30,4014104.27422503,2990575.25587102
2647,2024-11-29,4007197.37036334,2953876.3084558
2648,2024-12-08,4006602.31120196,2957753.67930233
2649,2024-12-08,4005758.75042633,2957466.48078454
2650,2024-12-07,4004810.26672019,2956165.07528868
2651,2024-12-01,3999664.62464265,2955217.25513285
2652,2024-11-19,4005592.72782388,2953945.8454911
2653,2024-12-11,4007382.94724666,2979663.82778578
2654,2024-12-07,4005951.81577326,2969436.12008307
2655,2024-12-11,4004849.95948079,2970385.96029179
2656,2024-12-05,3998317.27700469,2956086.29053913
2657,2024-12-11,4003969.00320319,2972853.54005574
2658,2024-11-27,4012433.0427881,2960901.88988068
2659,2024-12-12,4004960.65770871,2955726.67667543
2660,2024-12-10,3996376.214165,2956449.99986718
2661,2024-12-10,4006880.64390774,2956726.86447555
2662,2024-12-06,3991694.35754149,2955311.77827029
2663,2024-12-09,4004426.11613736,2953305.55807829
2664,2024-12-12,3988708.37050119,2970989.82281506
2665,2024-12-09,4029172.52871989,2977932.12923736
2666,2024-12-08,4003219.46412707,2968408.84630035
2667,2024-12-10,3991232.78179429,2971410.83269514
2668,2024-12-04,3997928.10369989,2956901.35765032
2669,2024-12-11,4000409.27707431,2957650.28051887
2670,2024-12-13,4004945.84801864,2952257.43801963
2671,2024-12-06,4009918.29162201,2969242.35913663
2672,2024-12-09,4016330.1338109,2976155.41429628
2673,2024-12-07,3999453.21312774,2946645.18007862
2674,2024-11-21,4001011.25094009,2939268.22833237
2675,2024-12-07,4011308.14009567,2958200.44489014
2676,2024-12-08,4003919.03097671,2946474.61501206
2677,2024-12-11,3995312.48364294,2956156.83216974
2678,2024-12-10,4000599.15483123,2955811.79166992
2679,2024-12-01,4006359.00737829,2970549.40741662
2680,2024-11-22,4009731.28153581,2951382.16645745
2681,2024-11-22,4000834.50864687,2945023.16281181
2682,2024-12-09,4001719.92731823,2957298.26769687
2683,2024-12-07,3999099.74406253,2959475.88331322
2684,2024-12-10,4022543.81343233,2972261.00899773
2685,2024-12-05,3997467.56160172,2941881.10706352
2686,2024-12-11,4007345.38717053,2954531.3979343
2687,2024-12-10,4011760.30296928,2959236.26834927
2688,2024-12-02,4013061.80643228,2958733.54757679
2689,2024-12-05,4015039.90487436,2956018.92988091
2690,2024-12-07,3983611.71628725,2959233.34111825
2691,2024-11-20,4002769.71642602,2940791.29584882
2692,2024-12-07,4006793.28564327,2947459.15451375
2693,2024-11-27,4005225.9020922,2939105.56861408
2694,2024-12-11,3985397.91667837,2969895.37039471
2695,2024-12-09,4010584.85651401,2975086.76146652
2696,2024-12-11,4013224.0829535,2945701.12023179
2697,2024-12-11,4008627.82177984,2977577.5768033
2698,2024-12-07,4000801.04057006,2970217.61271943
2699,2024-12-01,4016812.92593727,2973694.74403925
2700,2024-11-22,4001254.09131993,2953774.78919337
2701,2024-11-23,3994784.03010849,2955566.82219583
2702,2024-11-24,4001663.43236566,2953220.08389294
2703,2024-12-10,4008100.36340269,2978694.43279065
2704,2024-12-01,4009947.5997181,2974900.33648019
2705,2024-11-24,4003644.63490186,2972189.63935131
2706,2024-11-23,4002528.96439849,2954727.09549965
2707,2024-12-11,3997210.88300227,2985513.91815117
2708,2024-12-11,4001393.21249698,2990839.93737
2709,2024-11-26,4014096.75801601,2960094.03854156
2710,2024-12-06,4002674.52036902,2956755.6868066
2711,2024-12-06,4002022.58983461,2957099.18374431
2712,2024-12-11,3997538.90688738,2942697.6372841
2713,2024-11-23,4000570.14529892,2956435.70727487
2714,2024-11-24,4012610.68522135,2953623.05287038
2715,2024-12-11,4014024.31935096,2955468.6701243
2716,2024-12-09,4001908.95579918,2954259.55082517
2717,2024-12-10,4012654.65467818,2960292.23749908
2718,2024-12-02,4000222.01808869,2953894.7350465
2719,2024-11-30,3998984.63675781,2957464.45481892
2720,2024-12-09,3990230.81614348,2952018.93980868
2721,2024-12-06,4028606.12064896,2978534.64245115
2722,2024-12-07,3992032.85869321,2926365.89282387
2723,2024-11-22,3988549.5187566,2925659.4211089
2724,2024-12-10,4011957.80242848,2944838.40910312
2725,2024-12-12,4006265.00625889,2957428.44024398
2726,2024-12-07,3991898.40944996,2959164.31905637
2727,2024-11-27,4003914.19819897,2942682.91307157
2728,2024-12-13,4003766.36608741,2955597.0818924
2729,2024-11-24,3994057.14221561,2951000.99628026
2730,2024-12-11,4005637.71152123,2956064.81892595
2731,2024-12-10,3998191.55583501,2966729.49398554
2732,2024-11-21,3989704.13149071,2967897.42036413
2733,2024-12-10,4006537.19101979,2956332.57012575
2734,2024-11-17,3986338.41901772,2971092.78223366
2735,2024-11-25,4010170.71971679,2957737.20594749
2736,2024-12-13,3985466.85142766,2974589.51068732
2737,2024-12-04,4005409.05780023,2956189.77821456
2738,2024-12-11,3996791.82450727,2986084.34871189
2739,2024-11-30,4010548.92171235,2968873.9056698
2740,2024-12-08,4009530.00768678,2956451.35574599
2741,2024-12-12,4024376.13952263,2975909.47708174
2742,2024-12-12,3991999.16435219,2957129.40729349
2743,2024-11-28,4000911.80391037,2952547.67030938
2744,2024-12-10,4003383.5941574,2974068.01059854
2745,2024-11-25,3983117.33525409,2983260.59104246
2746,2024-12-10,4005376.30724954,2958077.83398854
2747,2024-12-08,3999296.43013169,2954124.34178824
2748,2024-11-25,4002796.30369632,2956870.57382412
2749,2024-12-10,4007355.28026444,2955319.02363555
2750,2024-11-22,3993846.50108906,2956432.79853773
2751,2024-12-14,3995066.72387961,2956286.87702308
2752,2024-12-10,3998260.05488754,2915445.98949519
2753,2024-12-10,4003190.22714883,2976382.46686534
2754,2024-11-22,4014471.16779583,2964016.37699631
2755,2024-12-04,3997724.92195869,2969107.18489876
2756,2024-12-10,4011408.98595123,2967045.14352847
2757,2024-12-01,4015667.7115753,2963430.57908519
2758,2024-11-18,3996738.38657323,2960722.71709109
2759,2024-12-09,4005695.67049304,2953589.22477767
2760,2024-12-12,4006068.27014553,2938206.02509761
2761,2024-12-09,4006725.81011295,2978129.00110598
2762,2024-12-15,3986871.06401751,2984074.4532248
2763,2024-11-30,3993316.82742415,2987887.7168305
2764,2024-12-04,4001400.19427982,2994394.82326021
2765,2024-12-01,4000789.85413502,2995024.74886616
2766,2024-12-07,3993313.33529615,2968407.52547242
2767,2024-12-10,4010927.97218898,2957819.10918934
2768,2024-12-10,3996836.89982144,2958732.38966928
2769,2024-11-30,4010137.27885839,2952550.78622672
2770,2024-12-12,4017180.24946972,2993122.23412721
2771,2024-11-24,4002114.78108373,2956485.0214946
2772,2024-12-10,4023481.73862781,2948514.91275521
2773,2024-11-21,3994507.43290118,2955071.96552934
2774,2024-12-07,4012897.25966196,2932287.95234901
2775,2024-11-21,3992719.3434403,2930657.91285361
2776,2024-11-26,4000902.76389414,2944998.79599142
2777,2024-11-25,3988419.17845523,2926755.40538273
2778,2024-12-07,4009749.87229879,2953649.27037186
2779,2024-12-06,3988616.17230736,2957038.64528649
2780,2024-12-12,3993436.90574345,2957936.35368583
2781,2024-12-12,4000773.87167165,2944244.37198152
2782,2024-12-10,4014112.28156495,2959648.83095773
2783,2024-12-10,3997085.17007369,2958825.90082615
2784,2024-12-10,4009654.35215777,2956841.96214035
2785,2024-12-12,3998565.69027176,2956060.4366843
2786,2024-11-26,3981860.36047782,2974567.7541152
2787,2024-11-29,3989627.52616017,2951758.92153738
2788,2024-12-13,4025867.77310911,2959096.64299615
2789,2024-12-11,3992607.36329228,2957256.60712499
2790,2024-12-10,3997813.16121045,2958473.78356976
2791,2024-12-17,4007111.64028717,2954876.86543287
2792,2024-11-23,4004465.13661393,2955814.70973598
2793,2024-12-07,4004506.52057628,2952876.60902011
2794,2024-12-11,4024902.29234294,2959539.78909023
2795,2024-12-11,3999344.78818467,2969179.7682872
2796,2024-12-08,3995743.79147242,2940167.84460501
2797,2024-12-15,3994355.08322467,2929046.66396088
2798,2024-11-22,3984835.48356871,2985997.38610014
2799,2024-11-21,3996520.47076527,2956606.57140789
2800,2024-12-16,4001140.69209032,2945030.19549402
2801,2024-12-10,4000393.60481386,2959603.14113976
2802,2024-12-06,3991969.0452501,2957986.00557664
2803,2024-12-10,4005605.79706682,2954878.35608139
2804,2024-11-21,4008438.05225803,2958007.3040193
2805,2024-12-11,4005976.24124508,2952635.98982503
2806,2024-12-07,4005666.36382028,2952197.16447146
2807,2024-12-06,3997277.64004401,2959875.82782507
2808,2024-11-22,4004423.97623759,2952516.01807029
2809,2024-12-08,3985992.48734098,2954048.92071328
2810,2024-12-03,4013671.84901118,2953923.77129273
2811,2024-12-11,4010100.18620413,2959792.77706442
2812,2024-12-15,4011913.88768652,2973885.85866792
2813,2024-11-29,3999614.84897142,2957967.55480174
2814,2024-12-10,3994946.21286134,2951942.62822505
2815,2024-12-08,4025963.97133397,2958748.62905938
2816,2024-12-06,3995579.37037347,2956266.20523138
2817,2024-12-08,3996442.1242871,2957541.81280814
2818,2024-11-21,3983416.50010189,2939236.62508218
2819,2024-12-12,3989080.3816324,2961165.7044325
2820,2024-11-28,4008701.76644932,2959054.87070166
2821,2024-12-08,3997963.44614619,2956300.04217664
2822,2024-12-12,4013322.89880388,2954248.10419036
2823,2024-11-25,4012752.62874236,2955798.97673376
2824,2024-12-12,4012484.63220197,2982847.33371688
2825,2024-12-14,3993599.25565147,2958901.38885578
2826,2024-12-08,3990613.7377335,2967347.02567909
2827,2024-11-22,4005310.93540211,2957420.47824902
2828,2024-12-02,3998400.94248001,2955019.50827278
2829,2024-11-30,3998533.50970676,2935217.40547083
2830,2024-12-12,4002343.06409539,2935859.08878361
2831,2024-12-13,3995282.38720085,2985538.82065254
2832,2024-12-11,3986738.86284585,2953583.82375466
2833,2024-12-09,4030777.8869741,2981680.47303912
2834,2024-12-11,3992508.55035271,2973093.90120911
2835,2024-12-12,4013250.94705383,2929627.76770474
2836,2024-12-01,4003967.07944962,2944170.72701748
2837,2024-12-11,3996892.14591318,2960759.85610438
2838,2024-12-10,4010958.79443442,2959990.94845692
2839,2024-12-13,4025721.90547376,2960632.95799313
2840,2024-11-27,3991751.21009068,2986023.06446634
2841,2024-12-14,4000799.61530214,2955649.38344388
2842,2024-12-10,4025988.94328813,2963954.99059969
2843,2024-11-26,4004669.17188168,2953099.47119185
2844,2024-12-10,4001384.76280226,2937131.66163336
2845,2024-12-13,3990142.55888905,2953713.24614167
2846,2024-12-15,3996050.4741221,2961770.31468062
2847,2024-12-19,4004448.23884461,2951908.11912191
2848,2024-12-07,3979060.66170772,2972651.03211452
2849,2024-12-07,3995034.34384823,2970865.34557187
2850,2024-11-23,4000834.10398632,2967804.45204349
2851,2024-12-14,3994285.93482172,2957878.41105862
2852,2024-12-12,4001283.47227168,2956093.98609234
2853,2024-11-25,3997251.64691717,2957682.39184158
2854,2024-12-03,4003059.37787311,2959710.19142137
2855,2024-11-28,4007730.2087161,2957119.37884631
2856,2024-11-30,4000875.9617139,2977477.93912542
2857,2024-11-22,4002622.70910125,2955149.66491139
2858,2024-12-06,3995001.46715946,2957612.82455622
2859,2024-11-27,4013974.28185864,2960748.09849146
2860,2024-12-07,4000368.74315757,2952682.94203273
2861,2024-11-23,4008956.88309819,2973914.11442948
2862,2024-12-16,4006095.72729231,2969310.2036832
2863,2024-11-24,3994622.50502001,2956173.37726665
2864,2024-12-01,4006533.92724325,2976720.23564834
2865,2024-12-02,3983882.52721158,2973062.05469469
2866,2024-11-28,4005719.75315945,2968701.36919799
2867,2024-12-14,4008482.5066683,2958450.60926863
2868,2024-12-10,3996735.89015411,2958756.44456217
2869,2024-12-14,4008582.04700671,2950603.92053472
2870,2024-12-11,4003595.28545679,2954796.05143635
2871,2024-12-11,4016571.83366824,2954673.17881625
2872,2024-12-16,3976714.47936976,2955309.27831129
2873,2024-12-15,4009919.52385598,2959157.83997774
2874,2024-11-25,4012855.27427704,2959659.98062549
2875,2024-12-13,4012100.78402121,2955811.06778063
2876,2024-12-12,4012138.50026636,2958681.94739917
2877,2024-11-26,3995545.54990715,2971793.87416473
2878,2024-12-11,4001704.67709831,2952682.59397423
2879,2024-12-10,4002604.06786538,2954839.33711595
2880,2024-12-13,4010896.00002283,2958370.39737004
2881,2024-12-11,4009166.3433579,2954485.91969723
2882,2024-12-15,4003557.00108196,2954830.48387066
2883,2024-12-10,3996042.32984719,2942945.0112563
2884,2024-12-14,3999393.85485021,2952505.71117361
2885,2024-12-07,3993256.40847205,2959325.53497344
2886,2024-12-13,3983023.46222024,2962890.74104359
2887,2024-12-12,4003282.12173961,2957361.37931056
2888,2024-12-11,3994940.9183013,2957876.15837999
2889,2024-12-09,4007772.76922904,2957339.0429249
2890,2024-12-12,4001456.11663579,2940231.08120109
2891,2024-12-12,3997807.26106822,2943073.03413507
2892,2024-12-18,3992594.80981035,2962388.2018418
2893,2024-12-15,4008527.64806803,2956528.44166719
2894,2024-12-01,4012499.29288043,2974884.33132833
2895,2024-12-12,3992910.67335909,2970206.87941513
2896,2024-12-16,3989655.75550884,2952355.67172213
2897,2024-12-15,4013890.4633875,2955890.10154291
2898,2024-12-09,4001295.06525465,2953178.78142722
2899,2024-12-11,4010138.61013082,2940184.55026563
2900,2024-12-12,4012018.67096324,2955830.34263133
2901,2024-12-13,3998466.26474495,2957640.24663273
2902,2024-12-12,4008226.83629632,2956834.99189408
2903,2024-12-15,4025689.63255476,2962744.68118456
2904,2024-11-29,4001194.01105324,2958185.12625959
2905,2024-12-15,4006839.54356181,2951747.61542312
2906,2024-12-12,3997417.5556853,2971193.09329859
2907,2024-12-04,4008227.19018122,2951354.27840012
2908,2024-12-17,4004906.6485744,2977409.7238223
2909,2024-12-13,4002966.57572499,2951553.54400313
2910,2024-12-02,3989005.65348326,2994074.29694468
2911,2024-12-12,3991100.84642622,2959705.50812348
2912,2024-12-13,3996584.02099248,2957383.35005119
2913,2024-12-11,3997884.99348439,2955117.72005617
2914,2024-12-11,4008934.00866062,2955591.25465422
2915,2024-12-13,4007280.9572831,2962992.11397467
2916,2024-12-09,4003597.61077615,2969561.62731403
2917,2024-11-24,4009134.24448662,2957105.04739449
2918,2024-12-12,4011164.82589837,2955711.52149343
2919,2024-12-16,4033389.78898844,2978756.54450323
2920,2024-12-14,4002719.61480267,2968893.43599959
2921,2024-11-27,3994276.43554906,2963059.46494486
2922,2024-12-15,3996783.43011586,2955562.8327567
2923,2024-12-11,4012149.36805646,2959998.61328632
2924,2024-12-14,4011908.19056595,2958392.09314045
2925,2024-12-16,4007940.82269539,2944937.32789369
2926,2024-12-02,4004480.89193244,2959758.36611103
2927,2024-12-15,3975756.32514528,2970128.11995167
2928,2024-12-03,3995481.58634936,2944649.5341514
2929,2024-12-02,3999872.76367839,2941877.40862303
2930,2024-12-14,4001073.98010886,2952454.50850138
2931,2024-12-15,4011089.90517978,2959693.3619246
2932,2024-12-06,4013408.10223497,2958904.41769994
2933,2024-12-15,4005352.59720323,2958563.87670213
2934,2024-12-13,3995069.20346146,2958590.38379919
2935,2024-12-15,3974065.15648484,2964290.4459428
2936,2024-12-14,3993003.45972365,2959189.50790038
2937,2024-12-14,3997641.73424249,2942526.40616264
2938,2024-12-10,4000537.66992795,2934482.23819969
2939,2024-12-13,4025820.28234123,2961799.53534785
2940,2024-12-16,3982203.6948983,2943223.98589234
2941,2024-11-23,3997890.66342198,2944406.90877216
2942,2024-11-30,4011912.20893243,2960759.50669807
2943,2024-12-12,3987364.58416122,2972627.13472907
2944,2024-12-06,3998381.27923586,2920401.06381896
2945,2024-12-16,4000360.71329914,2940443.77744557
2946,2024-12-08,4008223.95579261,2973028.79230722
2947,2024-11-29,4004849.86830368,2957664.17781698
2948,2024-11-25,3999134.30965817,2969677.5366305
2949,2024-12-11,4002689.16631231,2970236.38881036
2950,2024-12-11,3998936.10375848,2981361.91524686
2951,2024-12-11,3981518.48058768,2972991.69713547
2952,2024-12-04,4007104.54954449,2956904.02170531
2953,2024-11-24,4006775.67054675,2959224.97977401
2954,2024-12-13,3992851.85195637,2957570.29006222
2955,2024-12-19,4003522.51478133,2953575.88978366
2956,2024-12-05,3992688.15223856,2925145.00776906
2957,2024-12-15,4004223.99085128,2970039.08441151
2958,2024-12-02,4001471.35519912,2957177.80431723
2959,2024-12-07,4008191.82650715,2968661.81334147
2960,2024-12-16,4011078.38557004,2959541.02694951
2961,2024-12-14,3995169.70924748,2972425.54364338
2962,2024-12-16,4011944.20436563,2973120.67848318
2963,2024-12-12,4013228.4535511,2959290.74683302
2964,2024-12-05,4007744.76365174,2956674.94742963
2965,2024-12-05,3991974.28802701,2968501.20637464
2966,2024-12-13,3982830.85113383,3001288.6316165
2967,2024-12-10,3998411.71745502,2945963.92844552
2968,2024-12-11,3997982.10461096,2954707.3785196
2969,2024-12-06,4000396.04888552,2957024.0476079
2970,2024-11-27,3998841.607076,2954199.31024204
2971,2024-12-13,4005614.75966813,2952768.78601105
2972,2024-12-13,3995339.43341712,2961787.69417404
2973,2024-12-05,4002183.95501746,2971563.72776292
2974,2024-12-18,4010677.44882938,2969860.54230379
2975,2024-12-13,4003636.93310474,2967576.32113799
2976,2024-12-13,4004394.95260288,2953126.36552502
2977,2024-12-03,4000623.43636039,2969000.79604816
2978,2024-12-08,4024529.83462307,2983050.34718007
2979,2024-12-19,4005607.95838229,2955947.23593459
2980,2024-12-17,4007682.07595166,2962959.23626258
2981,2024-12-07,4010969.00068155,2952981.374394
2982,2024-12-16,3999169.30497815,2936020.60002121
2983,2024-11-30,4006208.48323866,2955736.7544745
2984,2024-12-01,3982522.0555668,2970501.63627119
2985,2024-12-19,3986459.75586036,2959548.10323823
2986,2024-12-13,4009940.23382315,2951618.15682668
2987,2024-12-14,3996520.31105625,2938547.26939309
2988,2024-12-15,3984264.94690668,2969957.18061294
2989,2024-12-04,4009553.08191548,2954624.93353738
2990,2024-12-04,3998320.79843869,2940242.27712789
2991,2024-12-14,4022850.60967343,2980195.62196837
2992,2024-12-15,4001421.88479752,2954540.96636981
2993,2024-12-11,4001324.36990044,2956089.27038319
2994,2024-12-17,3998010.54335574,2941106.61502599
2995,2024-12-04,3997663.55735613,2985559.83797693
2996,2024-11-26,3993825.98487528,2985964.38992189
2997,2024-12-16,4011995.77459725,2958468.65431557
2998,2024-12-14,3997482.15742928,2953724.90530422
2999,2024-12-15,4001768.28902618,2953776.39900521
3000,2024-11-24,3989445.05020011,2957443.19160873
3001,2024-12-14,3991584.45882945,2958772.56789573
3002,2024-12-20,4002498.81530947,2974918.61480097
3003,2024-12-14,4026082.09538242,2961404.99347945
3004,2024-12-09,4002268.54612314,2978455.95986241
3005,2024-12-14,3994377.04827787,2929891.91892144
3006,2024-12-06,4005959.2777325,2955987.19474072
3007,2024-12-12,4000166.27313259,2952682.33619176
3008,2024-12-12,4023871.41048916,2963220.69323667
3009,2024-12-16,4007323.36065488,2954772.46262012
3010,2024-12-17,3985284.6315749,2959527.92092146
3011,2024-12-14,4015205.7826376,2959794.64291012
3012,2024-12-14,4009430.25202725,2957747.44630634
3013,2024-12-15,4000554.88782518,2941561.54779741
3014,2024-12-13,4002812.35361612,2971943.07509787
3015,2024-12-05,4005907.92118924,2956582.3808746
3016,2024-11-30,4012253.38792847,2955352.56393573
3017,2024-12-13,4011091.70397563,2966918.78730171
3018,2024-11-30,4014134.52099698,2960064.53529485
3019,2024-12-03,4001538.89138147,2956183.87942086
3020,2024-12-16,4011785.2970582,2970666.98731631
3021,2024-12-18,4005984.81154709,2956867.02210253
3022,2024-12-08,4003363.39663725,2952392.22017443
3023,2024-12-11,3995879.67057947,2942066.37704063
3024,2024-12-14,3993852.82890027,2951783.51894264
3025,2024-12-16,4012804.77381313,2974856.10037452
3026,2024-12-15,3999202.26923555,2955928.16776012
3027,2024-12-18,3999992.69491657,2954256.25142999
3028,2024-12-22,4010839.02771469,2958212.93461172
3029,2024-12-14,3996478.63994358,2956078.77888833
3030,2024-11-27,4007679.59049565,2953749.16591077
3031,2024-12-06,3998406.58858832,2958921.85044948
3032,2024-11-29,3991531.89200397,2973761.28049223
3033,2024-12-15,3998902.68299018,2972312.61225583
3034,2024-12-14,3996459.34938118,2944171.8048717
3035,2024-12-15,4007713.03757136,2954882.84016663
3036,2024-12-02,4024675.22309325,2953480.40743377
3037,2024-12-13,3997728.16068038,2954136.76105303
3038,2024-12-15,4006107.49990018,2955730.36301588
3039,2024-12-07,4003040.10766428,2958069.30917343
3040,2024-12-17,4004782.31331114,2944376.31827471
3041,2024-12-15,4004155.2806194,2947836.18952231
3042,2024-12-14,4025426.94994733,2961449.20601668
3043,2024-12-15,3986615.15501141,2952530.82282498
3044,2024-12-04,4005701.02943457,2954767.35294953
3045,2024-12-15,4003312.31780169,2951969.86532504
3046,2024-12-16,3994775.81597931,2956434.42231363
3047,2024-12-15,4007356.9303738,2955376.50821823
3048,2024-12-15,4005018.36412326,2950968.65751503
3049,2024-12-17,3998663.99285396,2952167.9140767
3050,2024-12-21,4004072.4614844,2952546.15372425
3051,2024-11-23,4007150.5120371,2990090.88790695
3052,2024-12-20,3989268.08726674,2961948.05782125
3053,2024-12-13,4014485.32271537,2960822.7455609
3054,2024-12-14,4003710.76852974,2969068.24134963
3055,2024-12-20,3990485.67639106,2974528.00942788
3056,2024-12-17,4013906.7130111,2987265.697165
3057,2024-12-14,3992700.76129304,2944335.99884205
3058,2024-12-15,4001799.62316974,2956066.25635556
3059,2024-12-18,3992916.74821768,2967970.97715827
3060,2024-12-12,4000852.63868518,2952721.91385015
3061,2024-12-14,3985329.32547145,2994271.36334621
3062,2024-12-19,3987700.62326953,2991955.7951599
3063,2024-12-18,3997023.02554204,2939953.14452113
3064,2024-12-17,4001152.18654001,2957516.48461287
3065,2024-11-30,4009006.57019354,2954569.4642198
3066,2024-12-17,4004688.71607614,2955007.78842997
3067,2024-12-09,4015040.75895625,2964469.31328761
3068,2024-12-17,4007899.77988755,2962924.87820699
3069,2024-12-09,3994501.85484251,2969283.59938708
3070,2024-12-06,4003561.19861866,2957342.15880067
3071,2024-12-22,3997258.65097102,2952315.96813561
3072,2024-11-28,3984321.91996483,2959888.58700621
3073,2024-12-16,4006366.71236811,2943030.48715909
3074,2024-11-27,4000549.6582069,2941265.47768523
3075,2024-12-15,3998840.69220926,2958595.85338537
3076,2024-12-14,4009502.27165031,2958801.05364289
3077,2024-12-05,3994652.47208487,2954590.19399193
3078,2024-12-16,4012722.34933559,2971362.66156827
3079,2024-11-25,3994427.4843099,2968739.20244276
3080,2024-12-16,4002149.80062633,2967490.12307433
3081,2024-12-16,4003205.27021403,2973074.46681792
3082,2024-12-14,3990294.10725051,2952785.05854318
3083,2024-12-17,4010239.53640089,2955576.94857521
3084,2024-12-07,4006437.00659889,2956398.42127165
3085,2024-12-14,4007865.52836672,2972000.34636812
3086,2024-11-29,4028606.8351816,2960941.8843012
3087,2024-12-09,4001484.40113131,2957653.8823383
3088,2024-12-13,4005648.63135878,2957847.19365027
3089,2024-12-16,3985020.09849094,2993632.36741447
3090,2024-12-17,3997742.99072859,2955721.13618622
3091,2024-12-19,3996992.50309549,2953267.82576351
3092,2024-12-19,3998037.55875732,2986742.66373035
3093,2024-12-20,3978215.61133325,2987547.18772374
3094,2024-12-14,3988525.51853604,2942676.59454707
3095,2024-12-16,4003802.54391256,2978978.18992214
3096,2024-12-16,3988781.89588972,2974081.98377446
3097,2024-12-05,4002459.74695342,2973602.91008005
3098,2024-12-21,3987705.4916667,2954097.61771141
3099,2024-11-26,4017198.85960067,2977696.17263624
3100,2024-12-16,3989808.53247512,2956754.31076549
3101,2024-12-18,4008616.03755339,2958233.88686175
3102,2024-12-18,4006135.91694951,2956880.8011831
3103,2024-12-15,3997520.01404384,2955107.38377415
3104,2024-12-05,4003710.53882263,2951870.29038118
3105,2024-12-15,3995554.75132759,2939242.03006172
3106,2024-12-04,4000338.03947623,2952838.53725694
3107,2024-11-27,3992056.53190889,2968210.99302673
3108,2024-12-19,3999854.82611842,2970384.8926303
3109,2024-12-17,4023054.94174766,2960967.80325452
3110,2024-11-29,4003927.93797732,2955477.64219474
3111,2024-11-29,4001364.72519987,2954528.67444159
3112,2024-12-15,4007974.50840194,2956854.79375364
3113,2024-12-05,4006803.26835504,2956088.80725235
3114,2024-12-15,4001064.39855884,2968915.04245129
3115,2024-12-15,4014065.82386095,2975652.5973694
3116,2024-12-13,3999392.67463165,2969924.49642465
3117,2024-12-10,3999311.83496109,2956174.82082092
3118,2024-11-27,4000539.33847367,2991920.51827118
3119,2024-12-20,3992363.67545182,2958587.68134454
3120,2024-12-16,3998748.22902398,2953499.40654361
3121,2024-12-16,3992289.88894912,2957064.75295448
3122,2024-12-21,4008759.92850477,2954501.85481911
3123,2024-12-17,4003672.47989831,2955332.87847987
3124,2024-12-20,3992252.45781712,2957461.18100526
3125,2024-12-15,4010808.95047085,2956488.07372094
3126,2024-12-12,4005228.59103107,2958977.27732139
3127,2024-12-18,4001064.41185368,2953865.02535531
3128,2024-11-30,4007603.57116536,2959812.36285857
3129,2024-12-20,4003886.96713426,2936562.57771906
3130,2024-12-13,4004515.59222095,2969902.4259159
3131,2024-12-22,4003567.07740213,2954116.10238265
3132,2024-12-16,4001498.49530087,2968079.39138441
3133,2024-12-07,4009975.41500593,2957655.11237682
3134,2024-12-01,4010501.29040367,2978251.24514864
3135,2024-12-17,4001750.44041452,2957081.28545927
3136,2024-12-15,4000177.05777975,2935372.21428017
3137,2024-11-27,3996282.64192922,2955082.47082631
3138,2024-12-16,4006701.71668905,2951068.19995702
3139,2024-11-30,4010975.34232866,2950588.82100893
3140,2024-12-17,3996762.91225923,2953952.56349593
3141,2024-12-19,4003091.32524865,2969782.00085848
3142,2024-12-15,4000292.60778011,2956740.10497547
3143,2024-12-09,4005079.28641273,2955558.19705076
3144,2024-12-21,3997437.50742228,2943955.91329071
3145,2024-12-14,3988362.26296798,2958375.83419043
3146,2024-12-17,4010737.15223942,2959164.86444074
3147,2024-12-05,4000443.0658647,2970363.44758921
3148,2024-11-29,3998771.41598076,2953364.58575315
3149,2024-12-19,4010591.64906769,2960268.77478031
3150,2024-12-16,3998647.14432284,2955910.18559706
3151,2024-12-24,4023755.61574641,2964007.73264215
3152,2024-12-20,4008929.13091661,2955474.73510249
3153,2024-12-17,4002634.11771169,2960000.31532511
3154,2024-12-02,3983959.56928321,2942096.69763196
3155,2024-12-14,3986623.5892969,2955751.40325915
3156,2024-11-27,4023621.89904571,2979674.33415154
3157,2024-12-15,4007528.83435575,2964530.41519256
3158,2024-12-14,3991448.64877902,2941741.13837987
3159,2024-12-17,4000231.57927814,2967280.29937773
3160,2024-12-17,4001958.26525918,2956957.84400767
3161,2024-12-02,3982399.28450686,2958642.64197768
3162,2024-12-18,3994748.82561057,2957541.65554961
3163,2024-12-15,4003216.91033252,2955274.50767793
3164,2024-12-03,3981144.31685107,2961993.67692368
3165,2024-12-18,3984412.19345806,2971779.155811
3166,2024-12-16,4002835.36039148,2959820.42173045
3167,2024-12-09,4010468.49789426,2956452.84362774
3168,2024-11-29,4012009.82239324,2964893.81302321
3169,2024-12-15,4006849.99572124,2975421.4230392
3170,2024-12-16,3991781.83549776,2975108.70107886
3171,2024-11-25,3998411.85723593,2954177.33530354
3172,2024-12-19,4009863.15888181,2952110.59839405
3173,2024-12-14,3998184.96974444,2972816.24655871
3174,2024-12-14,4024920.27493226,2952834.14966659
3175,2024-11-29,3998829.64769832,2952444.22975351
3176,2024-12-01,4001512.96169315,2956133.35788672
3177,2024-12-18,3986364.08708659,2958543.85401931
3178,2024-12-18,4008737.95845078,2956042.00585024
3179,2024-12-18,4017811.02000327,2972490.65297703
3180,2024-12-18,4011960.13396313,2956278.34484664
3181,2024-12-15,3996731.60777629,2970353.37285119
3182,2024-12-18,4008728.24621851,2981293.11692409
3183,2024-12-16,3996966.28220483,2940966.68042351
3184,2024-12-20,4004381.74556035,2967333.63095688
3185,2024-12-18,3996099.11885875,2956550.13535014
3186,2024-12-16,3999065.1476615,2953395.73348829
3187,2024-12-17,4002761.30409863,2959308.50597369
3188,2024-12-22,4011774.76954927,2958750.18462008
3189,2024-11-29,4015544.57084182,2965082.56798664
3190,2024-12-13,3998992.05464441,2945276.96137206
3191,2024-12-04,3992195.31233842,2959466.30978514
3192,2024-12-18,3983194.53336538,2978942.47705929
3193,2024-12-12,3987446.83882639,2969096.17384594
3194,2024-12-22,4008466.14605541,2956187.9855897
3195,2024-12-05,4017391.16497852,2958920.36433709
3196,2024-12-04,3990551.389298,2991116.31260546
3197,2024-12-24,4027210.28431297,2950934.56164415
3198,2024-12-18,4017102.31927662,2964843.66621171
3199,2024-12-19,4010234.2611893,2958918.94371081
3200,2024-12-15,4001086.9865257,2970347.15681082
3201,2024-12-18,4002601.56253405,2968438.56257453
3202,2024-12-18,3984056.62893319,2958494.70680756
3203,2024-12-20,4005677.74478717,2953613.99936396
3204,2024-12-10,4005092.6828319,2974726.57271032
3205,2024-12-17,4014388.11286149,2983954.03446397
3206,2024-12-15,4008442.45690699,2955441.12215438
3207,2024-12-17,4002747.13576075,2967269.68022588
3208,2024-12-12,4011197.41619791,2959918.33547303
3209,2024-12-17,3983102.81237587,2945934.16937357
3210,2024-12-16,3979891.38596788,2975621.20433521
3211,2024-12-17,3981251.16285633,2969762.63599545
3212,2024-12-16,4009732.25805001,2958180.89970588
3213,2024-12-18,3977099.65817139,2964788.76869196
3214,2024-12-16,3997370.70636418,2959416.733253
3215,2024-12-23,4008485.52948733,2935266.0133727
3216,2024-12-18,3972270.06360292,2997607.33940141
3217,2024-12-16,3997900.88447788,2953327.54218537
3218,2024-11-29,4016062.65738586,2973355.92004565
3219,2024-11-27,3990752.19533098,2947551.50761132
3220,2024-12-17,3984714.95937988,2961889.90481536
3221,2024-12-15,4002223.01773311,2968978.70563055
3222,2024-12-16,4010220.95316608,2960974.95035554
3223,2024-12-01,4006843.62995003,2967257.72004199
3224,2024-11-30,4006223.60881121,2950624.59346454
3225,2024-12-14,4003010.81457045,2952026.36627364
3226,2024-12-15,4001416.17446253,2970369.48636042
3227,2024-12-01,4004099.84382309,2956329.6008195
3228,2024-12-22,3999086.23551898,2944385.05149968
3229,2024-12-09,4015523.79131026,2960503.57010913
3230,2024-12-08,3979020.63534065,2973729.75801082
3231,2024-12-16,4006524.047227,2956062.01710198
3232,2024-12-23,4011915.10938299,2956027.45102813
3233,2024-12-19,3998108.51596284,2944837.5407218
3234,2024-12-19,4002731.60430625,2953541.4889215
3235,2024-12-18,3984336.98687467,2979263.1755227
3236,2024-12-12,4000227.1964093,2952821.57422524
3237,2024-12-18,4002864.04487128,2971059.10719702
3238,2024-12-22,4005416.14603773,2969140.04130423
3239,2024-12-16,4002700.40313565,2955351.44909986
3240,2024-12-22,3990888.18372425,2973229.11840079
3241,2024-12-17,4013156.10652658,2950316.54024438
3242,2024-12-18,3974095.82842051,2987308.48528356
3243,2024-12-16,4010505.1119397,2959237.83402415
3244,2024-12-25,4022244.0083623,2963104.44701146
3245,2024-12-04,4000560.38761419,2956702.84626168
3246,2024-12-09,4005123.20343308,2957684.13482038
3247,2024-12-17,4010166.82978125,2989327.543639
3248,2024-12-18,4003487.89777508,2956737.66942268
3249,2024-12-12,4001125.65266612,2952768.03996338
3250,2024-12-23,3997087.44881791,2971797.4766538
3251,2024-12-07,4007608.13119936,2944912.46495793
3252,2024-12-11,3999819.63680418,2958495.47459062
3253,2024-12-16,3987131.87135439,2959938.91830091
3254,2024-12-10,3994578.3432421,2955536.54199776
3255,2024-12-20,3993354.58513149,2952865.62028159
3256,2024-12-06,4004536.3260757,2968349.6425515
3257,2024-12-19,4021121.5086697,2968035.85397631
3258,2024-12-04,4009300.34041283,2972575.12559685
3259,2024-12-23,4008578.97382932,2956215.08920441
3260,2024-12-02,4008524.60037552,2958307.29482861
3261,2024-12-22,4018886.41566023,2964914.81817793
3262,2024-12-20,4001309.16814157,2954616.49514906
3263,2024-12-16,4005988.4650717,2951111.51194938
3264,2024-12-21,4001462.44186954,2971121.31572529
3265,2024-12-09,4010165.95164278,2975635.16629089
3266,2024-12-23,4010919.02511554,2966270.23529743
3267,2024-12-16,3990264.9299348,2973741.57608315
3268,2024-12-19,4001864.38989848,2952922.33149616
3269,2024-12-21,3996099.52231377,2956596.80751379
3270,2024-12-20,3993741.79483847,2974139.38494233
3271,2024-12-18,4013738.65935835,2984386.91687022
3272,2024-12-23,3994603.53052199,2944072.13635928
3273,2024-12-09,3993690.90061558,2956759.19581118
3274,2024-12-21,4006386.30410749,2970048.31044146
3275,2024-12-16,3986898.76052116,2990154.85620459
3276,2024-12-15,3996614.32614641,2985601.31438844
3277,2024-12-17,4005564.04739205,2954635.08896517
3278,2024-12-22,3985366.00376813,2939380.85039627
3279,2024-12-04,4029784.39441746,2960734.96098404
3280,2024-12-22,3997613.69892417,2955981.22859497
3281,2024-12-19,3998506.98929819,2958636.82482305
3282,2024-12-10,3999662.53660835,2937023.70903905
3283,2024-12-11,4021413.31569397,2929433.2786231
3284,2024-12-11,4005460.28936118,2952620.37239111
3285,2024-12-08,3997096.64389527,2919602.43656154
3286,2024-12-21,4000568.41896841,2940656.48713356
3287,2024-12-20,3996086.48334518,2956345.7838838
3288,2024-12-09,3993997.55401727,2975919.20235069
3289,2024-12-13,4019888.74562276,2978668.83765584
3290,2024-12-18,4008066.92678917,2963042.48255062
3291,2024-12-19,4003348.3246031,2970753.52315967
3292,2024-12-20,4011870.37752725,2959584.31546032
3293,2024-12-13,4010052.78973291,2958170.92505044
3294,2024-11-29,4022271.95751822,2967404.49118489
3295,2024-12-21,3990913.72564414,2975540.68032925
3296,2024-12-19,3998760.91248418,2954144.69955557
3297,2024-12-20,3996452.29504506,2957386.91544653
3298,2024-12-18,4009536.56697832,2956172.2926503
3299,2024-12-01,4005634.67900351,2956665.91849222
3300,2024-11-30,4021318.07240797,2962040.01593051
3301,2024-12-11,4005264.10854072,2957689.2319196
3302,2024-12-19,4011814.36587153,2955475.58563457
3303,2024-12-18,3989700.57757732,2972323.80539079
3304,2024-12-17,3997131.91864233,2970170.39853266
3305,2024-12-20,3989040.09966852,2998449.17257117
3306,2024-12-25,4006460.88504394,2962945.81159104
3307,2024-12-17,3999402.46946722,2945630.70939948
3308,2024-12-16,4004323.90040863,2950740.04366614
3309,2024-12-18,3990807.86620129,2953245.1607213
3310,2024-12-18,4009343.06146992,2939282.22240943
3311,2024-12-13,3996695.70945713,2990630.52437033
3312,2024-11-30,3983854.29246093,2958701.5257319
3313,2024-12-18,4003575.27709325,2955888.33299077
3314,2024-12-18,3997971.96145822,2952802.1026946
3315,2024-12-19,3998664.85271249,2969285.22312906
3316,2024-12-20,3999903.72439826,2970163.59461907
3317,2024-12-01,4016242.83525293,2964871.71126122
3318,2024-12-16,3996758.50015088,2969381.9786315
3319,2024-12-03,3984862.73791234,2978496.70928275
3320,2024-12-16,4011954.87306202,2960538.27921492
3321,2024-12-19,3992261.3505015,2996395.07926485
3322,2024-12-22,4000669.38548445,2995828.80527821
3323,2024-12-20,4015743.48314178,2933543.79234414
3324,2024-12-12,4000700.77084221,2957431.27126614
3325,2024-12-20,4012530.45053035,2960951.37983722
3326,2024-12-22,4002767.74179298,2955660.96109489
3327,2024-12-15,3996680.08026235,2954029.02911906
3328,2024-12-19,4004940.42772807,2977901.96008803
3329,2024-12-21,4014709.02791827,2959293.54101354
3330,2024-12-23,3996057.13879973,2955887.3593649
3331,2024-11-28,4006059.30615886,2968283.66011085
3332,2024-12-23,4014001.52826736,2955096.84243974
3333,2024-12-21,3996706.60922739,2963282.65167363
3334,2024-12-20,3999308.44607316,2958023.16300733
3335,2024-12-20,3993420.34850933,2987431.26321313
3336,2024-12-21,4002671.164604,2949833.19989082
3337,2024-12-18,4004289.43918465,2957962.96845706
3338,2024-12-20,4002980.54537064,2956995.22189342
3339,2024-12-13,3996134.08547123,2969054.99305653
3340,2024-12-19,4005708.09104304,2953798.25108788
3341,2024-12-21,4011765.1345823,2969885.08617964
3342,2024-12-24,4020809.24319704,2964225.89132341
3343,2024-12-24,3985579.5851414,2940825.56860908
3344,2024-12-18,3992574.39692632,2974525.79275804
3345,2024-12-21,4004909.6712482,2957958.2572299
3346,2024-12-14,4005755.71987784,2956120.07721341
3347,2024-12-22,3996966.66396312,2938460.03718054
3348,2024-12-19,4000678.31499926,2955857.93856621
3349,2024-12-25,4011896.184423,2968216.0348198
3350,2024-12-20,4004274.34569344,2954554.39929669
3351,2024-12-02,4014207.54657475,2974189.45568255
3352,2024-12-14,4002209.96632286,2957177.76054443
3353,2024-12-17,3994241.4895512,2968310.40372197
3354,2024-12-12,4000348.91644499,2949274.04575614
3355,2024-12-20,3997563.49636946,2961174.42112757
3356,2024-12-23,3993274.70732521,2931457.46737822
3357,2024-12-23,3990591.41105564,2974518.55973607
3358,2024-12-27,4002133.33842651,2956179.0475389
3359,2024-12-17,4001847.70287473,2956381.98457331
3360,2024-12-12,4008698.47681166,2953214.19436992
3361,2024-12-22,4001402.09004101,2979107.29934165
3362,2024-12-14,3983453.69078898,2959485.65662593
3363,2024-12-22,3985357.44273984,2959590.40835684
3364,2024-12-06,4020560.861826,2953596.88157403
3365,2024-12-18,3986762.55091842,2974843.72688212
3366,2024-12-22,4000983.80919901,2953756.18837706
3367,2024-12-22,4005500.09237864,2958216.1821032
3368,2024-12-21,4013785.3679649,2953630.89495286
3369,2024-12-20,4023603.66078341,2962755.44591904
3370,2024-12-22,4004523.17931731,2958514.32597205
3371,2024-12-02,4003305.6777747,2934705.31071585
3372,2024-12-21,4019306.09632037,2952588.92031527
3373,2024-12-26,4002112.78724298,2968772.81210987
3374,2024-12-03,3997260.35550735,2970787.56472477
3375,2024-12-22,4014412.18827026,2959080.814379
3376,2024-12-20,3998357.6841867,2969408.74022988
3377,2024-12-02,3989120.9508164,2961176.19669054
3378,2024-12-19,4014267.34523048,2972487.53226737
3379,2024-12-08,3998364.14156122,2977618.1014627
3380,2024-12-21,4012339.65263945,2931971.82517213
3381,2024-12-21,4000481.87393208,2966243.63037989
3382,2024-12-13,3983725.20409742,2959944.44308725
3383,2024-12-08,4008780.06368936,2952509.29143654
3384,2024-12-22,4010693.18355383,2957419.07311239
3385,2024-12-19,3996040.22140107,2969214.62057439
3386,2024-12-20,3997217.53592998,2939859.22757622
3387,2024-12-21,4000985.68900116,2941466.31716595
3388,2024-12-23,4006964.07360633,2957433.39976397
3389,2024-12-08,3998669.20286817,2952794.98139028
3390,2024-11-29,4008966.09181983,2956570.53404361
3391,2024-12-10,4011581.70159545,2960687.54004078
3392,2024-12-23,4003490.18221619,2977130.93316509
3393,2024-12-20,4000818.81331466,2978703.36404464
3394,2024-12-05,3988674.19745234,2972772.98156643
3395,2024-12-10,4009603.69879251,2951231.00264532
3396,2024-12-01,4007704.32884741,2954508.06670345
3397,2024-12-21,3997639.88659883,2941010.85497203
3398,2024-12-10,4021238.75415886,2967989.70252609
3399,2024-12-19,4014631.68834381,2982349.4657241
3400,2024-12-21,4022735.01893603,2966185.88937281
3401,2024-12-22,4000780.09246239,2953599.6640745
3402,2024-12-20,4014003.00065909,2955863.87896748
3403,2024-12-25,3992399.33554941,2983613.03589404
3404,2024-12-20,4012465.17074487,2961170.37623317
3405,2024-12-22,3990392.27730582,2957315.97807735
3406,2024-12-21,4005693.43029735,2970402.29133343
3407,2024-12-07,4033506.48952432,2980780.60536635
3408,2024-12-08,4026319.3559126,2976366.88752473
3409,2024-12-24,4004141.80560145,2955424.4613809
3410,2024-12-14,3996485.0131339,2946528.45631088
3411,2024-11-30,3993745.17768232,2956375.37632952
3412,2024-12-21,3996451.74857006,2944022.94167094
3413,2024-12-19,3981996.99144216,2958921.96195314
3414,2024-12-22,4013249.75938556,2955166.89930654
3415,2024-12-21,3979198.66918002,2962309.74905192
3416,2024-12-18,3982778.86818054,2959994.80139142
3417,2024-12-09,4000170.39260793,2969837.09698957
3418,2024-12-07,3998329.63488252,2956474.29365829
3419,2024-12-02,4019428.1474448,2976609.78521033
3420,2024-12-09,3997686.96883431,2955302.81283956
3421,2024-12-19,3995687.94265934,2969114.53359221
3422,2024-12-04,4009689.42535152,2959013.06731112
3423,2024-12-21,4000139.64435207,2948836.95406527
3424,2024-12-27,4007431.33587881,2957113.2224964
3425,2024-12-23,3989209.56508225,2918637.226072
3426,2024-12-26,4004112.79641225,2954789.03232806
3427,2024-12-22,3988359.8287179,2971586.6695426
3428,2024-12-19,4005025.71124105,2951362.10039072
3429,2024-12-01,3979050.11489414,2962770.97450586
3430,2024-12-07,3981044.0435569,2964966.59391097
3431,2024-12-19,4004406.84674551,2955530.97711712
3432,2024-11-30,4005129.05005624,2956012.71243334
3433,2024-12-20,3998861.50675478,2944978.49890786
3434,2024-12-22,3995681.78312166,2971386.32885996
3435,2024-12-18,3988278.91872129,2992267.54361544
3436,2024-12-15,4009713.06989701,2939540.40648697
3437,2024-12-20,4001478.22103304,2931719.79510679
3438,2024-12-13,4001109.24975575,2955300.00587256
3439,2024-12-12,4000533.06604605,2993167.16077152
3440,2024-12-18,3993504.23065503,2943916.45512573
3441,2024-12-02,4011654.40508368,2959826.99994679
3442,2024-12-21,4022840.15629691,2959390.418183
3443,2024-12-22,3986169.43479782,2959194.31824226
3444,2024-12-14,3998162.62259964,2945043.20765351
3445,2024-12-20,4007582.93203885,2939177.48948564
3446,2024-12-21,4013784.27662972,2961387.81837332
3447,2024-12-20,3996449.59424448,2968519.79818866
3448,2024-12-09,4003376.67133442,2958617.16205914
3449,2024-12-11,4002232.21119795,2955241.06643476
3450,2024-12-09,4005363.96409875,2943886.24683382
3451,2024-12-20,3996433.78285759,2955588.70025025
3452,2024-12-16,4002061.19895372,2970976.92322412
3453,2024-12-15,3982314.48001174,2961304.35736288
3454,2024-12-25,4010496.71144204,2975398.71075359
3455,2024-12-23,4011303.80121177,2959895.08355987
3456,2024-12-25,3991090.64124216,2925582.837709
3457,2024-12-01,4006570.28687974,2942664.71685076
3458,2024-12-18,4004636.24777816,2955242.88133299
3459,2024-12-10,4004385.96645587,2958134.43445242
3460,2024-12-21,4001649.79641132,2995244.10380238
3461,2024-12-20,4014527.55281801,2954593.73019944
3462,2024-12-06,4009158.83919628,2953847.94562041
3463,2024-12-21,4015339.96492242,2953796.35334071
3464,2024-12-05,4001813.71500121,2957129.72003992
3465,2024-12-19,3993029.84433283,2956694.27356803
3466,2024-12-25,4004267.92435672,2937762.38326834
3467,2024-12-04,3999788.59282474,2936845.49454006
3468,2024-12-01,3997415.7419688,2985632.02959751
3469,2024-12-07,4011913.98133239,2956549.7844629
3470,2024-12-23,3987294.68256157,2957965.08418804
3471,2024-12-23,4006377.55805045,2938807.32643594
3472,2024-12-14,3992559.83850794,2955709.66295865
3473,2024-12-27,4010244.9999174,2956176.37647366
3474,2024-12-25,4002775.44433701,2953651.10488143
3475,2024-12-21,3998665.50924099,2955470.00289958
3476,2024-12-19,4008922.37474591,2952847.03460952
3477,2024-12-19,4011072.45147002,2965854.40247675
3478,2024-12-09,3991917.3271099,2958767.91484618
3479,2024-12-23,3996610.07346246,2945401.58161225
3480,2024-12-25,4005897.32135125,2952149.75290361
3481,2024-12-24,4003617.78170596,2958232.49722287
3482,2024-12-21,4006245.0988973,2944982.36767799
3483,2024-12-24,4009181.50483151,2955913.57173949
3484,2024-12-22,3998536.40796061,2944932.07984096
3485,2024-12-20,4002441.25484767,2953714.78881787
3486,2024-12-18,3987165.20116902,2958050.84390368
3487,2024-12-23,3997069.71678731,2953409.80785735
3488,2024-12-24,4008739.88655287,2956455.67835
3489,2024-12-13,4004528.47838509,2953539.54261448
3490,2024-12-22,3997163.24884765,2938192.33612428
3491,2024-12-23,4032641.00326531,2983971.07275289
3492,2024-12-19,3982317.73602894,2972543.16292084
3493,2024-12-24,4007121.72944278,2969672.44669538
3494,2024-12-05,3984733.36516234,2957909.85140505
3495,2024-12-23,3980763.35724015,2972896.18815946
3496,2024-12-24,4012436.07872711,2955522.68188076
3497,2024-12-09,3986785.2122609,2960209.91684715
3498,2024-12-22,3983506.30242643,2961012.71616271
3499,2024-12-18,4004322.39116549,2970450.71183196
3500,2024-12-21,4017117.15805236,2978810.87256319
3501,2024-12-04,3983834.02873711,2961918.58717116
3502,2024-12-18,4004825.81713663,2955184.11592504
3503,2024-12-29,3993211.78980643,2954696.96688739
3504,2024-12-18,4011085.95340732,2959253.42107209
3505,2024-12-21,4011248.33714113,2959225.709134
3506,2024-12-07,4004385.91299547,2955437.75353493
3507,2024-12-20,3995437.52347056,2961382.26745136
3508,2024-12-12,3998654.87313958,2955133.27150896
3509,2024-12-01,4001935.56801088,2957498.39248269
3510,2024-12-23,3996852.39325205,2939657.64950739
3511,2024-12-23,4006549.58715839,2964637.4051945
3512,2024-12-21,4012131.354817,2975691.26379065
3513,2024-12-12,4002923.83581093,2956041.93352677
3514,2024-12-07,3999492.37434976,2954869.41880634
3515,2024-12-24,3997707.68047149,2944393.14166737
3516,2024-12-20,4001982.92264115,2993573.70443234
3517,2024-12-11,4003007.1669691,2952663.33119349
3518,2024-12-24,4011539.28129084,2952523.58658829
3519,2024-11-30,4023252.08402222,2964225.64986342
3520,2024-12-22,3986035.79942946,2942818.48130243
3521,2024-12-11,3988251.97657195,2934730.1079519
3522,2024-12-22,4009181.16252061,2971056.96958464
3523,2024-12-13,3999576.63888299,2954043.65295197
3524,2024-12-20,3991105.62903326,2976915.9423051
3525,2024-12-24,4001618.58117441,2978114.79327048
3526,2024-12-13,3999001.85419733,2955987.16233706
3527,2024-12-20,4007533.45113632,2958925.36826084
3528,2024-12-13,4009174.95954499,2976858.50665786
3529,2024-12-08,4011145.30707679,2957857.62407988
3530,2024-12-16,4014214.46085938,2960557.66112325
3531,2024-12-22,4000153.91034008,2944454.58468546
3532,2024-12-02,4014908.7807206,2953291.25083286
3533,2024-12-12,4021874.19366558,2985515.3454905
3534,2024-12-20,3998275.02483421,2942435.00685903
3535,2024-12-23,4004532.68660432,2958187.4140086
3536,2024-12-12,4004522.80714317,2955626.06523633
3537,2024-12-24,4000277.21868758,2957067.28307829
3538,2024-12-24,3991378.36995771,2960566.09578451
3539,2024-12-25,3996113.97400047,2944171.50903659
3540,2024-12-10,4012424.21834068,2957093.00641359
3541,2024-12-22,3996590.00810493,2955855.73816381
3542,2024-12-24,3975906.40883483,2973506.92578778
3543,2024-12-23,4006932.39151893,2943297.85333508
3544,2024-12-26,4012602.45746437,2959094.38540122
3545,2024-12-20,4008452.06135538,2955818.65979934
3546,2024-12-20,3993474.22826662,2961772.57133112
3547,2024-12-22,4018033.69021161,2991650.26809641
3548,2024-12-22,4011094.74379668,2952641.30890385
3549,2024-12-20,3985266.13309904,2969308.70376625
3550,2024-12-25,4030082.45412205,2988569.10067481
3551,2024-12-22,4032735.80438544,2974763.58432387
3552,2024-12-10,4014319.41171327,2929549.15448288
3553,2024-12-14,4012186.12422203,2960189.81444039
3554,2024-12-23,3969493.61089992,2972385.73238493
3555,2024-12-27,4003843.28604313,2955331.91137634
3556,2024-12-21,3991502.44449676,2986170.24962726
3557,2024-12-26,3997421.14200464,2954784.36415897
3558,2024-12-22,3987349.73381957,2972517.98161108
3559,2024-12-23,4003884.56077621,2971461.34910654
3560,2024-12-22,3996108.46478708,2971354.01375435
3561,2024-12-24,3999926.37288152,2940980.62533774
3562,2024-12-09,4011877.48448241,2956626.16750652
3563,2024-12-17,4001390.53132726,2951675.614115
3564,2024-12-25,4023284.71923822,2981506.69205302
3565,2024-12-24,4011653.93817812,2959435.35713598
3566,2024-12-27,4006030.030853,2956469.65057481
3567,2024-12-21,4010284.28907831,2954607.2104577
3568,2024-12-19,4013088.2957108,2973178.48551321
3569,2024-12-28,3991811.77263692,2957376.71752538
3570,2024-12-24,4029544.10722105,2959396.91923643
3571,2024-12-13,3989099.54220292,2972381.77335075
3572,2024-12-24,3981217.74112559,2963063.83973416
3573,2024-12-16,4005104.77720319,2954229.69985799
3574,2024-12-25,4004082.69580663,2956092.83022295
3575,2024-12-21,4014424.27617414,2959764.71011946
3576,2024-12-22,4005331.17928223,2957579.67394808
3577,2024-12-23,3984389.60872025,2941921.35220694
3578,2024-12-28,3982038.63488589,2970616.36987059
3579,2024-12-29,4000218.65226442,2959847.42829852
3580,2024-12-22,4001551.38348247,2952956.57595993
3581,2024-12-08,4001139.20785274,2955673.76812118
3582,2024-12-23,4011672.21695825,2960948.03078688
3583,2024-12-08,4013403.09233486,2958758.80573331
3584,2024-12-11,3998372.75431584,2952172.88218308
3585,2024-12-02,3989688.50771428,2969630.48512237
3586,2024-12-22,3995716.65841589,2970609.09747916
3587,2024-12-23,4014456.71281153,2988565.9757008
3588,2024-12-22,4001833.41010136,2954874.05616068
3589,2024-12-09,3997369.20514422,2938109.13438358
3590,2024-12-27,4000693.45085648,2952904.36721431
3591,2024-12-15,4022807.73969608,2944893.69584032
3592,2024-12-18,3992548.22408758,2960160.28690578
3593,2024-12-21,4004143.33092255,2969407.62534203
3594,2024-12-26,3999150.08151274,2988904.67852196
3595,2024-12-27,3988440.15292517,2991355.4148113
3596,2024-12-24,4011559.32357544,2972016.96849475
3597,2024-12-21,4002272.98077766,2955773.10755444
3598,2024-12-23,3998365.17296318,2956520.35875708
3599,2024-12-25,3975965.68440813,2990203.99075586
3600,2024-12-23,4017089.444991,2964679.24623717
3601,2024-12-24,4001002.09866889,2955068.47396515
3602,2024-12-26,4012783.65275011,2959417.94882449
3603,2024-12-26,3991443.48629914,2958505.62232334
3604,2024-12-18,4011476.01203481,2971449.13033285
3605,2024-12-22,4004312.76588222,2956776.05601808
3606,2024-12-24,3996001.00155218,2953545.24711226
3607,2024-12-21,4011863.350163,2969143.01545079
3608,2024-12-26,4012229.00443457,2976155.94276431
3609,2024-12-12,3993973.54109668,2942913.60125133
3610,2024-12-21,4009027.8014409,2956932.00793148
3611,2024-12-28,3987130.83557822,2993393.18357032
3612,2024-12-21,4011627.34456744,2960144.76552862
3613,2024-12-22,3992479.80851118,2925201.16883362
3614,2024-12-20,3999761.63274847,2952612.82134444
3615,2024-12-17,4010152.36794932,2956273.36735724
3616,2024-12-11,3997240.77106907,2958326.00410278
3617,2024-12-23,4003331.57632044,2955751.17691168
3618,2024-12-25,4003728.79363277,2955340.20689505
3619,2024-12-23,4018131.79904238,2993515.89841978
3620,2024-12-22,4012417.1050878,2950759.98168194
3621,2024-12-18,3998134.28084529,2956448.22374582
3622,2024-12-22,3998078.91612252,2956650.91701433
3623,2024-12-22,4007696.97673085,2962584.13465856
3624,2024-12-28,3988164.64834532,2957881.9531561
3625,2024-12-14,3998129.6039467,2954858.17034649
3626,2024-12-26,4006164.83449144,2956238.80785471
3627,2024-12-08,4000274.53543934,2952797.04882186
3628,2024-12-24,4008055.99506405,2955724.0977224
3629,2024-12-24,3998445.47594919,2973485.61134156
3630,2024-12-21,3998645.39815565,2944455.1223247
3631,2024-12-11,4007637.08796306,2953828.33653185
3632,2024-11-30,4002886.32185462,2973070.38411459
3633,2024-12-20,4000863.70043285,2968093.73306528
3634,2024-12-13,3997933.316127,2936508.07008988
3635,2024-12-25,3985156.47083384,2958630.39481111
3636,2024-12-10,4000464.55371681,2969075.61294865
3637,2024-12-20,3987182.32431293,2956400.37893318
3638,2024-12-09,4008464.38458635,2975056.62647301
3639,2024-12-27,4013947.93234393,2984241.67838256
3640,2024-12-23,4005898.74546081,2956640.11264042
3641,2024-12-11,4008730.95771841,2958141.32724074
3642,2024-12-22,4025837.22187493,2962473.46174448
3643,2024-12-27,4005055.35955534,2955084.82583141
3644,2024-12-18,4003438.26420554,2964767.5881202
3645,2024-12-22,3992452.66025234,2957572.92715295
3646,2024-12-27,4004141.90052187,2954722.17550631
3647,2024-12-26,4007722.22845833,2962538.72926289
3648,2024-12-13,3999477.76089127,2933313.28559176
3649,2024-12-11,4006664.10060883,2957046.83505866
3650,2024-12-18,3985112.27330762,2988725.20211179
3651,2024-12-18,3998245.88891083,2955228.32139895
3652,2024-12-24,3997475.82665942,2945898.17460954
3653,2024-12-24,4000451.15674717,2936595.56061515
3654,2024-12-27,3999878.28213661,2944466.06591185
3655,2024-12-15,3984780.65795344,2941272.00583403
3656,2024-12-25,4003196.21577806,2952730.47495524
3657,2024-12-06,3998276.0961343,2969174.43664242
3658,2024-12-23,3991785.82551478,2957218.20588241
3659,2024-12-26,4004630.81668101,2940790.05340819
3660,2024-12-23,3986598.04664624,2961633.29127891
3661,2024-12-10,4011667.28735981,2973448.09829209
3662,2024-12-25,3999101.96314105,2953120.19716856
3663,2024-12-20,3993468.96903915,2972560.26961076
3664,2024-12-22,4012515.00436164,2959160.38789762
3665,2024-12-22,3996381.04723169,2956451.58925325
3666,2024-12-25,4006616.53471113,2963312.56998765
3667,2024-12-23,3997745.07006679,2954372.21513366
3668,2024-12-24,4016786.87927773,2960364.160073
3669,2024-12-29,3994132.71736596,2956322.03851013
3670,2024-12-08,4014371.4323431,2960489.7187321
3671,2024-12-26,4004099.31772707,2956007.80934943
3672,2024-12-20,3997733.38955223,2953309.87206142
3673,2024-12-22,3982944.7541682,2988218.91281811
3674,2024-12-28,4010159.12571699,2952981.64384578
3675,2024-12-24,3997930.69721742,2971652.27465601
3676,2024-12-24,4012739.39182734,2956012.12573677
3677,2024-12-13,4010976.84914121,2958502.54327639
3678,2024-12-27,4029124.69535655,2963860.8183007
3679,2024-12-24,4004293.48103113,2958635.47462684
3680,2024-12-16,4001328.93152926,2957896.32664093
3681,2024-12-16,3995823.20002073,2954058.412689
3682,2024-12-27,3996724.69777227,2956514.74579331
3683,2024-12-26,3994565.45521477,2955086.09795627
3684,2024-12-21,3985240.97748379,2940313.28776824
3685,2024-12-26,4007383.7399627,2971098.463057
3686,2024-12-27,4001897.851041,2957882.17816244
3687,2024-12-26,3976788.08650046,2969980.93029496
3688,2024-12-23,3998632.98499213,2954124.9011334
3689,2024-12-23,4014894.92513616,2960454.72332329
3690,2024-12-28,4005436.20845925,2955168.63605628
3691,2024-12-23,4004950.24777583,2953688.02310713
3692,2024-12-09,4031513.06984915,2962788.75730104
3693,2024-12-26,4000558.50326213,2958780.22559124
3694,2024-12-22,4003543.06300051,2951967.57389077
3695,2024-12-28,3983898.77835358,2948036.01774004
3696,2024-12-06,3994297.1316674,2972348.84744462
3697,2024-12-24,3999302.07821574,2945734.98255777
3698,2025-01-01,3984680.31075344,2948825.54828719
3699,2024-12-27,4016647.19447067,2971424.84491679
3700,2024-12-15,4009301.26475251,2952490.58301322
3701,2024-12-29,4005036.44403074,2953106.07178924
3702,2024-12-25,4022285.09461277,2968350.42247254
3703,2024-12-09,3989999.67002785,2974222.36946574
3704,2024-12-23,3983387.20224091,2959782.11114333
3705,2024-12-24,3998100.32576612,2957753.48452593
3706,2024-12-19,4009222.2876689,2951590.86852784
3707,2024-12-24,4007478.7448299,2942991.85093849
3708,2024-12-18,4015472.7800257,2960660.80143949
3709,2024-12-13,3969516.19582434,2998493.37291604
3710,2024-12-23,3992013.63483246,2957838.83231559
3711,2024-12-09,3993842.54806861,2969389.67151865
3712,2024-12-26,3985930.12382656,2959416.4188414
3713,2024-12-22,3994661.13013914,2960973.76837657
3714,2024-12-28,3997783.82288493,2954538.91067199
3715,2024-12-14,4012099.81429831,2955591.71942472
3716,2024-12-13,4005640.47726147,2958359.54029479
3717,2024-12-24,4005199.67078873,2958492.84206212
3718,2024-12-17,4013907.51745348,2959153.51437658
3719,2024-12-23,3996504.03501103,2927732.58570474
3720,2024-12-08,3992110.22749122,2921173.49097595
3721,2024-12-10,3999555.4669549,2940619.86729512
3722,2024-12-16,4022730.63150363,2962285.52407135
3723,2024-12-26,4018369.53196125,2977975.55042475
3724,2024-12-26,4000712.2428625,2956144.90031148
3725,2024-12-14,4004643.12402784,2954306.65873226
3726,2024-12-15,4001241.3085042,2968056.95011253
3727,2024-12-25,4008945.88527152,2958205.70218222
3728,2024-12-22,4010085.96393948,2968535.81700718
3729,2024-12-25,4010006.10547594,2958418.28403717
3730,2024-12-25,4003054.9550785,2955396.74613317
3731,2024-12-20,4004652.38869923,2959694.66150161
3732,2024-12-26,4009017.98733586,2956526.96905323
3733,2024-12-26,4004973.30947883,2969497.84667074
3734,2024-12-24,4012244.72762987,2961135.12627086
3735,2024-12-27,3999525.43857431,2941187.35492876
3736,2024-12-27,3999030.30343343,2939359.35993169
3737,2024-12-30,4004009.54540988,2933020.84792354
3738,2024-12-24,4004115.82931186,2968555.45709462
3739,2024-12-21,4016725.13257533,2993184.36036539
3740,2024-12-24,4006151.19172817,2951827.3311471
3741,2024-12-10,3995489.33396508,2956545.93165879
3742,2024-12-12,3999445.43108314,2960194.17594281
3743,2024-12-28,3997719.06482546,2959678.78825607
3744,2024-12-29,4015530.68936749,2954141.76289644
3745,2024-12-16,3977926.60063159,2989361.51489069
3746,2024-12-23,3992443.78924016,2966488.27633227
3747,2024-12-15,3989328.23678471,2952803.30299398
3748,2024-12-26,3994870.12999904,2955492.07137006
3749,2024-12-20,4008202.45315764,2956364.17773889
3750,2024-12-25,3999672.36359198,2951574.64665069
3751,2024-12-24,3976459.43643933,2962712.68415725
3752,2024-12-26,3998147.95803512,2957533.18522901
3753,2025-01-01,4014322.21403122,2970297.60831899
3754,2024-12-22,4010018.14204675,2976592.2969555
3755,2024-12-23,3978045.4382257,2962497.18748492
3756,2024-12-11,4005545.72616521,2976244.17799094
3757,2024-12-29,4010188.11998084,2951112.26048521
3758,2024-12-08,4005209.72544396,2956159.40880056
3759,2024-12-24,4002602.10141197,2977270.67845914
3760,2024-12-22,3995974.11908062,2970274.46234915
3761,2024-12-03,4013935.14882942,2959776.0961742
3762,2024-12-03,4010844.01861266,2951656.33934679
3763,2024-12-24,3999858.63270811,2984207.35059097
3764,2024-12-23,4017174.89709783,2966497.68274412
3765,2024-12-24,4002853.81626264,2954981.22013643
3766,2024-12-24,3988595.14257043,2960940.82872796
3767,2024-12-11,3991568.79632363,2931959.34768872
3768,2024-12-22,4000022.60666589,2959268.68140987
3769,2024-12-12,3990362.94592545,2975844.30909895
3770,2024-12-21,4006196.72003831,2957359.21407845
3771,2024-12-25,4013858.48137498,2959026.70370425
3772,2024-12-26,4004664.96602735,2959108.79957269
3773,2024-12-09,3997245.93251442,2938164.010575
3774,2024-12-27,4003971.21015137,2954919.98087608
3775,2024-12-22,4022469.15189888,2961781.31396217
3776,2024-12-17,3998355.12475987,2958216.77375343
3777,2024-12-27,3994104.46005717,2942724.66822596
3778,2024-12-28,4002671.14352296,2970980.32200851
3779,2024-12-04,4024423.32797842,2952748.88000716
3780,2024-12-27,4001765.37649655,2968288.86604802
3781,2024-12-27,4016828.85663968,2954195.31441429
3782,2024-12-25,4005880.75055187,2952902.72158522
3783,2024-12-25,4008886.45607128,2956951.37542192
3784,2024-12-25,3989232.81683125,2956394.10234112
3785,2024-12-16,3979718.88740806,2969492.95622718
3786,2024-12-30,4012038.21687361,2959215.52166143
3787,2024-12-11,4004478.76986803,2968514.43507055
3788,2024-12-26,4022372.68537618,2958349.12343579
3789,2024-12-23,3979615.53445223,2988604.66760736
3790,2024-12-20,3985410.36820972,2961687.59986012
3791,2024-12-30,4018486.29915732,2977707.12502128
3792,2025-01-01,3997085.03217556,2956024.02339262
3793,2024-12-09,4008774.14958607,2956235.74980924
3794,2024-12-28,4010600.43418352,2957499.54820609
3795,2024-12-25,4006698.73772474,2955371.27703396
3796,2024-12-24,3995995.1651281,2969075.80019257
3797,2024-12-17,4015322.92876593,2963897.70633862
3798,2024-12-25,3991838.41154885,2972561.02483506
3799,2024-12-13,3992106.10894933,2974754.96177309
3800,2024-12-21,3999523.12773572,2944485.87406038
3801,2024-12-26,3999949.7134421,2967230.74438098
3802,2024-12-26,3996751.83062546,2943613.7904026
3803,2024-12-20,3993748.51544755,2956944.66397632
3804,2024-12-27,4012949.4514185,2955434.84830204
3805,2024-12-23,4004217.09071421,2954521.71294259
3806,2024-12-29,4024627.35511401,2976033.35389806
3807,2024-12-24,4003315.6330768,2977217.09699171
3808,2024-12-16,4026213.77542455,2962310.97408574
3809,2024-12-27,4007674.61971548,2969885.92868194
3810,2024-12-29,4010542.64255934,2969127.08021889
3811,2024-12-24,3999695.93812255,2970189.18164021
3812,2024-12-26,3994606.93326073,2962845.04918673
3813,2024-12-26,4010117.46030681,2971135.03546375
3814,2024-12-18,4010939.1045203,2976725.1421064
3815,2024-12-17,3993527.51356877,2925950.04665017
3816,2024-12-26,4003940.6316704,2952836.82695373
3817,2024-12-29,4005197.27818007,2951199.82103236
3818,2024-12-13,4013054.3519907,2959736.12852314
3819,2024-12-27,3993146.73694383,2940180.42108171
3820,2024-12-27,4007200.51277689,2942351.88256573
3821,2024-12-10,4024566.08831186,2964228.47451028
3822,2024-12-16,4009328.22512693,2954807.65117555
3823,2024-12-10,4004832.00718428,2956371.81303786
3824,2024-12-29,4005617.03563497,2951055.37247744
3825,2024-12-26,4002019.65116856,2957807.79343088
3826,2024-12-12,4009952.28446537,2956053.55705332
3827,2024-12-13,4011019.27186565,2955670.65315631
3828,2024-12-28,4012984.83655346,2957444.21338973
3829,2024-12-24,3996374.37143374,2942874.84694934
3830,2024-12-28,4005926.39108542,2954984.29378487
3831,2024-12-24,3996029.93588417,2942456.82788199
3832,2024-12-14,3997304.92772736,2958134.17982629
3833,2025-01-01,4001963.9361596,2970188.85980051
3834,2024-12-19,4006675.60114531,2962538.86008813
3835,2024-12-10,3999286.61123447,2955101.89070451
3836,2024-12-24,4002748.99989447,2956143.04695753
3837,2024-12-29,4020651.4239374,2954130.3525973
3838,2024-12-23,4025372.19486508,2962748.02794434
3839,2024-12-26,3992964.84365947,2958706.94970713
3840,2025-01-01,3999896.67638699,2957215.89882321
3841,2024-12-26,4007986.93129539,2968253.61177856
3842,2024-12-29,3998706.00979134,2978671.14963686
3843,2025-01-01,3983651.10353022,2970608.16490121
3844,2024-12-29,4007314.50680296,2954492.78509791
3845,2024-12-19,4005560.39740204,2951241.85015382
3846,2024-12-19,3997468.59199705,2971022.54122105
3847,2024-12-04,4001053.14158276,2953359.63754826
3848,2024-12-15,3985226.38494855,2972732.95458322
3849,2024-12-07,4003370.58896432,2957216.8497712
3850,2024-12-21,4005748.95935956,2957935.51855446
3851,2024-12-29,3988849.08556789,2954056.74669355
3852,2024-12-26,4008268.93555439,2950867.51771674
3853,2025-01-01,3988464.59363697,2961066.03777057
3854,2024-12-26,4001617.51633324,2956707.83897541
3855,2024-12-08,3983984.86012042,2958155.72111685
3856,2025-01-01,4010893.43756538,2959639.49816897
3857,2024-12-20,3991783.37676443,2991222.346757
3858,2024-12-14,3993865.77860118,2957193.75448777
3859,2024-12-27,4006457.67252926,2963978.06033719
3860,2024-12-29,3989477.56154721,2952808.21113869
3861,2024-12-09,4014230.17052449,2988691.09922478
3862,2024-12-20,3997551.36817312,2956184.83126085
3863,2024-12-28,4000016.06058164,2954062.47982535
3864,2024-12-13,4008837.2576292,2955982.85969006
3865,2024-12-29,4011497.63000637,2958520.63819455
3866,2024-12-10,3996035.69905668,2956451.24649996
3867,2024-12-11,3977403.23566203,2969305.94088613
3868,2024-12-14,4019315.15862334,2963445.05129387
3869,2024-12-22,4000046.93579309,2955401.07554892
3870,2024-12-16,4000651.24980143,2951978.83760514
3871,2024-12-24,4013262.79956576,2955754.79526419
3872,2024-12-28,4022432.62349942,2968215.3595781
3873,2024-12-24,3996093.91045874,2947080.81994848
3874,2024-12-26,4009946.78247165,2960002.97328902
3875,2024-12-30,4014778.57209056,2958583.37249974
3876,2024-12-06,4004345.13431774,2958125.62429307
3877,2024-12-16,4011672.72350566,2956060.22365587
3878,2025-01-01,4003155.97997452,2951207.91337662
3879,2025-01-01,4005070.98765673,2958240.89262237
3880,2024-12-26,4002948.48884083,2953875.0226612
3881,2025-01-01,4012219.27385759,2949797.56543889
3882,2024-12-28,4005762.23046042,2969358.0163543
3883,2024-12-16,4001298.28791679,2954475.62760695
3884,2024-12-30,4013133.4395364,2959546.09790263
3885,2024-12-19,3985555.24302951,2959886.5576717
3886,2024-12-22,4004026.54059503,2957993.42872849
3887,2024-12-25,3997784.88347357,2960006.9174507
3888,2024-12-30,4009782.67234101,2955571.75991215
3889,2024-12-29,4002641.23873684,2974113.77128597
3890,2024-12-14,4016359.76190698,2958625.86952482
3891,2024-12-28,3992857.91477459,2959812.28894754
3892,2024-12-26,3988021.04973667,2970766.41894592
3893,2024-12-13,3999565.066926,2935277.74377832
3894,2024-12-25,3996176.31224203,2956399.72413032
3895,2024-12-30,4028913.5787269,2976793.51188116
3896,2025-01-01,3999971.24310047,2963193.71326917
3897,2024-12-27,3998036.81238673,2953976.00947053
3898,2024-12-07,4016005.47955248,2960485.51339326
3899,2024-12-24,4015066.29286695,2958368.24351046
3900,2024-12-27,3975478.7368263,2969307.73976369
3901,2024-12-22,3996635.69228834,2954043.85871066
3902,2024-12-23,3996540.75308482,2943894.38674578
3903,2024-12-30,4012728.43224046,2960265.14135486
3904,2024-12-26,3997826.64600332,2955501.00161263
3905,2024-12-16,4017382.2647643,2959011.74447484
3906,2024-12-20,4009060.60116205,2972463.2295941
3907,2024-12-16,3983077.08331453,3003256.98418893
3908,2024-12-20,4013627.02000578,2951796.66676514
3909,2024-12-15,4016507.22775017,2971351.70524762
3910,2024-12-30,4005252.13127438,2952847.3048348
3911,2024-12-07,3996671.29453978,2939272.15684606
3912,2024-12-26,3996302.9560096,2969816.84982829
3913,2024-12-25,4008791.0885864,2957702.22075741
3914,2024-12-27,4029036.05111227,2960801.84622133
3915,2024-12-25,4001530.22424901,2955665.08987067
3916,2024-12-29,4007981.46978788,2957277.88930366
3917,2024-12-26,4001851.15685984,2955841.52251842
3918,2024-12-08,4010288.21299531,2955557.08471739
3919,2024-12-27,4004793.89418418,2959445.86659354
3920,2024-12-27,4003182.03139987,2960461.62195545
3921,2024-12-25,4002907.13523618,2949204.95588038
3922,2024-12-28,3988713.53213874,2956343.89853787
3923,2024-12-28,3992158.1643281,2956601.4359499
3924,2024-12-25,3998078.8427,2972286.40728737
3925,2025-01-01,4014902.47985012,2965153.1538265
3926,2024-12-27,4003739.49233228,2970869.13878462
3927,2024-12-30,4022026.94194402,2930509.66903118
3928,2024-12-08,3984002.94446887,2959286.43315635
3929,2024-12-12,4024933.79559934,2953473.58468171
3930,2024-12-25,3989383.20422284,2970124.19317445
3931,2025-01-01,4001830.10882387,2953015.50467182
3932,2024-12-29,3984381.56421688,2959045.88586995
3933,2024-12-30,3985823.40087529,2968604.81687523
3934,2025-01-01,4030025.28870321,2963073.23389384
3935,2025-01-01,4005054.38653781,2942783.36691363
3936,2025-01-01,4004423.87364015,2959635.64192317
3937,2025-01-01,3997158.44546839,2939898.58075592
3938,2024-12-20,3996222.08223139,3001330.9936772
3939,2024-12-28,4002947.6509505,2930739.37051454
3940,2024-12-19,4015870.51595738,2980712.97032785
3941,2025-01-01,4006128.60205732,2992187.60138798
3942,2024-12-24,3987468.0548441,2952572.55052284
3943,2025-01-01,4002828.89553438,2936927.97399722
3944,2024-12-28,4009926.23241581,2945904.04378744
3945,2024-12-08,3997464.99237827,2939661.71252185
3946,2025-01-01,3983086.12249147,2969131.72726092
3947,2024-12-27,3991878.29828954,2953872.16062682
3948,2024-12-21,4013000.5818405,2956376.39397636
3949,2024-12-18,3987993.22076608,2959495.96647882
3950,2024-12-12,4006881.2061966,2979714.69452598
3951,2024-12-26,4010562.11629873,2956165.26355095
3952,2024-12-25,3999129.86030875,2941313.29639699
3953,2024-12-29,4027764.61942331,2977039.25082311
3954,2025-01-01,4002689.72354725,2956135.1240471
3955,2024-12-10,3981680.26644363,2986038.48413658
3956,2025-01-01,3997828.40611571,2958192.46455353
3957,2024-12-29,4010143.08420443,2951662.01000055
3958,2024-12-15,4001125.41505529,2954095.37577952
3959,2024-12-30,4002591.03758654,2952788.14910279
3960,2024-12-28,4001775.26925183,2956341.38944297
3961,2024-12-25,4036763.47568135,2973724.93555225
3962,2024-12-26,3991859.44983715,2970328.89827878
3963,2024-12-28,3999998.45093424,2953651.88602512
3964,2024-12-28,4014802.09076061,2975422.46976769
3965,2024-12-22,4014644.48905655,2958673.96173002
3966,2024-12-13,4000731.9166211,2952891.12086193
3967,2024-12-28,3993396.0715151,2954352.75527821
3968,2024-12-28,3983299.29769324,2973157.089386
3969,2024-12-25,4006627.96372273,2969845.8481528
3970,2024-12-30,3986105.19416424,2954021.84601252
3971,2024-12-26,4025685.72837271,2994035.19674665
3972,2024-12-19,4013690.82820989,2957528.67182805
3973,2024-12-26,3999451.25065552,2953334.40300164
3974,2024-12-27,3986219.15192883,2998699.26627844
3975,2024-12-23,4003902.87312515,2954100.83797585
3976,2024-12-27,3998708.93883227,2972409.07338391
3977,2024-12-29,3983115.64631313,2984099.74464704
3978,2024-12-12,4009830.22015325,2954129.39584979
3979,2024-12-23,4007772.15687291,2954411.45775401
3980,2024-12-28,3984363.23093534,2943293.93087314
3981,2024-12-11,3985296.37563303,2971133.02631622
3982,2024-12-30,4011334.04588793,2956757.52033239
3983,2024-12-28,3999952.19649811,2953771.9737693
3984,2024-12-08,3998587.39302647,2953065.53849825
3985,2024-12-29,4017888.2194598,2992458.91955202
3986,2024-12-28,3987325.65924247,2973008.30406018
3987,2024-12-30,3997428.91732834,2953357.49570983
3988,2024-12-30,4014094.31556119,2950672.21450815
3989,2025-01-01,4002507.10547311,2979658.25589753
3990,2024-12-26,4002958.32688175,2941301.55642228
3991,2024-12-27,4000321.81936238,2956484.26599133
3992,2024-12-17,4006343.89675602,2942675.50584495
3993,2024-12-28,4015956.80698436,2988129.36547146
3994,2024-12-13,4004910.96356713,2957176.4304268
3995,2024-12-26,4020241.18359107,2971731.23381588
3996,2024-12-30,4018391.22040064,2993633.62805879
3997,2024-12-20,3999514.67158091,2945001.47033798
3998,2025-01-01,4003847.95258072,2953549.64944875
3999,2024-12-29,4002738.76491618,2954273.32999985
4000,2024-12-27,4007115.30350421,2943297.21151698
4001,2024-12-28,3989636.76845731,2959056.39922287
4002,2024-12-27,3997057.75840587,2958998.96671744
4003,2024-12-21,3997101.45495163,2954810.05548494
4004,2025-01-01,4009537.49391725,2981742.56258377
4005,2024-12-30,4002534.73164366,2950690.59940876
4006,2024-12-24,4008167.6590473,2995774.64715671
4007,2024-12-28,4008047.33808113,2978025.28092555
4008,2024-12-09,3997269.91968742,2954276.99364451
4009,2024-12-30,4010274.08123812,2959277.49725627
4010,2024-12-14,4001424.05349245,2969786.88658225
4011,2024-12-13,4012126.15090308,2932458.09755856
4012,2024-12-28,3987298.37494506,2959890.86786964
4013,2024-12-23,4011351.25623775,2959502.6506434
4014,2024-12-29,4008446.16547031,2957083.40329269
4015,2024-12-20,4000670.98466901,2958461.06638698
4016,2025-01-01,4001368.66183337,2957464.06276275
4017,2024-12-30,4008440.23404195,2956951.8929194
4018,2024-12-09,4003629.22991028,2972098.89549308
4019,2024-12-28,3993160.13550381,2957977.02714827
4020,2024-12-12,4001600.78620101,2957080.74604524
4021,2025-01-01,4000477.68535029,2970163.92471533
4022,2025-01-01,4008784.13140779,2969146.83735665
4023,2024-12-28,4003002.03169313,2949920.38287237
4024,2024-12-26,3997842.08401751,2957295.62616407
4025,2024-12-12,4006942.44046916,2955499.60785859
4026,2025-01-01,4001536.32038863,2956868.78524158
4027,2024-12-29,4011227.72016288,2958912.45511652
4028,2024-12-16,4007883.925697,2968924.18511335
4029,2024-12-27,4004957.08511232,2960161.21070855
4030,2024-12-12,4008592.43464565,2953732.31180766
4031,2024-12-29,4012849.05329058,2956411.29880189
4032,2025-01-01,3999737.68606215,2952520.17643481
4033,2024-12-30,3980339.6099102,2962859.27315716
4034,2024-12-28,3998023.97871885,2940532.99090569
4035,2025-01-01,3988445.6104686,2972347.15639023
4036,2025-01-01,4006534.02922462,2969436.48129982
4037,2025-01-01,3998164.2603478,2946198.52429826
4038,2024-12-29,3993069.27067204,2953404.84941592
4039,2024-12-29,4005231.36767917,2979504.33612638
4040,2024-12-23,3997477.88315602,2957667.62958266
4041,2024-12-29,4003299.29270446,2953696.7832544
4042,2024-12-30,4004830.67518741,2958829.13820069
4043,2024-12-25,3983915.58337109,2961516.27621274
4044,2024-12-28,4013269.91712285,2952150.3191112
4045,2024-12-14,4013327.66495494,2932929.78745957
4046,2025-01-01,4004311.34423083,2968818.87318133
4047,2025-01-01,4005896.47949708,2955831.32873139
4048,2024-12-29,4021525.89548451,2953480.16481361
4049,2024-12-19,3994884.67808614,2954329.77195233
4050,2024-12-15,3999437.62218851,2958091.13118109
4051,2024-12-11,4021946.76988061,2948567.44507213
4052,2024-12-13,4004061.84290732,2955620.42823852
4053,2024-12-16,4009099.97047165,2968021.66263584
4054,2025-01-01,3988922.59711074,2958073.4480438
4055,2024-12-24,4001657.39639535,2942177.1363054
4056,2025-01-01,4000139.35580849,2966270.35448336
4057,2024-12-20,4013636.93874948,2954350.36594082
4058,2024-12-14,4011795.36670288,2958403.88118816
4059,2025-01-01,4000879.44146012,2968218.56399322
4060,2024-12-16,4016283.84333226,2973537.67538898
4061,2024-12-28,4003012.80663894,2951355.38485112
4062,2024-12-12,4014596.24054491,2976986.10683671
4063,2024-12-10,4005217.90008032,2958764.23846056
4064,2024-12-30,4002721.12747017,2942661.88344593
4065,2024-12-16,4007796.45235044,2996386.64945019
4066,2024-12-20,3992199.84172735,2953635.79154833
4067,2024-12-20,3989168.51649922,2951484.77043222
4068,2025-01-01,3986261.34573458,2969726.82561794
4069,2024-12-20,4011467.35078833,2958407.26194415
4070,2024-12-29,4010851.46598138,2969846.59298386
4071,2024-12-20,4016221.85009669,2952764.67850142
4072,2024-12-27,4008072.56144449,2955479.71477727
4073,2024-12-30,3996014.42654596,2953789.8855958
4074,2025-01-01,4004490.07360453,2951770.19662457
4075,2025-01-01,4002812.28582302,2968845.94946122
4076,2024-12-12,4005498.73952591,2977067.99522882
4077,2024-12-13,4009530.12994586,2945320.97570205
4078,2025-01-01,4006857.79708011,2955452.95492342
4079,2024-12-28,4003646.98785698,2977481.42454538
4080,2025-01-01,4003914.84649769,2955255.0417839
4081,2024-12-28,3999419.17927313,2941039.54926944
4082,2024-12-27,4005458.22164759,2952802.84753872
4083,2024-12-20,4009475.63560402,2959063.00106848
4084,2024-12-30,3984254.37884201,2960384.60832363
4085,2024-12-22,3995042.42185477,2953206.77063385
4086,2025-01-01,3998174.72677848,2941962.20222811
4087,2024-12-08,4006311.42196762,2977597.49428627
4088,2024-12-20,4004244.60166796,2953215.17279034
4089,2025-01-01,3992624.87600867,2957102.92206593
4090,2024-12-22,3999797.20422153,2935808.87224817
4091,2024-12-28,4000689.18473751,2969232.0729483
4092,2024-12-30,3996220.96765171,2981158.04397573
4093,2024-12-29,3972488.40590962,2975809.5727972
4094,2024-12-28,4003328.99496612,2970462.79849261
4095,2024-12-21,3993452.57319234,2968277.84145336
4096,2024-12-30,4025163.16200081,2976740.8182421
4097,2024-12-29,3999456.3807242,2954213.66981848
4098,2024-12-30,4002090.28923774,2969231.50147003
4099,2025-01-01,4002070.84289902,2953237.91503405
4100,2024-12-27,4004505.82426282,2957324.08654145
4101,2024-12-15,4006993.53147537,2956501.85710246
4102,2024-12-30,4008001.93794831,2955049.067501
4103,2024-12-28,4021233.64350478,2963417.73986104
4104,2025-01-01,3992444.90145959,2969390.13475653
4105,2024-12-25,4001190.57042659,2967990.77976293
4106,2024-12-30,3996396.140355,2969847.21920196
4107,2024-12-28,4005187.28907795,2953614.97354599
4108,2025-01-01,4007317.19217429,2968732.12461456
4109,2024-12-22,3994584.08602016,2939853.86057211
4110,2024-12-18,4020216.20805399,2966679.14082918
4111,2025-01-01,3999787.25401187,2954100.73312475
4112,2024-12-28,4006231.48389683,2958362.87737403
4113,2024-12-29,4003052.29926561,2953173.34816448
4114,2024-12-14,4008722.86168289,2937691.81981332
4115,2024-12-24,3996035.49339035,2971081.19286462
4116,2024-12-24,4001399.26852405,2970434.94627664
4117,2024-12-23,4000366.08646344,2954351.72383601
4118,2024-12-12,4000491.92513542,2955597.07987184
4119,2025-01-01,4003540.62971201,2952818.74713852
4120,2024-12-27,4002733.89549237,2968332.98517013
4121,2025-01-01,4022918.52024469,2965137.91206476
4122,2024-12-29,3989005.62326234,2973351.24828468
4123,2024-12-25,4027716.49053902,2960444.98602399
4124,2024-12-28,4002906.91629631,2959994.46382636
4125,2024-12-30,4004737.19213907,2952208.19714023
4126,2025-01-01,4005972.45245031,2955865.37461423
4127,2024-12-14,3999054.14539827,2955990.40905252
4128,2025-01-01,3989884.07020319,2961813.29589568
4129,2024-12-28,3990350.28148429,2975329.71422821
4130,2024-12-29,4003345.44832988,2951535.15082551
4131,2024-12-20,3994206.17270232,2969834.17414858
4132,2025-01-01,3993072.72012122,2969465.65168964
4133,2024-12-28,4009243.08519428,2974043.32377957
4134,2024-12-19,4004830.43028154,2954192.68387049
4135,2024-12-30,3998985.34906352,2956572.49949184
4136,2024-12-27,4000534.29954522,2990103.3094727
4137,2025-01-01,4024033.4293271,2959310.6571776
4138,2025-01-01,4012009.0648347,2958502.87882931
4139,2025-01-01,4008065.09291371,2975801.13462011
4140,2024-12-23,4008199.69453586,2956763.29587353
4141,2024-12-15,4003755.9540698,2969500.39178769
4142,2024-12-26,3994038.03570891,2951916.96199993
4143,2024-12-30,4002850.13089029,2977390.17260339
4144,2024-12-30,4009581.44777217,2956661.39511864
4145,2025-01-01,3999442.63597063,2966705.55656555
4146,2025-01-01,3995714.13740522,2969670.02242738
4147,2025-01-01,3998384.60529114,2956505.0055465
4148,2024-12-14,3992824.0400479,2930717.72324265
4149,2025-01-01,3985225.38275794,2983407.0335167
4150,2025-01-01,4000761.81976055,2934677.12967469
4151,2024-12-30,4006429.39580601,2934725.78564818
4152,2025-01-01,4011730.55889529,2946167.85435154
4153,2024-12-17,4018161.12049826,2965007.56625153
4154,2024-12-29,4002579.48628854,2967685.55892869
4155,2025-01-01,3999263.36661914,2958510.76728226
4156,2025-01-01,4001551.80673191,2951888.45607824
4157,2024-12-28,4008002.2998729,2995631.36768622
4158,2024-12-28,4013668.09408813,2956969.97578633
4159,2024-12-22,4023311.55826746,2962634.41507609
4160,2024-12-13,4000459.51246108,2956718.8347653
4161,2025-01-01,4002052.82786982,2950517.19521914
4162,2024-12-26,4004026.8848762,2957197.95577142
4163,2024-12-30,4021435.85472631,2949498.88304586
4164,2025-01-01,4002302.48795358,2936999.62443677
4165,2024-12-28,4001395.18109998,2953019.1979458
4166,2025-01-01,4002797.80706209,2953991.02093405
4167,2024-12-27,4007072.04172128,2955510.24174322
4168,2025-01-01,3994959.90020151,2969011.8458144
4169,2025-01-01,4012865.81488036,2957925.86274037
4170,2024-12-23,4002494.56948621,2956416.95713345
4171,2024-12-30,3980119.05227786,2973180.83515059
4172,2024-12-19,3980600.96662041,2977220.31046802
4173,2024-12-30,4012634.03611703,2960835.22094034
4174,2025-01-01,3984182.97674889,2959454.66672423
4175,2025-01-01,4003285.38724418,2957561.88198148
4176,2024-12-15,3992375.33532886,2957446.32104139
4177,2025-01-01,4002262.00332163,2972334.52408152
4178,2025-01-01,3998354.81766043,2972125.3015659
4179,2024-12-29,3989025.20314063,2956200.99825705
4180,2024-12-15,4001938.26868432,2957578.53893619
4181,2024-12-11,4010699.87683204,2953021.09931356
4182,2025-01-01,4007835.18045362,2953440.64576071
4183,2025-01-01,4020826.92520179,2970577.47911256
4184,2025-01-01,3996285.32500839,2958932.50308142
4185,2024-12-29,3997470.06953772,2943259.18753363
4186,2024-12-24,3997112.41129236,2970048.4164603
4187,2025-01-01,4008904.17110367,2969127.37795265
4188,2025-01-01,3997498.36617983,2952393.15124623
4189,2025-01-01,3999982.33441666,2955314.45505005
4190,2025-01-01,4020557.67302757,2964472.54134594
4191,2024-12-23,4013609.26963056,2956540.55114532
4192,2024-12-29,3997917.31820743,2959185.01859012
4193,2025-01-01,4010568.47677867,2973996.52279411
4194,2024-12-29,4014367.28961996,2959925.02338047
4195,2025-01-01,4011885.91716258,2959065.3105984
4196,2024-12-13,4001601.45067251,2944562.98145197
4197,2024-12-22,3999326.74547344,2953916.88936462
4198,2024-12-28,3996928.74731347,2955469.88817729
4199,2024-12-24,3999575.66605478,2952005.5202785
4200,2025-01-01,3995584.38546657,2985219.85966881
4201,2025-01-01,4003104.33886148,2936198.9458413
4202,2025-01-01,4018232.97265919,2932276.78188573
4203,2025-01-01,4014033.18405474,2961064.74107367
4204,2024-12-14,3988831.95788104,2973122.76056167
4205,2024-12-25,3998516.50211035,2970763.48500563
4206,2025-01-01,3995616.47636226,2969607.02887911
4207,2024-12-30,4013567.06822434,2932663.33296417
4208,2025-01-01,4005586.6130875,2970452.28218333
4209,2024-12-30,3984631.43042845,2961857.22837155
4210,2025-01-01,4017218.0186026,2959026.68707113
4211,2024-12-28,3986897.31398921,2953516.18562179
4212,2024-12-28,4010244.03058305,2957476.36484806
4213,2024-12-24,3990883.04892832,2943046.54459806
4214,2024-12-15,4031407.26068234,2977558.89366706
4215,2025-01-01,3989821.93109566,2974122.68472459
4216,2024-12-30,3999443.5740345,2961853.51567016
4217,2025-01-01,4013304.81063844,2960019.01651476
4218,2025-01-01,4013551.57207358,2959447.98831438
4219,2024-12-20,3999369.65418495,2960520.263788
4220,2024-12-17,3991349.15909394,2968561.01484653
4221,2024-12-20,3987029.86504889,2960306.12161626
4222,2024-12-15,4008821.00925926,2960005.6310819
4223,2024-12-30,4018920.74027198,2964673.76643274
4224,2025-01-01,4010757.5941055,2972824.60170532
4225,2025-01-01,4003220.50767032,2954348.63780307
4226,2024-12-29,3981509.33868224,2968729.25420998
4227,2025-01-01,4012272.82254898,2960211.33902998
4228,2025-01-01,4013871.64629131,2972409.82779091
4229,2025-01-01,3999472.51745779,2959914.93305014
4230,2025-01-01,4000241.73720278,2953558.49708856
4231,2024-12-12,3999667.27313306,2951983.79666357
4232,2024-12-23,3996333.11742758,2938136.09162722
4233,2024-12-21,4002514.99619437,2954180.32123147
4234,2025-01-01,3988116.34205386,2975537.69354252
4235,2024-12-16,3995689.84774773,2953824.67212278
4236,2025-01-01,3992055.27176804,2966914.20433243
4237,2024-12-29,4013632.05590797,2953837.05610661
4238,2025-01-01,4001550.82746863,2956659.19240562
4239,2025-01-01,4006900.96854233,2956938.51767942
4240,2024-12-29,4007567.88075851,2954557.5614035
4241,2025-01-01,3994164.7372933,2951407.82980565
4242,2024-12-21,4004222.07270021,2958740.22091963
4243,2024-12-29,3991457.61767579,2960340.43244212
4244,2024-12-11,4023492.62810887,2949776.98317083
4245,2025-01-01,4014012.07324069,2959521.67078957
4246,2025-01-01,3997203.40268627,2968598.89609665
4247,2024-12-18,3998670.66052225,2956774.85515694
4248,2024-12-24,4033950.75466741,2979719.12212866
4249,2025-01-01,4016458.37361214,2932863.78702375
4250,2025-01-01,4015872.06469898,2952921.34467097
4251,2024-12-14,4004835.16958339,2959049.60144445
4252,2025-01-01,4004296.99834261,2957971.62508531
4253,2025-01-01,3993137.35726479,2973991.78655187
4254,2024-12-18,4009704.12380272,2956063.93872491
4255,2024-12-20,4017732.94387593,2957637.68650803
4256,2025-01-01,3976921.60173913,2939274.57676131
4257,2025-01-01,3997318.6187292,2971770.26211825
4258,2024-12-30,4021400.48906519,2989751.60533253
4259,2025-01-01,4001322.77065822,2957337.28630813
4260,2024-12-20,4027335.33908964,2962672.74742996
4261,2024-12-30,4017190.32487259,2958307.82858804
4262,2024-12-30,4005935.61232669,2954695.41484019
4263,2025-01-01,4007117.79822816,2950903.19456615
4264,2024-12-30,3997369.45661306,2968445.04205306
4265,2025-01-01,3982727.7018795,2996235.88306571
4266,2024-12-12,3999178.27082634,2959626.37712998
4267,2024-12-25,3994858.37662936,2952738.85809119
4268,2024-12-28,3983912.60752321,2999470.51497667
4269,2024-12-21,4000444.11801358,2955292.08758147
4270,2024-12-16,4007199.56574969,2955203.11637459
4271,2025-01-01,4003465.46926946,2970950.99431724
4272,2025-01-01,3991031.46902738,2947000.23640635
4273,2025-01-01,3985677.16955923,2970753.85951768
4274,2024-12-18,3999922.86806423,2920951.75783423
4275,2025-01-01,4005085.74179555,2954705.49240271
4276,2025-01-01,3998882.37994009,2945461.19100415
4277,2025-01-01,4012114.81624722,2932701.07796344
4278,2025-01-01,4001243.1059423,2957512.99317378
4279,2024-12-11,4004496.45127197,2975433.62648971
4280,2024-12-14,4010161.49584777,2951700.59155126
4281,2024-12-29,3989332.04925893,2973199.95958835
4282,2024-12-13,4014655.46269999,2958933.4781234
4283,2025-01-01,4004088.51407909,2952743.53152439
4284,2024-12-26,4017664.13814558,2950492.45681383
4285,2024-12-30,3997729.05676019,2956515.09473448
4286,2024-12-19,3996564.75294949,2939147.02333155
4287,2025-01-01,3979310.26372978,2964771.63880267
4288,2025-01-01,3999160.41361054,2941814.22717797
4289,2025-01-01,4002868.66095593,2931007.96605986
4290,2025-01-01,3985375.51003816,2958649.25860997
4291,2025-01-01,3998417.39105126,2999304.8829594
4292,2025-01-01,3998417.4317728,2955254.65062395
4293,2025-01-01,4003449.65540322,2956880.72771425
4294,2024-12-29,4003939.92171843,2953265.02278838
4295,2025-01-01,3992868.95706746,2958690.39512271
4296,2025-01-01,3996237.67262308,2955234.89563616
4297,2024-12-22,4001556.28214143,2941280.23805096
4298,2025-01-01,3985976.47559546,2940397.01886405
4299,2025-01-01,3997296.37314357,2956997.47973422
4300,2025-01-01,4016742.57784702,2982547.86255808
4301,2025-01-01,4008517.23525899,2972182.66208197
4302,2024-12-19,4000731.61787188,2952506.24302828
4303,2024-12-30,3999574.4914666,2954325.67619407
4304,2024-12-21,3991425.25446117,2953384.5679156
4305,2025-01-01,3978837.74260724,2962263.55989888
4306,2025-01-01,3979222.62934456,2985448.61043812
4307,2025-01-01,3989554.14901189,2975225.64426455
4308,2024-12-30,4013087.95411012,2976027.36987643
4309,2024-12-27,3994925.90355204,2973066.8427652
4310,2025-01-01,4028466.13156421,2961618.06726515
4311,2025-01-01,4014443.93844745,2958226.70670786
4312,2025-01-01,4002005.96774881,2968641.88407909
4313,2024-12-30,4015870.32015162,2981441.43133624
4314,2024-12-21,4000380.7059657,2990986.037196
4315,2024-12-20,3997008.07741845,2968537.82744492
4316,2024-12-17,4027588.37860267,2959587.79782531
4317,2025-01-01,3992474.33809142,2929492.54954577
4318,2025-01-01,4003361.06272058,2952042.60533192
4319,2025-01-01,4024388.87664154,2959527.40138885
4320,2025-01-01,3997204.47215417,2956238.31069051
4321,2024-12-28,4029372.47721016,2963025.44521961
4322,2025-01-01,4011727.02124506,2957949.64684961
4323,2025-01-01,4002138.06897143,2956464.69204315
4324,2025-01-01,3999416.16473798,2959679.75892054
4325,2025-01-01,3977013.2115122,2973163.98845302
4326,2025-01-01,4014495.43575206,2960468.69220491
4327,2025-01-01,3977844.21521161,2961788.93226979
4328,2024-12-23,4012900.6894991,2958623.89766947
4329,2024-12-17,3982724.58352979,2967415.18343391
4330,2024-12-24,4025929.17761993,2978621.71833251
4331,2025-01-01,4002586.63099293,2970631.64103314
4332,2025-01-01,4008040.267916,2943769.80740184
4333,2025-01-01,4009850.40540764,2954882.75292952
4334,2025-01-01,4001229.14690128,2957804.9389339
4335,2024-12-23,3984626.60815311,2974384.81772119
4336,2025-01-01,4009446.9514693,2981321.69335809
4337,2025-01-01,4011972.45520558,2973541.18134801
4338,2024-12-24,3998853.74346675,2945297.51401788
4339,2025-01-01,3999832.42241568,2971842.02491913
4340,2025-01-01,3996230.81940189,2943632.03680737
4341,2024-12-24,4001943.77193628,2936103.47309819
4342,2025-01-01,3986780.27931471,2969620.09125308
4343,2025-01-01,4010803.69079064,2958197.16475408
4344,2025-01-01,4011246.84841063,2953048.48518212
4345,2025-01-01,3995626.39689353,2956933.68794329
4346,2025-01-01,4005687.17525068,2954664.94040882
4347,2025-01-01,3991895.073877,2976893.38451553
4348,2025-01-01,4002259.95451728,2956057.81226531
4349,2025-01-01,3999139.65002726,2955758.49970115
4350,2024-12-17,3999084.03696961,2955061.21900203
4351,2025-01-01,4003535.31639411,2933462.8212419
4352,2024-12-20,4000293.10118825,2936155.4486529
4353,2025-01-01,4005626.38053966,2953778.72991648
4354,2025-01-01,4013017.58315604,2961330.08502859
4355,2024-12-30,4009564.5830442,2945334.90199262
4356,2025-01-01,3981359.25354646,2942878.92413924
4357,2025-01-01,4012646.11099324,2960538.72272076
4358,2025-01-01,4000247.22618631,2952355.82321645
4359,2025-01-01,4006094.60404934,2950212.2441598
4360,2025-01-01,4015187.9722629,2958635.149111
4361,2025-01-01,4007194.0200758,2968676.84445318
4362,2025-01-01,4003684.02356648,2955103.76619948
4363,2024-12-17,4005521.33463518,2955568.89966008
4364,2025-01-01,3971811.30875753,2984538.62559157
4365,2025-01-01,3995026.13849117,2957355.36214903
4366,2025-01-01,4004017.56020375,2952443.13064755
4367,2024-12-29,3992497.92618713,2972120.17353221
4368,2025-01-01,4024503.29648946,2962958.35343205
4369,2025-01-01,3993578.74551744,2971504.5020989
4370,2024-12-29,4012381.1339846,2957368.24543
4371,2025-01-01,3999341.83531314,2970400.26304092
4372,2025-01-01,4022747.29135596,2959170.73661984
4373,2024-12-30,4002773.55622797,2970189.22317602
4374,2024-12-19,4013972.71106557,2961378.78759244
4375,2024-12-22,4001136.07426001,2953049.04693399
4376,2024-12-28,4003786.02410271,2953075.21875155
4377,2025-01-01,4015731.88103661,2959551.29234899
4378,2025-01-01,4003214.64750604,2947084.63236011
4379,2024-12-19,4002075.62117142,2954622.16601609
4380,2025-01-01,4003985.19328357,2970931.23810348
4381,2024-12-14,4005489.49033994,2955978.56199152
4382,2025-01-01,3984808.36324308,2974389.03678847
4383,2025-01-01,3980281.13831664,2969112.7610758
4384,2025-01-01,3993935.45849315,2959106.78146622
4385,2024-12-28,4022418.94773136,2949171.13778964
4386,2025-01-01,4005504.04546863,2954563.99981807
4387,2025-01-01,4014461.68659269,2958316.0021035
4388,2025-01-01,3998803.65822294,2958108.31778659
4389,2024-12-24,4002023.51316177,2954882.90243054
4390,2024-12-16,4001823.62385782,2968311.33015674
4391,2024-12-18,3995529.31853235,2986604.17978825
4392,2025-01-01,4001678.51161607,2956172.88979395
4393,2025-01-01,4003740.98518587,2951342.80576627
4394,2024-12-20,4005949.93676869,2954852.50076081
4395,2025-01-01,3997010.24738199,2955940.34021538
4396,2025-01-01,3989247.13809247,2959361.10598882
4397,2025-01-01,4004368.58615706,2971556.13778586
4398,2025-01-01,4009282.55787633,2957179.00285763
4399,2025-01-01,3996327.47812605,2957837.20182019
4400,2025-01-01,4026939.63990782,2963743.85802071
4401,2025-01-01,4004277.67505359,2979665.90061877
4402,2025-01-01,4004319.81350895,2976504.83515954
4403,2025-01-01,3995159.26804213,2961245.73489944
4404,2024-12-18,4009519.70243885,2951786.69143996
4405,2025-01-01,4008153.75051659,2957735.33467858
4406,2024-12-24,3986219.68561946,2955184.09876033
4407,2025-01-01,3997732.85229277,2957868.81572714
4408,2024-12-20,4002382.98750642,2974806.90523082
4409,2025-01-01,4002324.9455799,2968605.07792571
4410,2025-01-01,3999962.9857314,2954113.76221013
4411,2025-01-01,4005802.93285025,2954611.02462796
4412,2025-01-01,4002900.90212979,2977507.46145095
4413,2025-01-01,4007966.52896442,2953630.74009703
4414,2024-12-16,3995016.13987534,2958320.38534093
4415,2024-12-26,3987650.42581046,2959060.85740454
4416,2024-12-14,3992819.52702549,2939511.26975207
4417,2024-12-29,3988477.76594141,2938962.73768217
4418,2025-01-01,3983294.43551502,2967970.76980398
4419,2024-12-13,3974351.96311131,2971121.67375264
4420,2024-12-30,4004203.41120505,2956821.10618728
4421,2024-12-14,4005273.92815265,2955071.37990742
4422,2025-01-01,4006174.35453201,2956207.58274032
4423,2025-01-01,3983313.60170923,2968752.21407929
4424,2025-01-01,4000672.03421091,2953618.62677539
4425,2024-12-27,4003305.12612692,2943067.45096756
4426,2024-12-19,4005427.14912961,2951140.64393639
4427,2025-01-01,4007592.38316241,2952443.99036332
4428,2025-01-01,4000519.20949318,2970830.29620183
4429,2025-01-01,4007409.76382461,2956518.55810757
4430,2025-01-01,4009454.43149224,2939064.53841015
4431,2024-12-25,4004285.52144258,2970000.23293859
4432,2025-01-01,3997826.84779338,2956820.75213426
4433,2025-01-01,4002998.16993833,2971504.8643147
4434,2024-12-23,3995195.09119436,2958534.7401696
4435,2024-12-26,4012933.91686634,2974151.05948482
4436,2025-01-01,4013076.69925101,2955691.4293731
4437,2025-01-01,4006771.70158513,2957010.12927756
4438,2024-12-26,4003030.43662904,2937791.78898419
4439,2025-01-01,3999280.48709154,2945549.91250629
4440,2024-12-20,4010753.65647657,2952389.21177293
4441,2024-12-23,4000701.32120982,2992583.30284714
4442,2025-01-01,3979386.37713371,2962988.6880723
4443,2025-01-01,4009934.92415763,2965641.85781151
4444,2025-01-01,3993751.37409058,2952414.99575587
4445,2025-01-01,4002873.63334102,2953092.0648086
4446,2025-01-01,4029222.68206511,2977844.40824505
4447,2025-01-01,3997208.7578874,2985459.91307758
4448,2025-01-01,3992693.37889115,2938801.37425314
4449,2024-12-17,4002887.7979384,2956639.69735323
4450,2024-12-20,3997188.73397459,2955057.11310501
4451,2024-12-25,4000680.05826973,2956628.9491277
4452,2024-12-20,4003321.69588972,2954981.06681783
4453,2024-12-18,4005982.80308122,2963399.29411308
4454,2025-01-01,3982896.91637953,2934289.11688358
4455,2025-01-01,3986148.44013005,2959469.00969305
4456,2024-12-26,4005320.87173498,2956939.81584816
4457,2025-01-01,4006093.03283711,2970873.26823607
4458,2025-01-01,3977563.97711547,2963312.13240236
4459,2025-01-01,3998379.56534318,2938300.10116666
4460,2024-12-24,3998962.6381791,2956120.88347889
4461,2024-12-19,3991710.03460717,2973196.03027395
4462,2025-01-01,4024033.19226796,2958926.52322539
4463,2025-01-01,4009215.1102334,2959024.94788638
4464,2025-01-01,4003239.10636308,2955191.9402855
4465,2024-12-17,3997711.66981889,2952279.74290322
4466,2025-01-01,3999829.44866371,2955857.26369435
4467,2025-01-01,3992937.02254655,2959430.54019216
4468,2025-01-01,4008336.31706317,2956843.43587254
4469,2024-12-25,3983161.72009029,2959997.91724842
4470,2025-01-01,4002639.3688921,2959833.16755049
4471,2025-01-01,3980857.06547864,2961463.4273025
4472,2025-01-01,4001446.43743503,2955634.28113646
4473,2024-12-12,3996051.76292827,2971974.52839483
4474,2025-01-01,3998478.19711095,2953228.48254453
4475,2025-01-01,4013715.35223871,2959209.4878482
4476,2024-12-21,4011115.06821651,2956180.48456092
4477,2024-12-19,4003757.33200775,2976686.7737558
4478,2024-12-20,3998619.54257098,2954648.47077036
4479,2024-12-27,4000047.13314353,2957803.05189626
4480,2024-12-21,3994573.29322028,2955856.3897451
4481,2024-12-27,4000926.12483432,2935916.45612823
4482,2024-12-17,4014773.87737581,2929898.4217676
4483,2025-01-01,3990824.04344144,2958225.44473035
4484,2024-12-27,4002537.73060065,2955029.4063631
4485,2024-12-25,4012504.89432779,2959502.61599461
4486,2024-12-28,3996480.97048211,2970273.18566019
4487,2025-01-01,4003903.36457647,2953931.04060164
4488,2025-01-01,4000127.56131508,2951304.50150229
4489,2025-01-01,3987975.07132074,2941341.96564623
4490,2025-01-01,3985959.57638424,2973833.92120123
4491,2024-12-26,3996369.56801848,2970590.54597077
4492,2024-12-16,4012313.5116742,2959589.62611985
4493,2025-01-01,3999697.5287152,2936429.61610398
4494,2024-12-20,4014420.11585848,2960328.29421643
4495,2025-01-01,3994455.42448283,2955064.45071403
4496,2025-01-01,4007594.6011347,2943579.42564325
4497,2025-01-01,3998382.06343808,2951992.01067453
4498,2024-12-27,3992997.92482386,2967376.37310944
4499,2024-12-24,4003361.66968908,2958418.42453733
4500,2025-01-01,3994495.48229273,2971085.71734851
4501,2025-01-01,3995041.26041529,2973419.86185523
4502,2025-01-01,4009894.61316602,2940078.16646709
4503,2025-01-01,3995820.44636077,2953787.47640694
4504,2024-12-17,4005466.40763872,2952719.8108621
4505,2025-01-01,3993719.47001329,2967319.68882006
4506,2024-12-20,3994131.10778147,2957172.5074864
4507,2025-01-01,4016615.02994748,2964382.57842885
4508,2025-01-01,3996764.69694012,2968623.67754992
4509,2024-12-21,3986381.85035289,2961188.06242853
4510,2025-01-01,3996504.68756559,2972771.26661473
4511,2025-01-01,4016531.21902767,2965748.96379095
4512,2025-01-01,4000661.4534065,2967580.09355682
4513,2025-01-01,4008277.58001782,2971916.33979215
4514,2024-12-24,4006039.90463101,2958226.30264299
4515,2025-01-01,3998861.65413652,2968595.50547484
4516,2025-01-01,4001077.9713564,2967383.13916394
4517,2025-01-01,4021298.09090838,2953654.76241859
4518,2025-01-01,4006036.23763177,2958248.48467207
4519,2024-12-27,3994269.12732295,2971702.86422099
4520,2025-01-01,4004202.72587223,2969586.06018167
4521,2025-01-01,4003561.15695863,2967496.79732634
4522,2024-12-24,4017340.22383735,2973908.92992237
4523,2025-01-01,4015793.46258448,2936044.68478487
4524,2025-01-01,3991203.73067495,2940374.43955275
4525,2025-01-01,3989898.48054289,2957475.18965368
4526,2024-12-28,3981198.04676823,2962337.51966048
4527,2024-12-30,4001210.91252246,2968928.6582172
4528,2025-01-01,4003819.087875,2952849.4948406
4529,2025-01-01,4004723.76156926,2955854.67433175
4530,2025-01-01,3992744.07547964,2966641.08272048
4531,2025-01-01,4005558.16779036,2943279.92445934
4532,2025-01-01,4008583.1817847,2955033.22757376
4533,2025-01-01,4000109.75475768,2944278.53727644
4534,2025-01-01,4009722.16667412,2951862.49297999
4535,2025-01-01,3987952.80807693,2960270.04477424
4536,2024-12-24,4007337.77823521,2956047.25341484
4537,2024-12-17,4004179.88196475,2954757.94368142
4538,2025-01-01,4009551.93908375,2958215.21666093
4539,2025-01-01,3998081.53892434,2938966.37604248
4540,2025-01-01,4034312.19151811,2981927.1709328
4541,2025-01-01,3994840.0933346,2955649.563739
4542,2024-12-25,4001904.37260022,2953693.76700261
4543,2025-01-01,4006141.91231006,2958309.7817752
4544,2024-12-26,4002122.71165696,2995670.40812785
4545,2024-12-22,4001861.81941632,2957558.68358067
4546,2025-01-01,4012749.24121478,2956352.23012139
4547,2024-12-30,4005001.39855742,2955725.13131647
4548,2025-01-01,4025800.80903435,2959896.43392219
4549,2024-12-23,4001361.74870539,2954281.6522684
4550,2025-01-01,3998107.57719184,2943078.14039831
4551,2025-01-01,4009314.54711047,2958097.34085722
4552,2025-01-01,4007153.01452529,2957658.38561739
4553,2025-01-01,4002833.58955091,2959996.96068957
4554,2025-01-01,4014658.37617758,2959605.22036211
4555,2025-01-01,3993764.91550667,2966420.48611297
4556,2024-12-20,3997307.2099115,2967344.28410284
4557,2025-01-01,4015351.46289108,2958473.99995606
4558,2025-01-01,4011915.78956717,2960907.31692644
4559,2025-01-01,4003896.65686907,2957473.15402085
4560,2025-01-01,4005463.12873207,2951699.31850249
4561,2025-01-01,3996132.63903075,2954404.77605194
4562,2024-12-22,4000254.45398014,2956157.57115127
4563,2025-01-01,4007132.00842429,2956055.82928824
4564,2025-01-01,3988876.57567532,2994792.91573569
4565,2025-01-01,4013944.41446312,2932517.45559782
4566,2025-01-01,4004977.65454166,2958262.79021878
4567,2025-01-01,4019096.02152929,2967358.64750878
4568,2025-01-01,4009380.58769284,2954753.51378646
4569,2024-12-17,4005531.59798113,2955347.69757891
4570,2025-01-01,3977218.96234748,2971913.89862865
4571,2024-12-20,3999014.00515157,2941853.78438819
4572,2024-12-24,3986477.45697998,2953253.67694242
4573,2025-01-01,3997344.70580161,2934487.07183494
4574,2024-12-30,4000979.45227363,2955024.60896501
4575,2024-12-15,4004927.97187665,2954047.55358548
4576,2025-01-01,3995016.44536094,2941939.04053987
4577,2025-01-01,3991013.5942278,2952347.30444663
4578,2025-01-01,3995290.62841544,2967924.8174214
4579,2024-12-25,4012911.91542184,2958215.8201462
4580,2025-01-01,4000276.31713668,2954803.22807443
4581,2025-01-01,3987392.39471521,2969042.27333409
4582,2025-01-01,4002799.78560468,2970285.6845554
4583,2025-01-01,4016310.93446677,2958592.21963415
4584,2025-01-01,4008330.91468471,2970998.76042566
4585,2025-01-01,3999485.01368446,2936140.02955745
4586,2025-01-01,3989619.53375644,2951434.75989788
4587,2024-12-23,4008834.24584082,2969463.16658488
4588,2025-01-01,4013238.4983494,2955448.86178859
4589,2024-12-14,4005513.24470079,2957663.107265
4590,2024-12-30,4010405.92068012,2950261.33535223
4591,2025-01-01,4013217.61646545,2953868.31575418
4592,2025-01-01,4016918.42043211,2979973.95254057
4593,2025-01-01,4014224.02428024,2960074.33421637
4594,2025-01-01,3985108.28336894,2967642.5745127
4595,2025-01-01,4004829.91790307,2970238.93465473
4596,2024-12-28,4012098.44515724,2973638.74094233
4597,2024-12-23,3999996.40509063,2970375.5794042
4598,2024-12-22,3989981.14585101,2960460.78561373
4599,2025-01-01,3994505.01767255,2940433.4272341
4600,2025-01-01,3997846.3632103,2954563.56966671
4601,2024-12-17,4011607.70683804,2936241.29902897
4602,2024-12-20,4011596.59931886,2961125.58911395
4603,2024-12-19,4014542.35376724,2959412.00318622
4604,2025-01-01,3994972.13405502,2928764.36142166
4605,2024-12-21,4003830.57543928,2956657.86401883
4606,2025-01-01,3994562.71117686,2968833.04983718
4607,2025-01-01,3998144.27632434,2940354.38181925
4608,2025-01-01,4010527.49078678,2958064.29760367
4609,2025-01-01,3981895.23824357,2959406.94709823
4610,2024-12-20,4004577.82558561,2959757.05841079
4611,2025-01-01,3986946.78009551,2994011.97088674
4612,2025-01-01,3985149.54164674,2991746.56351929
4613,2025-01-01,3998201.11304914,2940335.36293695
4614,2025-01-01,3982797.07528597,2959440.83811964
4615,2025-01-01,3988535.79987427,2960800.66055637
4616,2024-12-22,3999160.13594427,2961124.42833832
4617,2024-12-21,4005313.28438462,2956309.99446441
4618,2024-12-26,3999452.42859805,2959090.941224
4619,2024-12-25,3999534.44983529,2944298.3261793
4620,2025-01-01,4014635.4349239,2990743.00995802
4621,2024-12-17,3985075.3809758,2969988.31429917
4622,2025-01-01,4031687.6577692,2980076.82791136
4623,2025-01-01,3987433.08591807,2975109.92821856
4624,2025-01-01,4023005.33719747,2943575.48480747
4625,2024-12-26,4009725.83542942,2952448.30560764
4626,2025-01-01,3990202.17433242,2960430.20241686
4627,2024-12-19,3994637.01005379,2954460.29025417
4628,2024-12-26,4006486.87377114,2966347.82276425
4629,2025-01-01,4001438.88226172,2935438.05595463
4630,2024-12-26,4003330.44763276,2937319.65883869
4631,2025-01-01,3980697.88233251,2988089.42517352
4632,2024-12-26,4029214.21265332,2960071.79204517
4633,2025-01-01,3995022.37965178,2955584.96601012
4634,2025-01-01,4005394.67887353,2967393.10192345
4635,2024-12-17,3998095.57638679,2958013.43333993
4636,2025-01-01,4005479.64732804,2952179.98990725
4637,2025-01-01,4011983.33337384,2964455.74826378
4638,2025-01-01,4014132.39717298,2955217.52303788
4639,2024-12-28,3993637.95284063,2957167.45337814
4640,2024-12-26,4008024.56425642,2955262.55374388
4641,2024-12-21,3994808.31974967,2971375.25653224
4642,2025-01-01,3992576.91767687,2954182.97596492
4643,2025-01-01,3998183.58597427,2960447.12651514
4644,2025-01-01,3996555.47407009,2955827.47780932
4645,2024-12-27,4004913.17484209,2955523.83135562
4646,2025-01-01,3990829.48335958,2976016.39895784
4647,2025-01-01,4010387.84198594,2968797.46327396
4648,2024-12-17,3992217.23996858,2970941.1670571
4649,2025-01-01,4000037.05392878,2954117.32108823
4650,2025-01-01,3991378.66006563,2959370.77415902
4651,2025-01-01,4017604.73804203,2992917.59278004
4652,2024-12-20,4010364.06843734,2955297.75374228
4653,2024-12-16,3990951.01445388,2953682.5120378
4654,2025-01-01,4011797.18444685,2952204.3340795
4655,2025-01-01,4004735.23984802,2956658.37929648
4656,2024-12-27,4022341.10193334,2965193.54235179
4657,2025-01-01,4009239.57651205,2958766.08869864
4658,2025-01-01,4005790.66645196,2975424.5825063
4659,2025-01-01,4012310.23876645,2976617.68059774
4660,2025-01-01,3993062.8241477,2956904.86041808
4661,2025-01-01,3995587.93150456,2958753.6636186
4662,2025-01-01,3998618.5739399,2972345.99334928
4663,2024-12-28,4004170.85698044,2941982.46742144
4664,2025-01-01,3986283.3183478,2952421.77972948
4665,2025-01-01,4010402.2718491,2959567.87362535
4666,2025-01-01,4007496.53446227,2954600.50261867
4667,2025-01-01,4007662.78351963,2954883.6601418
4668,2025-01-01,4008573.21039903,2972340.47391917
4669,2025-01-01,3998076.48171693,2970694.67299727
4670,2025-01-01,3999533.05090753,2951856.92481126
4671,2025-01-01,4002016.78471,2955161.75551394
4672,2025-01-01,4010000.27071504,2956971.20310111
4673,2025-01-01,4008524.49295399,2956260.19467787
4674,2025-01-01,3983673.08594311,2960589.93555918
4675,2025-01-01,4008244.05715547,2955261.64857014
4676,2025-01-01,3997406.09954169,2968584.71905743
4677,2025-01-01,3996009.17300512,2942936.11028531
4678,2025-01-01,4003333.34898086,2968297.92109732
4679,2025-01-01,4005426.81366058,2937203.65879727
4680,2025-01-01,3969864.77185725,3001912.83178801
4681,2024-12-20,3986545.64296715,2975091.27221359
4682,2025-01-01,3992059.32438256,2971938.24388972
4683,2024-12-24,3997776.05118776,2953259.05541222
4684,2024-12-23,4021373.61174728,2961611.15118969
4685,2024-12-30,4004133.69077333,2955720.11424379
4686,2025-01-01,4003177.70819533,2957090.28750057
4687,2025-01-01,4007501.90630874,2956494.01643445
4688,2025-01-01,3990902.36058019,2974555.87338093
4689,2025-01-01,4008404.4913373,2957820.86721286
4690,2025-01-01,4007749.35654475,2939178.61500064
4691,2025-01-01,4002637.80375901,2972294.3186315
4692,2025-01-01,4001490.92597505,2969730.18125469
4693,2025-01-01,4007935.07258063,2978665.3320206
4694,2025-01-01,4008599.39983783,2974787.55238678
4695,2025-01-01,3994018.07768089,2985234.1253328
4696,2025-01-01,3992376.32924614,2971069.89535642
4697,2025-01-01,3990277.34103338,2931601.20538188
4698,2025-01-01,3994974.6162246,2955181.25743732
4699,2025-01-01,3992545.76037851,2968561.22144837
4700,2024-12-25,4015120.80173227,2960342.7048527
4701,2025-01-01,4004348.26147553,2954703.92715077
4702,2024-12-17,4007097.33370655,2981033.05888725
4703,2024-12-19,4004052.39343106,2977633.8331547
4704,2025-01-01,3993298.94947786,2930115.84058418
4705,2025-01-01,3998721.83408541,2939849.38450923
4706,2024-12-29,4010224.06911535,2957049.7212028
4707,2025-01-01,4010043.48649783,2956705.76494748
4708,2024-12-27,4000420.14739137,2946168.22344779
4709,2024-12-30,3998416.24327074,2944394.26621989
4710,2025-01-01,3997818.38409824,2966820.75609154
4711,2024-12-26,4011786.7527134,2968691.00887644
4712,2025-01-01,4013591.66074355,2960521.30485815
4713,2025-01-01,3998519.96946267,2958452.82776117
4714,2025-01-01,3998048.35274504,2939886.82401532
4715,2025-01-01,4006762.59570148,2958458.10446598
4716,2025-01-01,4012476.34592047,2954084.44360947
4717,2025-01-01,4001017.97269143,2954597.05113439
4718,2025-01-01,3984584.58667893,2988286.89983997
4719,2025-01-01,4004635.23526546,2956543.37598269
4720,2025-01-01,4005989.95388928,2957187.15004824
4721,2025-01-01,4006746.59664507,2942974.44439473
4722,2025-01-01,4011221.83860739,2959394.79745916
4723,2024-12-24,3989514.40979262,2950956.36199677
4724,2024-12-18,4001951.64904255,2970102.61603004
4725,2025-01-01,4013250.8096407,2956571.42083153
4726,2024-12-28,3997008.74250286,2971637.95217409
4727,2025-01-01,4002885.50755341,2956047.55742477
4728,2025-01-01,4006824.43064603,2957165.9000675
4729,2024-12-17,3994243.51659962,2939234.93130858
4730,2025-01-01,3998251.15036628,2954557.08015791
4731,2025-01-01,4000817.19556056,2968989.66702218
4732,2025-01-01,3979551.49998055,2975604.15535762
4733,2025-01-01,4015609.67368039,2964536.17612194
4734,2024-12-28,3998503.80528777,2958250.02524072
4735,2024-12-20,3994347.11731541,2942250.65500516
4736,2024-12-21,4028865.17763594,2963781.42295608
4737,2024-12-24,4005445.28596593,2957291.2694472
4738,2025-01-01,4009850.3513281,2977247.10715995
4739,2025-01-01,4014389.16136678,2976353.70319817
4740,2024-12-26,3999191.66652242,2955947.2868397
4741,2025-01-01,4008274.79235567,2951237.6772769
4742,2025-01-01,4007249.77664587,2959794.72867808
4743,2025-01-01,3998721.00990091,2952637.06756103
4744,2025-01-01,4007589.28188533,2956118.09220699
4745,2025-01-01,3998967.97973759,2959615.06999012
4746,2025-01-01,4022147.24737474,2939765.36329355
4747,2025-01-01,4021755.01098222,2962970.17295162
4748,2025-01-01,3993943.40335463,2957782.41176271
4749,2025-01-01,4001573.2664397,2957080.64982609
4750,2025-01-01,4003860.76580078,2949379.17806517
4751,2024-12-28,3988354.85375991,2978572.29825098
4752,2025-01-01,4004146.78908545,2951434.18551813
4753,2025-01-01,4011747.32821517,2979028.86995875
4754,2025-01-01,4009216.30082016,2952176.41183812
4755,2024-12-26,3999235.2735298,2986134.08968594
4756,2025-01-01,3992224.34475423,2972700.29974901
4757,2025-01-01,4000645.00810644,2955580.99511815
4758,2025-01-01,4013541.62770963,2954655.74747783
4759,2025-01-01,3993424.46852654,2958635.74901849
4760,2025-01-01,3999391.20791877,2953640.40708168
4761,2025-01-01,3996300.87296473,2944529.88707921
4762,2024-12-30,3993364.15099684,2955675.99187251
4763,2025-01-01,4004028.20212157,2952672.99742102
4764,2025-01-01,3999969.47817416,2942094.23296066
4765,2025-01-01,4004335.7415085,2958900.53792522
4766,2025-01-01,4000506.90624237,2957857.48064805
4767,2025-01-01,3999641.47163659,2955210.12753304
4768,2024-12-23,3994083.52367138,2950862.39946423
4769,2025-01-01,3995062.49344387,2955105.10702544
4770,2025-01-01,4006438.2287317,2956866.48151513
4771,2025-01-01,3993098.3769801,2956376.94361776
4772,2025-01-01,3990692.453072,2953488.11417926
4773,2024-12-30,4008369.01511331,2952776.01288122
4774,2025-01-01,4006328.01601912,2956303.29660729
4775,2025-01-01,4009870.74336034,2952012.12877075
4776,2025-01-01,4001921.60365026,2952742.70709507
4777,2025-01-01,4011177.24566374,2980673.1964486
4778,2025-01-01,3970290.44712246,2993989.68746299
4779,2025-01-01,3975294.16924396,2981608.15414265
4780,2024-12-24,4003167.06747501,2966940.2086218
4781,2025-01-01,4004859.43827333,2956049.45301761
4782,2024-12-21,4000560.66939763,2952976.41897735
4783,2025-01-01,3999205.66229853,2955400.36616527
4784,2024-12-17,3998832.37117232,2957541.21130999
4785,2024-12-18,4002520.43002622,2959489.96415654
4786,2024-12-20,3998956.7634097,2952874.50227583
4787,2024-12-29,3996002.51477981,2968863.60848762
4788,2025-01-01,4010964.71695761,2958724.63801942
4789,2024-12-29,4005059.82915816,2957918.24793684
4790,2025-01-01,3998999.48751096,2967936.59441504
4791,2024-12-25,3999568.34708293,2955610.9533569
4792,2025-01-01,4008650.70678947,2968095.66895831
4793,2025-01-01,4012866.61005429,2952400.20321328
4794,2025-01-01,3986898.49675855,2968969.71385407
4795,2024-12-30,4002224.0015461,2974257.81036178
4796,2025-01-01,3998338.08280184,2968292.1844469
4797,2025-01-01,4008395.37898771,2958045.54545919
4798,2024-12-17,3986539.48243204,2969798.20727405
4799,2025-01-01,3996341.33243819,2985475.34016356
4800,2025-01-01,4010927.4354676,2958224.2028587
4801,2025-01-01,4030638.13456087,2962165.25281462
4802,2025-01-01,4013483.6275931,2960962.86866012
4803,2024-12-28,3998853.97428099,2959405.84187053
4804,2025-01-01,4011452.3156027,2988831.39412528
4805,2025-01-01,4001739.10387501,2955558.91089609
4806,2025-01-01,4017963.68695756,2946749.00436404
4807,2024-12-26,4000245.21385355,2988523.74089562
4808,2025-01-01,4013284.78097953,2975682.30666705
4809,2025-01-01,4003516.660304,2955026.66778892
4810,2025-01-01,4006048.2860689,2956897.87796932
4811,2024-12-19,4010953.96491073,2952055.24590012
4812,2024-12-21,3986981.04590222,2952254.92812928
4813,2024-12-21,3987462.23267559,2956171.52180702
4814,2025-01-01,4007499.12793245,2959718.69276517
4815,2025-01-01,4007472.71116908,2952000.43711821
4816,2025-01-01,3988516.98630979,2959285.32194076
4817,2025-01-01,4001268.98374111,2955951.7367567
4818,2025-01-01,3993310.16324721,2930052.4419286
4819,2025-01-01,3980553.54664314,2962759.2645064
4820,2024-12-28,4013630.00348914,2974955.48779533
4821,2025-01-01,4008241.29052916,2956027.81941246
4822,2025-01-01,4008266.47112689,2957801.03373001
4823,2025-01-01,4011446.65793193,2968596.7333007
4824,2025-01-01,4009180.31050792,2956650.27423907
4825,2025-01-01,4002892.20552751,2951701.35214123
4826,2025-01-01,4008292.88168452,2951494.53711382
4827,2025-01-01,3986244.84950353,2958682.28268609
4828,2025-01-01,4013515.13768939,2959337.95978379
4829,2025-01-01,3986272.31518983,2958593.2844651
4830,2025-01-01,4006643.77137277,2956805.58584345
4831,2025-01-01,4010887.66670513,2958352.89678945
4832,2025-01-01,3988482.42039874,2971216.05999041
4833,2024-12-22,3989605.31193305,2951124.9302597
4834,2024-12-17,4003876.63951706,2970363.52225625
4835,2025-01-01,4015497.1964949,2952190.79774999
4836,2025-01-01,3993005.25832698,2953294.98348597
4837,2025-01-01,3996304.27384327,2939222.17136948
4838,2025-01-01,4004207.1850355,2952418.38154345
4839,2024-12-23,4004014.63779728,2946539.74308824
4840,2025-01-01,3981188.34066153,2971823.31426081
4841,2024-12-30,4004936.56577669,2984489.22593191
4842,2025-01-01,4004633.31594918,2954749.5767264
4843,2025-01-01,4026490.95127454,2976108.8344293
4844,2025-01-01,3988607.02043039,2954019.87631472
4845,2025-01-01,4010295.75250832,2953578.71265695
4846,2025-01-01,4005378.94223852,2976289.22286746
4847,2024-12-29,4010627.79465235,2957339.99830676
4848,2025-01-01,4000682.9250043,2954626.02951469
4849,2025-01-01,4010177.37347881,2977351.77400278
4850,2025-01-01,3993516.24184594,2958733.00544095
4851,2024-12-25,4010284.53333442,2967613.10924339
4852,2024-12-26,4010768.38557476,2956981.32474017
4853,2024-12-23,3983531.76153871,2951192.94607437
4854,2025-01-01,4009695.06573561,2957148.14688535
4855,2025-01-01,4003048.34175151,2967224.66840778
4856,2025-01-01,3987981.58384763,2955323.19014273
4857,2025-01-01,4013185.22158306,2958964.04978774
4858,2025-01-01,4002524.72639468,2959474.38461966
4859,2025-01-01,4014713.00927558,2961069.94498717
4860,2025-01-01,4001934.49405226,2968658.34920757
4861,2025-01-01,4009081.7603222,2957525.34470067
4862,2025-01-01,3997865.23102893,2956252.63865772
4863,2025-01-01,3999142.69845082,2959483.52718026
4864,2024-12-19,4013882.16515427,2985060.76548609
4865,2025-01-01,3999835.002967,2953450.46287451
4866,2024-12-26,3998896.63942755,2954614.36811721
4867,2025-01-01,3990845.718708,2973516.82460308
4868,2025-01-01,3988290.29970468,2971835.82948017
4869,2025-01-01,3991901.29165761,2972116.99122841
4870,2025-01-01,4022579.03545791,2964501.6433943
4871,2024-12-25,4012962.21452406,2951130.80568756
4872,2024-12-27,4011082.90744791,2957583.45713116
4873,2025-01-01,3988873.35797272,2943072.85398902
4874,2025-01-01,3996849.46214911,2967877.87466397
4875,2025-01-01,4016548.77030813,2960628.53636989
4876,2025-01-01,4017483.59245813,2952863.47005186
4877,2025-01-01,4013581.82313299,2954897.64443584
4878,2025-01-01,4013119.84636705,2951517.09910718
4879,2025-01-01,3997389.149852,2939176.67388771
4880,2025-01-01,4008294.26501626,2957025.34100816
4881,2025-01-01,3984500.60993536,2970379.55421823
4882,2025-01-01,3981622.85522822,2969392.89269995
4883,2024-12-25,3996215.45911181,2971353.20050134
4884,2024-12-25,3985198.7289935,2970658.23474313
4885,2025-01-01,4008582.20958062,2958015.74864918
4886,2025-01-01,4000190.65664238,2959844.39187903
4887,2024-12-22,4003036.26626275,2971979.67540757
4888,2025-01-01,3990810.44502723,2992376.10551063
4889,2025-01-01,3971681.54530561,2986315.56482977
4890,2024-12-30,3991455.07789626,2959388.34285914
4891,2024-12-21,4006982.63738285,2958355.87898371
4892,2025-01-01,3999163.63022219,2960132.31858725
4893,2025-01-01,4003032.22183916,2953787.93121841
4894,2025-01-01,4006996.67304701,2942924.7785252
4895,2024-12-19,4012496.81283228,2959709.90574014
4896,2024-12-24,3992528.61499382,2923761.5615181
4897,2025-01-01,4022699.8707136,2962903.48215324
4898,2024-12-30,4006580.13038939,2955214.31930053
4899,2025-01-01,4004634.52100438,2958282.72027299
4900,2025-01-01,4022156.91946263,2964189.75589879
4901,2025-01-01,4006696.87292625,2963030.53978133
4902,2025-01-01,4004665.5079381,2955053.67409004
4903,2024-12-21,4001084.92114702,2953383.06737669
4904,2025-01-01,4010639.42849245,2957622.02275526
4905,2025-01-01,4026296.58456683,2975340.18740439
4906,2025-01-01,4008398.47572229,2956999.16940746
4907,2025-01-01,3994762.68075644,2972890.29331876
4908,2025-01-01,4012266.00087507,2960141.54800524
4909,2024-12-19,4003994.029895,2952671.78603354
4910,2024-12-26,4016109.53473669,2953986.35923358
4911,2025-01-01,4042687.86439219,2956637.99090488
4912,2024-12-22,4000209.13044888,2954887.37630928
4913,2024-12-22,3988391.56138725,2958118.63489538
4914,2025-01-01,3987117.81689324,2967731.18962808
4915,2025-01-01,4002458.38428313,2952212.71078436
4916,2025-01-01,4006742.83313119,2942561.91129464
4917,2025-01-01,3980092.18651993,2948124.27961566
4918,2025-01-01,3991049.60193886,2961195.50563629
4919,2024-12-23,3992439.40570175,2959146.26919651
4920,2025-01-01,3998584.93443791,2940572.93605254
4921,2025-01-01,4009341.95026966,2974931.15347045
4922,2025-01-01,3999554.1512481,2968431.53372656
4923,2024-12-27,3999932.2834266,2958187.41591614
4924,2024-12-18,4002397.93649561,2950881.6983628
4925,2024-12-29,3997569.29029945,2967755.12875652
4926,2024-12-28,4005768.56591728,2975514.16842245
4927,2025-01-01,4008737.79368446,2956318.13673924
4928,2025-01-01,3994496.59866943,2951936.07397679
4929,2025-01-01,3985990.81772645,2943000.43505205
4930,2025-01-01,3985904.48763767,2940919.27306058
4931,2025-01-01,4001259.59347075,2918927.72348177
4932,2025-01-01,3985770.37871986,2972668.1221486
4933,2025-01-01,4001807.05857774,2956358.32719491
4934,2025-01-01,4013118.13679613,2955312.07234916
4935,2025-01-01,4002314.73023929,2963089.41283659
4936,2024-12-19,4011271.35140212,2958262.96026498
4937,2025-01-01,4011992.15858157,2969827.01190351
4938,2024-12-24,4013755.78541307,2954460.52554804
4939,2024-12-22,3997374.97870533,2953470.42839813
4940,2024-12-23,4006092.28790819,2956990.24988916
4941,2025-01-01,3999636.91812134,2976364.33563162
4942,2024-12-28,4011334.18215236,2960579.39053807
4943,2024-12-22,4012271.02624101,2976064.49214118
4944,2025-01-01,4007666.69610137,2956090.65122951
4945,2025-01-01,3987112.69896001,2953394.18844833
4946,2025-01-01,3989555.15015355,2958817.26479881
4947,2025-01-01,4006185.37076666,2957352.17263569
4948,2025-01-01,4010120.3831117,2970590.05286679
4949,2024-12-20,3999881.4440116,2959289.4276983
4950,2025-01-01,3996366.18733937,2938527.88191588
4951,2025-01-01,4003855.36371536,2969534.15766534
4952,2025-01-01,4009471.20633068,2957279.14418551
4953,2025-01-01,3999416.93639354,2936252.65642556
4954,2025-01-01,3987411.44515126,2953366.19760071
4955,2025-01-01,3996625.98813238,2944540.70067146
4956,2025-01-01,4004807.18025816,2952578.3551941
4957,2025-01-01,4016959.28997506,2966657.73360861
4958,2025-01-01,3999473.32220912,2955470.55961808
4959,2024-12-30,4005708.04946215,2953946.19519538
4960,2025-01-01,4003977.29842801,2953286.25712808
4961,2025-01-01,3991020.83933947,2972702.55921148
4962,2024-12-24,4003921.11257804,2967988.08198233
4963,2025-01-01,4013942.78896342,2957889.72926258
4964,2025-01-01,4006018.90623107,2956032.04962819
4965,2025-01-01,4000611.80771759,2968332.95622287
4966,2025-01-01,3986268.81868608,2995721.56562516
4967,2025-01-01,3992807.02874051,2939357.61887293
4968,2025-01-01,3998647.51950811,2990241.88191117
4969,2025-01-01,4011949.59725543,2959971.51728829
4970,2025-01-01,4013670.41439839,2937233.84160501
4971,2025-01-01,3992250.02487516,2985460.980882
4972,2025-01-01,4008180.38863439,2954227.70502339
4973,2025-01-01,3983398.70893793,2971163.22267729
4974,2025-01-01,4004739.89492045,2954963.95537943
4975,2025-01-01,4004838.60162491,2957345.95478131
4976,2025-01-01,3996164.58165436,2943930.17807083
4977,2025-01-01,3996287.53761359,2968819.1160469
4978,2025-01-01,3982329.5823838,2959677.07582594
4979,2025-01-01,3994352.75317445,2956524.41848729
4980,2025-01-01,3997410.67021286,2956826.77666229
4981,2024-12-29,3982411.48396275,2986452.50922039
4982,2024-12-27,4011140.10918596,2956269.65827005
4983,2025-01-01,4007169.43821601,2963983.88482639
4984,2025-01-01,3983502.33589533,2960108.95601935
4985,2025-01-01,3999795.52347848,2969654.60014771
4986,2025-01-01,3982885.28826486,2962779.31387114
4987,2025-01-01,3997571.22119246,2972195.53318342
4988,2025-01-01,4003278.8640308,2960519.64220894
4989,2025-01-01,4006154.65703165,2975108.06185691
4990,2025-01-01,4012032.08681866,2961145.92265192
4991,2024-12-27,4019896.39218335,2956229.5876965
4992,2025-01-01,4024661.961392,2962113.41410532
4993,2025-01-01,4000177.69012441,2934437.99326584
4994,2025-01-01,4003436.85316784,2958901.42454235
4995,2025-01-01,3997760.4540538,2967704.14399762
4996,2025-01-01,4003338.2828501,2942477.73911826
4997,2025-01-01,4014095.82321042,2954724.93528341
4998,2024-12-24,4007974.3652395,2943653.24989804
4999,2025-01-01,4012199.9929487,2954366.81256493
5000,2024-12-28,4001916.67922268,2954126.12203977
5001,2025-01-01,4001869.33687058,2969406.92717528
5002,2025-01-01,4012383.35119873,2953587.8448321
5003,2025-01-01,4010357.49235273,2957590.84061077
5004,2025-01-01,4010773.65382692,2988315.76929447
5005,2024-12-26,4012455.91678751,2931564.75379249
5006,2024-12-21,4004872.2183421,2953733.64642757
5007,2025-01-01,4003503.11209486,2955611.01973108
5008,2025-01-01,3988576.57195426,2972135.48756126
5009,2025-01-01,4006777.84971821,2945054.89286735
5010,2025-01-01,3981774.80003057,2974309.67136183
5011,2024-12-23,4029333.42528719,2963185.19656665
5012,2025-01-01,4015049.19042954,2960972.90131094
5013,2025-01-01,4007712.62605146,2956531.13161446
5014,2025-01-01,4003958.4528114,2957335.70799204
5015,2025-01-01,4008715.64683971,2956021.5328898
5016,2025-01-01,3987421.19932299,2941913.88544725
5017,2025-01-01,4002023.19170783,2930773.77717857
5018,2025-01-01,4008639.26417025,2955074.7533667
5019,2025-01-01,3994300.46018065,2959738.0703613
5020,2025-01-01,4007669.38326221,2955843.22444438
5021,2025-01-01,4009858.41031261,2955401.14386133
5022,2025-01-01,3983538.4048617,2961478.39558099
5023,2025-01-01,3989988.34312526,2952611.88815557
5024,2025-01-01,4024639.94052008,2963428.03232724
5025,2025-01-01,4033824.12382394,2977818.0054858
5026,2025-01-01,3976767.76460156,2970601.79447973
5027,2025-01-01,4008615.32632409,2957413.20823311
5028,2025-01-01,3998921.75835767,2955444.22927103
5029,2025-01-01,4006020.60515016,2959949.59795963
5030,2025-01-01,4008830.91293263,2954378.28744088
5031,2025-01-01,4001845.03076175,2954438.91374621
5032,2024-12-21,4009671.4717249,2957971.39729536
5033,2025-01-01,4003608.66299117,2954949.81620499
5034,2025-01-01,3985704.82377117,2941777.61443829
5035,2025-01-01,3981164.65028075,2963705.95930381
5036,2025-01-01,4018242.07688338,2964800.51112003
5037,2024-12-30,3998203.26332374,2978196.19281615
5038,2025-01-01,4000006.8631918,2956275.64817276
5039,2024-12-28,3997590.73537552,2959345.10853749
5040,2025-01-01,3982993.77958349,2999218.33683171
5041,2025-01-01,4006039.46955014,2990356.59460301
5042,2025-01-01,4004584.61335433,2975409.28622238
5043,2025-01-01,3990457.25691623,2991393.62304756
5044,2024-12-28,3984861.44014051,2960815.032152
5045,2025-01-01,4017583.6472231,2973462.14657651
5046,2025-01-01,4012923.5281707,2960617.82955641
5047,2025-01-01,4008191.54935348,2955803.26081834
5048,2024-12-26,4005145.03341241,2938081.25807886
5049,2025-01-01,3999725.11922579,2954270.02597674
5050,2024-12-24,4006215.9795785,2956848.85392021
5051,2024-12-26,4006390.66927473,2938286.19014836
5052,2025-01-01,3997314.50616452,2942042.31171528
5053,2024-12-28,4013055.22024604,2960483.66875429
5054,2024-12-25,3988526.45932454,2943892.36482387
5055,2024-12-25,3992577.88806072,2967326.59636377
5056,2025-01-01,4004095.00949788,2952055.12174144
5057,2025-01-01,3999144.42772525,2945021.75615108
5058,2024-12-29,4010590.83171535,2955212.68197304
5059,2025-01-01,3987614.37875859,2959398.26470043
5060,2025-01-01,4012732.12755788,2971969.88850989
5061,2025-01-01,4012282.40058694,2976024.21617329
5062,2025-01-01,4024028.69879709,2953650.44922287
5063,2024-12-28,4003964.03016506,2954506.94745915
5064,2025-01-01,4002222.71795551,2952473.56104751
5065,2025-01-01,3996532.37514398,2971829.56024118
5066,2024-12-29,3995608.38344792,2954466.49599598
5067,2025-01-01,3999982.95633099,2972423.5239783
5068,2025-01-01,4008605.82041153,2955378.74869225
5069,2025-01-01,4022296.97389825,2960083.62943485
5070,2025-01-01,3998774.47752419,2946281.32297066
5071,2025-01-01,4009993.95554763,2965823.95629672
5072,2025-01-01,4004434.10061071,2953669.95316067
5073,2025-01-01,3994506.85073133,2954633.89274868
5074,2025-01-01,4011348.9374374,2960970.36058018
5075,2025-01-01,4006718.73786308,2969922.04461594
5076,2025-01-01,3996470.74586794,2960842.83914722
5077,2024-12-29,3998046.78517969,2957297.89292425
5078,2024-12-27,4014469.5438406,2959531.76955484
5079,2025-01-01,4011219.71376512,2973588.06636123
5080,2025-01-01,4001636.46904522,2969897.60942353
5081,2025-01-01,4016151.78284619,2951267.96140455
5082,2024-12-29,3989557.21450035,2968610.11403443
5083,2025-01-01,4002197.82398018,2956022.93386876
5084,2025-01-01,3995809.38278284,2956518.69960684
5085,2025-01-01,4001370.97656466,2954532.91663452
5086,2024-12-30,4013221.90366853,2983525.91532918
5087,2025-01-01,3998125.03121068,2954161.74352595
5088,2025-01-01,4008799.69174047,2969922.00968704
5089,2025-01-01,4000648.68860652,2952399.02632656
5090,2025-01-01,4012790.00188543,2990638.61027709
5091,2024-12-29,4010499.51858558,2983061.73448104
5092,2024-12-23,4003543.43447266,2955936.51547811
5093,2024-12-23,3997225.88146969,2953143.33148828
5094,2025-01-01,4004503.99477146,2953916.07473188
5095,2025-01-01,4018209.24213939,2953333.18788119
5096,2025-01-01,4000102.0322813,2954847.7616111
5097,2025-01-01,3983797.73976601,2959468.93940576
5098,2024-12-27,3999565.16455808,2952580.16259007
5099,2025-01-01,4001503.0339459,2968315.23638707
5100,2025-01-01,3994420.93376796,2953886.07638495
5101,2024-12-21,4020893.36524494,2964443.578828
5102,2024-12-26,3999411.14028983,2967619.07063513
5103,2025-01-01,4020601.0275951,2970685.7647477
5104,2025-01-01,3996223.14115758,2955720.09074624
5105,2025-01-01,3991667.18714753,2956656.40818455
5106,2025-01-01,4008716.16959837,2972758.42020565
5107,2025-01-01,4005814.0190151,2952374.55526359
5108,2025-01-01,3996704.36465051,2987106.14243029
5109,2025-01-01,4019718.84331858,2952437.54329083
5110,2025-01-01,3998570.14812638,2958913.68812647
5111,2025-01-01,4003864.83022435,2955438.6819954
5112,2025-01-01,4010390.69296946,2975860.23969149
5113,2025-01-01,4012912.9894438,2960119.81272963
5114,2025-01-01,4016817.39122261,2958645.46574178
5115,2025-01-01,4001897.67291287,2932906.75527095
5116,2025-01-01,3988161.88089876,2973361.97691091
5117,2024-12-28,4010004.50383143,2957053.91743423
5118,2025-01-01,3993622.91540395,2968215.8368167
5119,2025-01-01,4004373.78457473,2957735.53635275
5120,2024-12-24,4001555.32346125,2957381.88446679
5121,2025-01-01,3993232.35904838,2961708.79752653
5122,2025-01-01,4011550.58472168,2969707.63686974
5123,2025-01-01,4010399.96557861,2955950.02906148
5124,2025-01-01,4008272.13124681,2958031.22127941
5125,2025-01-01,3990206.1440303,2958302.83872253
5126,2025-01-01,4003282.59833191,2954386.28923013
5127,2025-01-01,3982445.87105743,2967534.48349244
5128,2025-01-01,4008212.02948632,2955212.87023967
5129,2025-01-01,4021209.94538811,2962804.39497334
5130,2024-12-27,3970478.94186706,2996337.76712409
5131,2025-01-01,4012318.68939146,2951945.78884629
5132,2025-01-01,4003130.10426818,2956621.63387726
5133,2024-12-22,3995698.88120017,2957620.91144441
5134,2025-01-01,4000022.54105299,2969245.12081726
5135,2025-01-01,3985518.00812345,2998592.78305296
5136,2025-01-01,3996280.43153158,2939551.34455818
5137,2025-01-01,4000857.81115974,2979565.97084761
5138,2025-01-01,4007317.86867479,2956966.41735769
5139,2025-01-01,4018128.92543701,2952130.73024594
5140,2025-01-01,4012480.97929852,2957073.67274505
5141,2025-01-01,3985466.35213005,2961901.60453188
5142,2024-12-28,3993668.24798962,2973348.13201236
5143,2025-01-01,3999544.17404982,2960057.09046852
5144,2025-01-01,4021030.8531517,2945511.36297519
5145,2024-12-29,4011267.57192475,2969813.71902369
5146,2025-01-01,3992130.79989764,2957223.10498566
5147,2025-01-01,4014202.5236015,2958264.95869005
5148,2024-12-24,4003756.75656278,2978425.8489959
5149,2024-12-29,3998399.52741377,2944917.59237487
5150,2024-12-21,3999489.67979379,2953621.46991597
5151,2025-01-01,4011219.56801417,2955130.59149834
5152,2024-12-24,3989822.09493146,2968508.61811258
5153,2024-12-28,4004151.92262409,2955825.59252695
5154,2024-12-25,4006357.08892019,2959241.7045527
5155,2025-01-01,4010878.73634469,2971778.86260407
5156,2025-01-01,4014734.92277911,2973120.60099307
5157,2025-01-01,4008604.72756862,2956850.46897958
5158,2025-01-01,3987160.11090491,2961062.38811539
5159,2025-01-01,4006261.65173193,2955452.65554415
5160,2025-01-01,3986072.93835611,2962191.22464836
5161,2025-01-01,4010497.91837916,2952297.31763312
5162,2024-12-30,3999218.74056096,2955627.94920568
5163,2025-01-01,4008722.49878766,2957143.62001051
5164,2025-01-01,3995081.66280434,2929547.11782443
5165,2025-01-01,4006082.69185313,2951299.81177245
5166,2024-12-27,3993403.90080259,2956434.68616654
5167,2025-01-01,3995311.84730891,2956610.37193408
5168,2025-01-01,4020707.22936625,2978078.56644908
5169,2024-12-20,4005884.47715789,2952296.29216033
5170,2025-01-01,3995044.10497679,2974170.66315685
5171,2025-01-01,3995320.3575613,2956830.09652382
5172,2025-01-01,4002095.50512674,2953452.7480997
5173,2024-12-28,3995403.10516557,2957560.1160207
5174,2024-12-21,4004855.48230812,2959220.33442127
5175,2025-01-01,3974273.50537457,2970913.03413202
5176,2025-01-01,4011178.49115368,2955404.5784772
5177,2024-12-25,4005304.10477904,2958233.1071279
5178,2025-01-01,4006804.24645641,2955512.56948316
5179,2025-01-01,3987131.27099744,2981657.98359476
5180,2024-12-29,4011504.88218569,2955621.17854229
5181,2025-01-01,3997658.04885511,2952826.90989187
5182,2025-01-01,4001151.07971834,2955215.74894162
5183,2025-01-01,4025086.48736395,2963596.11110152
5184,2024-12-27,3984033.30984539,2962442.58952806
5185,2025-01-01,4005576.74923922,2968231.06439863
5186,2025-01-01,3998047.97552259,2972074.29747327
5187,2025-01-01,4001823.23647581,2959024.46226251
5188,2025-01-01,4009995.94909067,2959849.21369903
5189,2025-01-01,3993923.81279545,2968992.89481576
5190,2025-01-01,3999490.18954029,2955755.00233992
5191,2025-01-01,3998596.34837354,2960227.77692111
5192,2025-01-01,4005822.47045362,2942210.18020208
5193,2025-01-01,4002917.10441039,2962585.91695417
5194,2025-01-01,3974648.04970382,2970137.62023201
5195,2025-01-01,3997500.18795086,2944564.09963248
5196,2025-01-01,3998635.52973915,2953362.61687428
5197,2025-01-01,3984909.66106497,2958659.49822998
5198,2024-12-28,3983760.60759069,2960413.16485624
5199,2025-01-01,4022663.47413956,2964333.99307218
5200,2024-12-28,4006641.29509853,2950503.13960486
5201,2025-01-01,3997092.89344727,2955691.74940343
5202,2025-01-01,4002376.02230706,2954302.37674429
5203,2025-01-01,4002399.53494109,2950185.23686526
5204,2025-01-01,4012760.19774124,2976108.48707674
5205,2025-01-01,3997681.57263372,2927486.72447929
5206,2024-12-26,4003567.45138895,2933346.67169485
5207,2025-01-01,4000778.61517617,2962911.7889744
5208,2025-01-01,3996175.44124068,2967984.56926716
5209,2025-01-01,3999075.53734068,2955531.66682098
5210,2025-01-01,4001778.94250942,2969424.03173451
5211,2025-01-01,4007556.5388068,2939466.91446523
5212,2025-01-01,3995701.10960637,2957503.30711893
5213,2025-01-01,4006186.5027536,2956685.54488757
5214,2025-01-01,4007268.84998691,2962901.72542846
5215,2025-01-01,3997398.52423985,2935184.39919786
5216,2025-01-01,3997857.27409551,2958958.61515799
5217,2025-01-01,3998318.51548614,2953480.50077079
5218,2024-12-21,3991687.48755914,2974503.60217746
5219,2025-01-01,3987984.53006204,2956821.39707176
5220,2024-12-29,3995555.96299432,2942681.19944219
5221,2025-01-01,4003257.68701695,2956507.72964618
5222,2025-01-01,4002961.05902667,2953232.28823598
5223,2025-01-01,4001340.10506139,2954406.81372921
5224,2025-01-01,4005205.59302808,2953084.56472219
5225,2025-01-01,4011076.21621138,2968528.09326502
5226,2025-01-01,3999456.53123762,2977508.87211357
5227,2025-01-01,3996226.60134409,2987693.74219945
5228,2025-01-01,4004814.62236459,2957173.63859618
5229,2025-01-01,4009297.1211446,2952850.61925608
5230,2024-12-30,4008640.55806872,2956971.01740316
5231,2025-01-01,4005229.59628548,2958322.23166086
5232,2025-01-01,4005958.46413651,2957367.36141775
5233,2025-01-01,4010055.92039357,2967107.02565601
5234,2025-01-01,3989719.88053023,2973648.47464104
5235,2025-01-01,4007181.70988212,2960139.09055962
5236,2024-12-30,4000568.97289889,2945865.31000062
5237,2024-12-28,4005305.12250763,2951788.44380542
5238,2025-01-01,3997968.27937478,2940393.00039197
5239,2025-01-01,3997920.77749668,2939632.32597028
5240,2025-01-01,4012328.98112552,2951905.6888777
5241,2024-12-24,3996189.3129288,2968364.39529102
5242,2025-01-01,4000813.22719077,2941056.92003658
5243,2024-12-26,4002462.06765717,2951789.70999745
5244,2025-01-01,4000350.69975352,2978681.88036965
5245,2024-12-28,3995459.17223004,2943574.72280701
5246,2025-01-01,3996516.15022429,2969282.36367543
5247,2025-01-01,4008833.1521007,2939918.89256264
5248,2024-12-21,3999379.86167466,2995664.75415684
5249,2025-01-01,4003687.23735443,2937826.58393368
5250,2025-01-01,3986942.35989725,2973604.8226044
5251,2025-01-01,4001896.47030456,2963221.55915157
5252,2025-01-01,4007205.9921436,2968545.18326244
5253,2025-01-01,3994278.35067257,2967474.71288982
5254,2025-01-01,3996732.43080134,2957065.84011528
5255,2025-01-01,4012451.19384231,2951025.21987176
5256,2025-01-01,3992573.4179368,2971473.10966294
5257,2025-01-01,3995826.53553696,2953336.46985085
5258,2025-01-01,4011639.07971459,2970938.91214835
5259,2024-12-25,4009533.31701392,2965446.45166122
5260,2025-01-01,4005066.61691894,2953365.1684292
5261,2025-01-01,4003617.2516145,2942273.61962015
5262,2025-01-01,4009387.29844691,2955314.38163396
5263,2025-01-01,3983402.02428873,2960222.59843346
5264,2025-01-01,3994859.7837202,2953938.23108862
5265,2025-01-01,4012807.96365971,2991856.6959325
5266,2025-01-01,3993835.34577162,2972131.7711888
5267,2025-01-01,4002667.44595845,2952700.0923039
5268,2025-01-01,4006045.07725115,2957179.62963034
5269,2025-01-01,3997729.63305033,2953946.33519063
5270,2025-01-01,4034813.52119304,2980445.93619357
5271,2025-01-01,4000492.34114304,2970926.11894767
5272,2025-01-01,3993466.62448233,2962823.57683917
5273,2025-01-01,4008012.81744244,2968579.33994355
5274,2025-01-01,4023856.90842342,2969470.88078121
5275,2025-01-01,3999886.71448374,2977542.91593929
5276,2025-01-01,3992983.89786273,2956899.08620636
5277,2025-01-01,3994791.7033636,2956262.69366388
5278,2024-12-28,3998913.96746381,2974028.45671954
5279,2025-01-01,4030429.60828538,2977529.10966915
5280,2025-01-01,4001116.48009095,2957350.32744764
5281,2024-12-28,4032152.62610518,2978566.71023978
5282,2025-01-01,3981802.35616992,2998417.40816546
5283,2025-01-01,4013552.23153839,2989850.63635709
5284,2025-01-01,3997163.50695738,2946638.21466629
5285,2024-12-30,4015372.78253204,2959971.29970119
5286,2025-01-01,3995466.78093574,2941943.01972288
5287,2025-01-01,4018915.63935698,2965029.48180747
5288,2024-12-25,4005083.55446209,2970174.20291649
5289,2024-12-23,4007784.15720832,2972079.65535445
5290,2025-01-01,4005554.50354175,2955867.96068678
5291,2025-01-01,3992405.60937842,2967359.55854833
5292,2024-12-30,3998267.21331908,2959312.52996776
5293,2025-01-01,4011940.47140112,2960184.32248766
5294,2024-12-24,4005665.29859788,2958093.17704177
5295,2025-01-01,3995667.18112763,2956846.38823315
5296,2025-01-01,3992260.57452812,2969442.92324535
5297,2025-01-01,4002153.26418459,2956266.67747832
5298,2025-01-01,4013691.95300083,2959593.42826335
5299,2025-01-01,3977822.75831229,2962294.61123743
5300,2025-01-01,4003760.0671628,2957704.16403751
5301,2025-01-01,4004412.29857965,2956558.04819687
5302,2025-01-01,3983947.17567393,2993301.23454648
5303,2025-01-01,3981690.08009417,2971227.4530063
5304,2025-01-01,4005863.2253495,2933397.13295289
5305,2025-01-01,4015223.65382078,2959416.98325782
5306,2025-01-01,4011909.35397875,2955973.86337446
5307,2025-01-01,4028100.82700818,2977246.37901546
5308,2025-01-01,4013990.03325792,2961076.18974373
5309,2025-01-01,3994615.31581538,2954358.94707092
5310,2025-01-01,4003206.75856827,2953985.59113813
5311,2025-01-01,4016952.65383141,2931372.7608648
5312,2025-01-01,4012741.45719106,2958757.51002278
5313,2025-01-01,3998479.35151576,2946263.88894855
5314,2025-01-01,3990333.66555969,2955057.40132884
5315,2025-01-01,3983542.15246026,2961054.06533662
5316,2025-01-01,4011836.45579587,2959148.28225408
5317,2025-01-01,4000177.94310265,2954209.64658434
5318,2025-01-01,3998984.69873796,2958463.49352834
5319,2025-01-01,4005177.00881231,2959276.92064762
5320,2024-12-25,4004949.44985768,2955957.23799786
5321,2025-01-01,4025040.78746819,2961467.9224095
5322,2024-12-28,3998789.55323045,2957934.12799534
5323,2025-01-01,4006038.0668127,2958560.68593128
5324,2025-01-01,3994084.78599409,2958340.18722758
5325,2024-12-28,4015990.5718213,2964609.41586242
5326,2025-01-01,3975029.41068823,2963602.31205539
5327,2025-01-01,4018312.21339931,2982686.66291875
5328,2024-12-22,3999966.01838285,2969662.60543426
5329,2025-01-01,4004037.74241196,2952274.9816524
5330,2025-01-01,4014238.7585982,2968013.37964484
5331,2025-01-01,3986190.42951232,2974125.62522359
5332,2025-01-01,4001763.82863578,2955665.60374648
5333,2025-01-01,4000563.54228923,2970652.48767606
5334,2024-12-25,4010781.00841328,2958689.6197457
5335,2025-01-01,4003514.1802404,2932652.06646923
5336,2025-01-01,4003580.88422438,2991191.98890926
5337,2025-01-01,4008445.31135076,2955299.12150442
5338,2025-01-01,4002377.13936235,2951940.13749012
5339,2025-01-01,4012322.65152594,2955391.78496012
5340,2025-01-01,4009638.83363061,2953016.21765072
5341,2025-01-01,4000469.46669216,2968376.54690542
5342,2025-01-01,4016776.73196629,2966418.01634946
5343,2025-01-01,3995747.96174575,2957001.34651422
5344,2025-01-01,3996716.08860408,2945832.33564939
5345,2025-01-01,4001217.83068374,2941545.71412848
5346,2025-01-01,3996633.0298044,2954455.31104514
5347,2025-01-01,4023927.15409411,2960744.45540867
5348,2025-01-01,3983285.77975598,2941355.43969045
5349,2025-01-01,4009132.48636634,2947372.33306699
5350,2025-01-01,4010161.16177191,2951792.60813341
5351,2025-01-01,3990634.45587992,2961548.56040322
5352,2025-01-01,4007136.20255767,2955289.14313255
5353,2025-01-01,4011107.46143899,2956697.7995331
5354,2025-01-01,4029442.49334496,2966975.59911624
5355,2025-01-01,3985276.34581377,2962197.01008577
5356,2025-01-01,4001350.72258879,2963456.43909352
5357,2025-01-01,4016011.2012367,2958297.18080977
5358,2024-12-24,4022204.49777538,2968478.37450276
5359,2025-01-01,4005018.776326,2977571.67933159
5360,2025-01-01,3999944.7917177,2961445.93678346
5361,2025-01-01,3996897.04040339,2944384.62164633
5362,2025-01-01,4004343.46762069,2955415.93108204
5363,2024-12-29,3999997.55170594,2937059.01407898
5364,2025-01-01,3991742.43612228,2971078.37591905
5365,2024-12-25,4002860.78668945,2953369.06078456
5366,2025-01-01,4000593.93660703,2967795.02368865
5367,2025-01-01,4008084.34433908,2956564.25560044
5368,2025-01-01,4001899.51454749,2955765.72416012
5369,2025-01-01,4009735.53325926,2970357.08732174
5370,2025-01-01,3994785.09573132,2956302.8078721
5371,2024-12-29,4003074.39805329,2969167.64075576
5372,2024-12-30,4005921.96843859,2968672.62756456
5373,2025-01-01,4010078.88240442,2957014.719892
5374,2025-01-01,4010336.3476367,2971967.8689556
5375,2025-01-01,4006679.86609198,2969555.10264717
5376,2025-01-01,3999871.33733707,2953603.54054972
5377,2025-01-01,4027064.57180366,2961812.73560869
5378,2025-01-01,3994205.78177005,2957410.17289672
5379,2024-12-30,3993827.95423939,2971241.81737856
5380,2025-01-01,4003620.58832742,2943100.55476936
5381,2025-01-01,4002995.53924657,2940931.85223033
5382,2025-01-01,3998398.50259592,2956803.72805561
5383,2025-01-01,4012460.92976065,2956937.41530799
5384,2024-12-27,3981370.07900483,2978527.01057571
5385,2024-12-29,4012771.74534075,2958776.12165153
5386,2025-01-01,3983037.77031856,2961929.31531142
5387,2024-12-24,3996225.35600337,2957877.09103873
5388,2025-01-01,4010318.29690825,2973133.17529184
5389,2025-01-01,4003467.48346563,2954682.76330978
5390,2025-01-01,4014182.99410806,2960223.65809244
5391,2025-01-01,4023340.95731541,2964733.49783147
5392,2025-01-01,4001092.40423376,2956781.47815973
5393,2025-01-01,3996460.22386994,2971657.68679724
5394,2025-01-01,4010949.19141937,2955784.6704609
5395,2025-01-01,4016279.97510479,2953627.69860686
5396,2025-01-01,4002517.97627366,2956433.51031141
5397,2025-01-01,3981123.83742834,2964075.14869158
5398,2024-12-26,3990362.56513822,2952332.47585435
5399,2025-01-01,4005366.7752253,2991885.64027708
5400,2025-01-01,3989479.72333355,2977612.80682975
5401,2025-01-01,3998489.09509193,2954761.30304624
5402,2025-01-01,3978023.72312087,2974395.25779695
5403,2025-01-01,4000298.16075133,2952265.12037158
5404,2025-01-01,3999018.19474238,2953285.28356764
5405,2025-01-01,4007298.65583084,2937870.77400556
5406,2025-01-01,3995874.40689226,2954283.78866617
5407,2025-01-01,4001260.38498212,2957179.26106798
5408,2025-01-01,4003288.29912089,2953856.8730593
5409,2025-01-01,3999019.40992813,2953438.87562571
5410,2025-01-01,4003523.58959376,2953806.21468266
5411,2025-01-01,3996849.38297933,2954992.09573338
5412,2025-01-01,4010973.48907463,2945257.4760256
5413,2025-01-01,4006103.74929482,2939126.51985694
5414,2025-01-01,4016168.15951654,2964585.54463973
5415,2025-01-01,3999379.24529596,2951480.94220116
5416,2025-01-01,4012734.04600993,2957853.31183777
5417,2025-01-01,4002544.59778134,2968467.18639784
5418,2024-12-24,4002130.93194085,2968360.8327625
5419,2025-01-01,3996676.92520157,2939473.91067297
5420,2025-01-01,3998709.39485445,2953898.52541393
5421,2025-01-01,4002975.30162702,2969274.03500759
5422,2025-01-01,3996014.78901946,2969973.75405331
5423,2025-01-01,4010665.69732006,2979825.84056775
5424,2025-01-01,3999182.35389053,2940812.1284344
5425,2025-01-01,4005451.30354919,2954768.98561611
5426,2025-01-01,4007998.8192625,2956194.60364646
5427,2025-01-01,4003538.53677989,2956906.27924028
5428,2025-01-01,4004467.43401782,2974435.79466757
5429,2025-01-01,4005174.48201898,2953387.8700352
5430,2025-01-01,4004779.89367675,2957134.15009298
5431,2024-12-29,3987285.26551155,2959905.68102475
5432,2025-01-01,3991206.00159133,2972014.66883636
5433,2025-01-01,3997165.80673943,2958135.72025427
5434,2025-01-01,3999699.72178841,2960736.14232985
5435,2025-01-01,3977270.07085305,2964973.0301862
5436,2025-01-01,4004701.38354484,2950607.45730367
5437,2025-01-01,4000892.54890453,2953898.0675773
5438,2025-01-01,3987788.18382079,2956309.98378839
5439,2025-01-01,4006002.90230917,2976353.51953285
5440,2025-01-01,4000243.034645,2955501.37981321
5441,2024-12-30,4022504.10932207,2964202.42577683
5442,2025-01-01,3991363.96743109,2971530.49458995
5443,2025-01-01,3984786.39410891,2960180.8645806
5444,2025-01-01,4000705.46568587,2941924.1117782
5445,2025-01-01,4030834.43662077,2961441.46697208
5446,2025-01-01,3988716.36202641,2989603.03759861
5447,2025-01-01,3997065.2211343,2958072.52265522
5448,2025-01-01,3992968.90483144,2924638.664344
5449,2025-01-01,4012911.4777139,2954993.94309393
5450,2025-01-01,4004561.02720371,2951791.30946533
5451,2025-01-01,3981636.80971279,2976177.27667031
5452,2025-01-01,4010478.38387755,2969464.78375093
5453,2025-01-01,4005681.19748875,2966920.10167676
5454,2025-01-01,4002339.26768173,2942482.10301189
5455,2025-01-01,4009379.45150789,2951890.85638503
5456,2025-01-01,4008514.87440052,2955287.55160834
5457,2025-01-01,4009289.01454399,2945261.9005026
5458,2024-12-28,4030864.41790636,2985193.05880053
5459,2024-12-26,3987458.77940418,2969067.20013015
5460,2025-01-01,4014506.77160629,2972336.02037023
5461,2025-01-01,3996611.79839187,2955443.59955665
5462,2025-01-01,4010736.01877776,2957570.82873319
5463,2025-01-01,3997912.92191821,2954703.99380091
5464,2025-01-01,4010800.41351354,2952745.76816259
5465,2025-01-01,4001997.80934373,2968363.18308281
5466,2025-01-01,3986975.71951654,2957842.15493224
5467,2024-12-30,3999184.71648737,2958677.04729236
5468,2025-01-01,4002227.64936895,2940868.42364058
5469,2025-01-01,4004244.82564347,2959531.67555675
5470,2025-01-01,3984801.68600804,2959472.56577671
5471,2025-01-01,4010368.94736675,2958568.86369717
5472,2025-01-01,3998554.66308876,2954876.11975671
5473,2025-01-01,3996291.48717934,2985524.55104822
5474,2025-01-01,4013271.42249907,2960427.73444633
5475,2025-01-01,3994636.71123925,2974574.9510606
5476,2025-01-01,4021168.41176454,2972593.78917218
5477,2024-12-27,3997801.18442701,2971347.11014182
5478,2025-01-01,4013287.94143569,2958844.76263151
5479,2025-01-01,4025935.19463907,2976977.12990239
5480,2024-12-26,3997416.42971165,2968474.90498653
5481,2025-01-01,4000306.1529025,2956550.66694932
5482,2025-01-01,4005138.59984301,2957311.22549425
5483,2025-01-01,3995972.63360584,2944451.91041682
5484,2025-01-01,4008897.99889404,2956395.69280088
5485,2025-01-01,3996642.95570083,2955032.63342163
5486,2025-01-01,4013348.73064991,2961226.61387742
5487,2025-01-01,3997996.93060806,2959293.9969453
5488,2025-01-01,4026229.88378486,2989434.24342598
5489,2025-01-01,4004087.33667558,2955397.2512801
5490,2025-01-01,3999216.71282507,2958427.01331083
5491,2025-01-01,4002832.73706899,2942126.38389497
5492,2025-01-01,3989196.04317724,2951515.54376267
5493,2025-01-01,4002523.87445303,2958646.0779344
5494,2025-01-01,4008150.56905075,2957785.09917082
5495,2025-01-01,4006738.70231215,2958025.39950048
5496,2025-01-01,3998685.28115303,2956222.88224053
5497,2025-01-01,4007763.24929064,2970324.66698807
5498,2025-01-01,3998487.61222514,2968268.5653358
5499,2025-01-01,3999116.30880943,2936547.20670159
5500,2024-12-29,4003616.32853139,2955588.51046094
5501,2025-01-01,4019463.86099721,2971700.52281161
5502,2025-01-01,4024990.3759571,2962670.718639
5503,2025-01-01,3996997.44491736,2956336.68468857
5504,2025-01-01,3997566.99789211,2945817.19183644
5505,2025-01-01,4012535.66332277,2960063.39160585
5506,2024-12-24,4016423.86439922,2958244.78113391
5507,2025-01-01,4005890.04066739,2953057.038494
5508,2025-01-01,3996887.28040094,2959111.32490561
5509,2025-01-01,4008526.85635734,2970606.21498706
5510,2025-01-01,4001792.22253324,2956857.85646031
5511,2025-01-01,4000183.55725015,2953315.57750334
5512,2024-12-25,4005546.55686104,2956164.2212296
5513,2025-01-01,4003330.08561849,2944021.5320528
5514,2025-01-01,3991575.67923827,2953970.51778477
5515,2025-01-01,3993783.23964923,2975505.46583425
5516,2025-01-01,4025169.33972309,2986542.01717571
5517,2025-01-01,4027473.10269215,2980630.2643008
5518,2025-01-01,4009821.37885623,2951560.71612914
5519,2024-12-30,4008009.25829529,2937902.09828048
5520,2024-12-30,4012668.6106583,2959326.93184195
5521,2024-12-25,4024403.22284457,2964505.59092327
5522,2025-01-01,4003743.8607321,2954261.82600807
5523,2025-01-01,4003545.00272936,2955412.92437692
5524,2025-01-01,4009970.53831724,2957366.11953556
5525,2025-01-01,4009538.96325284,2959642.80708564
5526,2025-01-01,4014880.62239111,2959007.15011034
5527,2025-01-01,3999716.70295884,2989264.26692422
5528,2024-12-27,4009309.31879163,2967675.14950348
5529,2025-01-01,4008294.47463405,2944696.97671537
5530,2025-01-01,4020850.49182581,2965661.013777
5531,2025-01-01,4001745.53727514,2969935.09049396
5532,2025-01-01,4002106.39593432,2968778.80030259
5533,2025-01-01,4001216.85410275,2994183.09905335
5534,2025-01-01,4009520.44978106,2955990.41498215
5535,2025-01-01,3999596.97808973,2969153.33824126
5536,2025-01-01,3986902.97897615,2972692.52213682
5537,2025-01-01,4011043.07682099,2959717.11186934
5538,2025-01-01,3995682.2428645,2944004.41808048
5539,2025-01-01,4006393.84702036,2959344.94091407
5540,2025-01-01,4019538.90128722,2978882.78864624
5541,2025-01-01,4004752.01184742,2956168.41389584
5542,2025-01-01,4010802.71973072,2955947.10271817
5543,2025-01-01,3996615.93238229,2957899.82407335
5544,2025-01-01,4002936.19759188,2956529.638565
5545,2025-01-01,3995982.21068026,2972111.61118241
5546,2025-01-01,3992088.14343774,2959803.36439487
5547,2025-01-01,3992820.17994147,2956816.64898388
5548,2025-01-01,3990636.01962935,2956322.93668757
5549,2025-01-01,4004837.99578294,2934680.73041551
5550,2025-01-01,4002079.38422055,2967492.36650244
5551,2025-01-01,4005179.40176037,2952121.41461356
5552,2025-01-01,4005692.03673002,2957523.24074097
5553,2025-01-01,4011411.10475474,2970800.01953845
5554,2025-01-01,3999752.64561061,2955375.26444267
5555,2025-01-01,4010902.38935043,2956285.9417795
5556,2025-01-01,4010110.50278596,2966726.59978387
5557,2025-01-01,3989598.13694397,2974720.53457739
5558,2025-01-01,3985411.54347238,2957765.46120666
5559,2025-01-01,4024503.46090994,2962548.5660513
5560,2025-01-01,4003048.17104734,2972409.93980822
5561,2025-01-01,4007206.59999908,2976356.34199043
5562,2025-01-01,4000924.00592218,2977565.49442103
5563,2025-01-01,4023871.33580236,2965863.87032199
5564,2025-01-01,4006379.73899316,2939829.37760388
5565,2024-12-30,3992240.61875184,2925321.54105151
5566,2025-01-01,4001820.7808571,2993142.13454972
5567,2025-01-01,3999033.35782634,2944630.73744378
5568,2025-01-01,3999535.21801086,2953430.0186065
5569,2025-01-01,4009451.37564601,2969339.61287929
5570,2025-01-01,4005711.77254503,2960057.65957591
5571,2024-12-27,4002139.29669045,2992248.53152482
5572,2025-01-01,3995225.13259831,2961400.51784934
5573,2025-01-01,3994084.18480771,2972742.08333192
5574,2025-01-01,4012426.40448921,2976858.52971201
5575,2025-01-01,3987394.27485431,2967349.17756466
5576,2025-01-01,3998049.45573529,2953583.2324641
5577,2025-01-01,4011959.79759612,2959722.61568106
5578,2024-12-30,4006886.5282481,2956672.62144387
5579,2025-01-01,4002828.41905129,2956438.19103204
5580,2025-01-01,4025743.54550922,2962935.61468106
5581,2025-01-01,3997466.16169613,2943287.58630089
5582,2025-01-01,3993723.66868456,2958319.18340061
5583,2025-01-01,3985006.15249063,2990050.10306001
5584,2025-01-01,3994850.89433492,2957637.58200687
5585,2025-01-01,4001797.31951415,2954417.81605155
5586,2025-01-01,4007671.97456702,2954430.40828885
5587,2025-01-01,4000498.42337953,2954138.51135372
5588,2025-01-01,4008865.79863179,2953850.11272146
5589,2025-01-01,3997360.3515889,2943180.96017627
5590,2025-01-01,4004930.66003883,2954163.31818859
5591,2025-01-01,4012279.0663886,2961307.17468921
5592,2025-01-01,3997111.93010655,2954630.29158524
5593,2025-01-01,4010513.01971773,2952454.01005555
5594,2025-01-01,4004528.8713594,2956001.30604752
5595,2025-01-01,4037621.27208997,2975527.57835476
5596,2025-01-01,4022449.39682858,2996113.13348697
5597,2025-01-01,4026565.80270325,2995168.76171801
5598,2025-01-01,3999139.60796375,2954459.52145554
5599,2025-01-01,4017380.04741839,2991935.10752618
5600,2025-01-01,4017206.47096938,2993665.37092631
5601,2025-01-01,4025133.21854626,2993042.18174021
5602,2025-01-01,4006758.36161155,2955642.9803176
5603,2025-01-01,4002839.01970122,2958370.35369724
5604,2025-01-01,4003580.64906791,2957286.57487463
5605,2024-12-29,3986839.62822963,2972358.6154957
5606,2025-01-01,4005870.71817935,2978530.27280041
5607,2025-01-01,4003132.4134624,2968293.42000395
5608,2025-01-01,3993208.00242025,2954664.07007228
5609,2025-01-01,3999422.2957213,2968717.70827357
5610,2025-01-01,3992391.02930504,2970237.79304259
5611,2025-01-01,4003803.87168957,2979488.49857446
5612,2025-01-01,4007420.53701042,2955356.40945584
5613,2024-12-26,4006377.42687735,2943935.71857391
5614,2025-01-01,3996519.42385587,2957791.72703457
5615,2025-01-01,3993028.88919951,2957897.04427548
5616,2025-01-01,3999227.67900643,2984423.79604743
5617,2025-01-01,4002856.13028524,2969115.87030851
5618,2025-01-01,3999773.5882994,2958459.79258533
5619,2025-01-01,3999278.07309483,2956307.31462453
5620,2025-01-01,3983663.18771929,2961916.18643389
5621,2025-01-01,4001260.66797672,2929250.65522046
5622,2025-01-01,3981145.77483381,2948441.04376334
5623,2025-01-01,3999256.25826673,2984194.78793227
5624,2025-01-01,4019429.57259416,2965176.57717895
5625,2024-12-30,4000355.55065948,2945010.4994309
5626,2025-01-01,4012239.73113254,2955681.58394798
5627,2025-01-01,4014726.11034429,2961126.33756819
5628,2024-12-30,3999919.41490592,2955649.40093065
5629,2025-01-01,4001983.68625532,2971223.49878189
5630,2025-01-01,4001852.0537546,2969993.91308958
5631,2025-01-01,4028044.37172771,2962929.4483605
5632,2025-01-01,3985421.68576607,2958107.90079493
5633,2025-01-01,4002764.69731764,2969900.57011379
5634,2025-01-01,3989834.704116,2957029.55628589
5635,2025-01-01,4004757.78935995,2958561.42358183
5636,2025-01-01,3982276.34789887,2967938.97665638
5637,2025-01-01,4009091.18463871,2957254.64765636
5638,2025-01-01,4010344.87736757,2956710.81314937
5639,2025-01-01,4004493.87737593,2954146.51188755
5640,2025-01-01,3987521.12797384,2960081.20949906
5641,2025-01-01,4008099.06612449,2959731.57016672
5642,2025-01-01,4009611.09016487,2957505.96392877
5643,2025-01-01,3989542.0458358,2974913.22191843
5644,2025-01-01,4015108.49415408,2959767.17777043
5645,2025-01-01,4002359.51676935,2968510.08594212
5646,2025-01-01,3986005.90673703,2960413.7171946
5647,2025-01-01,4008929.35156912,2957349.66398584
5648,2025-01-01,4007543.05464771,2978097.65739218
5649,2025-01-01,4006845.86073008,2970244.59119224
5650,2025-01-01,3991766.03325189,2926364.56242995
5651,2024-12-25,3988674.5492786,2978672.72504958
5652,2025-01-01,4018975.39601173,2941833.39016826
5653,2025-01-01,3996915.39704002,2957929.72153621
5654,2025-01-01,4001821.14243121,2956979.5239085
5655,2025-01-01,4009023.0134901,2956544.0096865
5656,2024-12-28,3997668.51146684,2941137.05548111
5657,2025-01-01,3997901.52630722,2957812.71418479
5658,2025-01-01,4011084.40488685,2957599.36984467
5659,2025-01-01,3993746.38798992,2951517.65115024
5660,2025-01-01,4007655.29124996,2970468.32936712
5661,2025-01-01,4000613.80142883,2968379.12741856
5662,2025-01-01,4004948.22249282,2953581.15842882
5663,2025-01-01,4013542.07322443,2955375.56034222
5664,2025-01-01,3986048.45099892,2956482.04202029
5665,2025-01-01,4005435.22463441,2963799.7820569
5666,2025-01-01,3980735.06038341,2987747.19547268
5667,2024-12-30,4003469.56011457,2956009.87573253
5668,2024-12-24,4003493.91872087,2951724.99646438
5669,2025-01-01,4004709.48891914,2954058.34531027
5670,2025-01-01,3988708.17074986,2996772.64138762
5671,2025-01-01,4007727.55365217,2957470.21827406
5672,2025-01-01,3992393.9707544,2971338.07202044
5673,2025-01-01,3999805.72366285,2941151.18394684
5674,2025-01-01,3996549.29387854,2944467.80905452
5675,2025-01-01,3978312.07374454,2962455.93412548
5676,2024-12-28,3995544.82297155,2970204.30778962
5677,2024-12-28,4015158.0399967,2960165.7176883
5678,2025-01-01,4010345.71928892,2975257.60857883
5679,2025-01-01,3990767.40739362,2941385.48644379
5680,2025-01-01,3995826.7122022,2943443.55813476
5681,2025-01-01,4005813.50162946,2977637.28092413
5682,2025-01-01,4006608.86026962,2970594.43614942
5683,2025-01-01,3998113.9911374,2969690.72430077
5684,2025-01-01,4008744.98650644,2957112.89919571
5685,2025-01-01,3988613.28562968,2991126.18639901
5686,2025-01-01,4016977.87676763,2966188.41217517
5687,2025-01-01,4002211.99069664,2953143.02957066
5688,2025-01-01,4008951.24634075,2957593.65706463
5689,2025-01-01,4004694.76036922,2956529.14818904
5690,2025-01-01,3997911.60076757,2943060.95744947
5691,2025-01-01,4001043.00865022,2954877.34858649
5692,2025-01-01,4006159.83210656,2962507.36854982
5693,2025-01-01,3998734.97974987,2933828.55777061
5694,2025-01-01,4012908.96581661,2960558.3573968
5695,2025-01-01,3985362.55803144,2942052.32233939
5696,2025-01-01,4021179.87937772,2976591.26026913
5697,2025-01-01,4009508.22735495,2968253.75309196
5698,2025-01-01,3989750.87337376,2938218.1140946
5699,2025-01-01,4000931.38499538,2952223.65450269
5700,2025-01-01,4007348.76240097,2954690.0701319
5701,2025-01-01,4002824.77783673,2951382.2876664
5702,2025-01-01,3998128.58219713,2952786.30965608
5703,2025-01-01,4009305.93975237,2966636.85739865
5704,2025-01-01,4005622.55632257,2951985.66304222
5705,2025-01-01,3990137.97708321,2961625.49364238
5706,2025-01-01,4014337.49062198,2954264.38927446
5707,2024-12-30,3992965.86641335,2952796.83545936
5708,2025-01-01,4009889.09488878,2956547.56715358
5709,2025-01-01,4028595.16589604,2975570.70560269
5710,2025-01-01,3999693.95330491,2950124.20762388
5711,2025-01-01,3996978.20584652,2932659.85426108
5712,2025-01-01,4000333.73849717,2944690.55854202
5713,2025-01-01,4000557.65595228,2940511.97966292
5714,2025-01-01,3999286.33942132,2958093.10606819
5715,2025-01-01,4000751.60279471,2957291.34539386
5716,2025-01-01,4002721.71844103,2952345.99875439
5717,2025-01-01,4025141.92605094,2995585.23465104
5718,2025-01-01,3985463.46613439,2973075.50724177
5719,2025-01-01,4019510.37194754,2975281.9768847
5720,2025-01-01,4003097.8187829,2953677.70975584
5721,2025-01-01,3999543.41222137,2942774.82153488
5722,2024-12-30,3985366.50742913,2970594.82109937
5723,2025-01-01,4013550.14512031,2955587.28783464
5724,2025-01-01,4000818.86442041,2952438.05494452
5725,2025-01-01,4015909.73006537,2960519.884886
5726,2025-01-01,3980591.21389197,2934591.22957897
5727,2024-12-27,4012229.70715632,2956873.0163847
5728,2025-01-01,4014555.66830398,2958419.02264198
5729,2025-01-01,3999750.81176704,2960031.33018057
5730,2025-01-01,4008433.93898844,2958294.45550602
5731,2025-01-01,3998266.63952459,2939359.30178172
5732,2025-01-01,4012088.67325391,2954573.50457296
5733,2025-01-01,4015134.47543523,2959978.02481531
5734,2025-01-01,4029373.84540586,2962284.89295783
5735,2025-01-01,4007965.62892982,2944031.80961708
5736,2025-01-01,4004711.39261945,2969875.20130986
5737,2025-01-01,3997263.16179629,2942186.54665335
5738,2025-01-01,4002801.86875696,2957149.89732929
5739,2025-01-01,3981622.61234471,2972519.71947314
5740,2025-01-01,4011361.38983902,2959373.14570466
5741,2025-01-01,4014515.38471405,2954703.70878516
5742,2025-01-01,3978622.20736794,2970979.61061132
5743,2025-01-01,4009456.69749449,2977430.60706996
5744,2025-01-01,4005772.39146293,2952004.56089771
5745,2025-01-01,3994962.54483869,2969233.95347499
5746,2025-01-01,3975380.73210773,2973290.77096047
5747,2024-12-27,4002622.48631673,2972029.69286325
5748,2025-01-01,3997525.81294892,2960687.85527726
5749,2025-01-01,3993194.50807735,2956411.04621529
5750,2025-01-01,3986851.25519048,2958901.11101045
5751,2025-01-01,4009618.55213745,2958802.23369968
5752,2025-01-01,3993606.1089474,2967876.16444433
5753,2025-01-01,3998511.07987996,2953029.93739561
5754,2025-01-01,4010144.15765673,2960021.78568399
5755,2025-01-01,4006267.65447808,2959477.28951178
5756,2025-01-01,4002764.89840139,2969840.15235162
5757,2025-01-01,3992822.19019517,2970296.84906796
5758,2025-01-01,4004672.1916136,2954135.06008706
5759,2025-01-01,3997377.57311539,2954500.20803695
5760,2025-01-01,4007319.24747285,2956869.87924193
5761,2025-01-01,3999786.07643935,2959473.35541994
5762,2025-01-01,4011629.05735241,2956043.64322173
5763,2025-01-01,4009918.56521926,2955784.74622211
5764,2025-01-01,4019692.93962628,2981675.35288343
5765,2025-01-01,4013109.54280168,2975170.64832833
5766,2024-12-29,4001899.47679996,2956636.33176941
5767,2025-01-01,4010575.51536486,2957065.64082837
5768,2025-01-01,4003459.28724849,2949282.44625749
5769,2024-12-30,4002050.68870948,2967690.994777
5770,2025-01-01,4020226.20996348,2965070.91703037
5771,2025-01-01,3989905.89849273,2969361.05118232
5772,2025-01-01,4015238.63462161,2958557.64537364
5773,2025-01-01,3990808.79896639,2971470.85246163
5774,2025-01-01,4004033.02090871,2957532.78724196
5775,2025-01-01,3999212.44294212,2968406.70852132
5776,2025-01-01,4002386.13420419,2984983.29405381
5777,2025-01-01,3995103.91338823,2956773.04120358
5778,2025-01-01,4012923.83534021,2955903.06812483
5779,2025-01-01,4007678.35794444,2942414.30252582
5780,2025-01-01,3995409.06031631,2968291.40009554
5781,2025-01-01,3983320.46660173,2971962.69544265
5782,2025-01-01,3990364.8780659,2959312.08535278
5783,2025-01-01,4008696.10608696,2977805.19034461
5784,2025-01-01,4011678.61438518,2955823.03164074
5785,2025-01-01,3999818.75021833,2955375.72661228
5786,2025-01-01,4010022.22543451,2958726.60388001
5787,2025-01-01,4003570.91631207,2969429.55780657
5788,2025-01-01,4003367.97276062,2958490.05601288
5789,2025-01-01,4014782.64584687,2960517.08355285
5790,2025-01-01,3998712.67910278,2944721.45991084
5791,2025-01-01,4004642.67385292,2957047.38375083
5792,2025-01-01,4009128.14696748,2953760.93409959
5793,2025-01-01,3981193.05437054,2975978.83677081
5794,2025-01-01,4012975.23299047,2936313.59755683
5795,2025-01-01,3992241.58253892,2985649.9694246
5796,2025-01-01,4013855.71149015,2956232.42973915
5797,2025-01-01,4005858.07616526,2957101.06809968
5798,2025-01-01,3997076.29021637,2986607.34543778
5799,2025-01-01,4007126.90667059,2959451.3993687
5800,2024-12-28,3988514.31089463,2994797.04554169
5801,2025-01-01,3994835.95186637,2958832.83938805
5802,2025-01-01,4004931.92491871,2963590.95263392
5803,2025-01-01,4003747.20934704,2952982.16596206
5804,2025-01-01,4013881.29164967,2956115.18341343
5805,2025-01-01,4016474.72271211,2959131.183528
5806,2025-01-01,4011143.20160997,2956556.6411177
5807,2025-01-01,4008242.19797131,2969786.46095359
5808,2025-01-01,4000479.1161485,2958143.87223478
5809,2025-01-01,3998324.9184589,2955069.26603494
5810,2025-01-01,4003621.64684984,2958129.68954681
5811,2025-01-01,4003516.72065284,2956713.22029323
5812,2025-01-01,3980037.90421092,2963243.70496093
5813,2025-01-01,4010499.01771892,2977806.97559733
5814,2025-01-01,4012775.44822581,2975825.38486465
5815,2025-01-01,4008851.46719728,2954824.32992941
5816,2025-01-01,4007917.32305096,2953508.67443258
5817,2025-01-01,4022184.54264933,2954911.36847349
5818,2025-01-01,4000546.34691075,2957462.61441837
5819,2025-01-01,3989760.55747729,2962098.83353069
5820,2025-01-01,4004466.97685624,2957092.8777095
5821,2025-01-01,4004212.68438496,2968930.45915795
5822,2025-01-01,3994027.40138046,2959829.31075908
5823,2025-01-01,4007625.27983074,2954849.66791897
5824,2025-01-01,3988511.91836185,2960956.18207131
5825,2025-01-01,3988595.41916814,2971640.03633275
5826,2025-01-01,3999382.51694572,2955080.01912771
5827,2025-01-01,3990561.46700157,2953462.90762823
5828,2025-01-01,3987381.02539767,2973549.01940712
5829,2025-01-01,4006180.85682265,2954466.83449638
5830,2025-01-01,3978496.90731482,2962803.11027027
5831,2025-01-01,4008530.58723053,2955341.04369608
5832,2025-01-01,3984504.68191523,2968790.12239893
5833,2025-01-01,4005695.59797635,2955024.97164887
5834,2025-01-01,4005164.99340285,2955533.2284582
5835,2025-01-01,3991304.90732664,2973603.77647957
5836,2025-01-01,4000083.52466891,2969758.60904162
5837,2025-01-01,3991461.60895197,2952775.083439
5838,2025-01-01,4001439.19789445,2956762.99603479
5839,2025-01-01,4001751.46467796,2957317.441781
5840,2025-01-01,4004362.6344247,2956344.35091497
5841,2025-01-01,4006609.63223023,2942520.3505269
5842,2025-01-01,4006893.70014953,2956597.18249492
5843,2025-01-01,3997376.73111368,2955649.75676477
5844,2025-01-01,3992627.98973354,2974689.33356997
5845,2025-01-01,4022795.9637932,2958538.09716111
5846,2025-01-01,4001177.19449195,2935450.15466226
5847,2024-12-29,4001581.85352025,2955333.57776887
5848,2025-01-01,4005487.47818824,2954866.24965686
5849,2025-01-01,4002656.96226865,2973932.47126448
5850,2025-01-01,3999103.19818536,2959392.96243913
5851,2025-01-01,3999448.10325903,2956118.85691808
5852,2025-01-01,3990014.99481905,2973037.13907218
5853,2025-01-01,4005184.12385557,2934451.38380845
5854,2025-01-01,3993638.045277,2943738.91673921
5855,2025-01-01,4003530.33440675,2936988.24098239
5856,2025-01-01,3997531.23656161,2956185.99093497
5857,2025-01-01,4026046.53366412,2961404.88918438
5858,2024-12-25,4011313.07536282,2959236.08312798
5859,2025-01-01,4005142.64719173,2956359.97623357
5860,2025-01-01,4013726.69493429,2959909.49957881
5861,2025-01-01,4015179.55701213,2958718.30649209
5862,2025-01-01,4000119.42703888,2957721.68204534
5863,2025-01-01,4018179.48663993,2991251.37258931
5864,2025-01-01,3998743.32881029,2958139.52881071
5865,2025-01-01,4002905.12753513,2953204.67886167
5866,2025-01-01,4004129.35362912,2953490.69983129
5867,2024-12-29,3998278.49164083,2941883.98925215
5868,2025-01-01,4001687.7775212,2955088.98195263
5869,2025-01-01,4014802.79924311,2958279.82858087
5870,2025-01-01,4002993.43899494,2948069.70819391
5871,2025-01-01,3987708.95968107,2973587.93741408
5872,2024-12-27,4010009.46502785,2951463.39028568
5873,2024-12-27,4002938.53631662,2956810.62887101
5874,2025-01-01,4015372.27324903,2947887.85660028
5875,2025-01-01,4012157.2690522,2955627.01597943
5876,2025-01-01,4005179.97578672,2954853.35514469
5877,2025-01-01,4009427.90706397,2955659.62668005
5878,2025-01-01,3988823.22219565,2992176.29419609
5879,2025-01-01,4005510.31994695,2956730.77421167
5880,2025-01-01,4014197.09323933,2958000.00633014
5881,2025-01-01,4002179.09634558,2957141.58390395
5882,2025-01-01,4001858.9331122,2955591.73129552
5883,2025-01-01,4000568.21245356,2970204.86315722
5884,2025-01-01,4005532.61934781,2954406.2442039
5885,2025-01-01,4001268.43277037,2951685.63564015
5886,2025-01-01,4014798.33725735,2960095.54375755
5887,2025-01-01,4010815.701274,2955925.52524789
5888,2025-01-01,4016668.58367902,2959091.86043459
5889,2025-01-01,3986325.97965154,2966375.80264318
5890,2025-01-01,4006076.6640737,2952951.56525791
5891,2025-01-01,3996688.57096132,2938649.4842694
5892,2025-01-01,4000044.19366509,2945810.90578436
5893,2025-01-01,4011591.79885063,2952680.08361304
5894,2025-01-01,4009554.68246029,2957083.68500441
5895,2025-01-01,4010470.97093805,2953938.21222601
5896,2025-01-01,4014093.41535885,2956244.63945074
5897,2025-01-01,4005887.35882764,2958451.76788087
5898,2025-01-01,4004151.62224253,2978831.60666157
5899,2025-01-01,4002774.66339509,2935383.47214115
5900,2025-01-01,4003944.84979303,2970940.62294416
5901,2025-01-01,3993491.76572687,2955154.82465188
5902,2025-01-01,4029981.17400729,2985201.83976069
5903,2025-01-01,4000372.59804522,2951587.29687295
5904,2025-01-01,4022421.7103001,2978685.35672782
5905,2025-01-01,3983427.13053832,2962099.71692097
5906,2025-01-01,3978528.41992427,2963824.3346982
5907,2025-01-01,3997992.97195417,2981512.28328508
5908,2025-01-01,4008079.52882467,2976729.69253976
5909,2025-01-01,4000987.10162224,2946156.02189794
5910,2025-01-01,4011355.02917285,2956148.27691753
5911,2025-01-01,4024867.3688044,2969161.76225477
5912,2025-01-01,3992086.52226174,2957627.01560231
5913,2025-01-01,3996486.77057872,2961587.09397255
5914,2025-01-01,3997993.03449684,2955143.67527955
5915,2025-01-01,4010964.74751012,2950867.73940185
5916,2025-01-01,3999239.23288518,2972917.58948175
5917,2025-01-01,4007005.87051849,2960076.28042309
5918,2025-01-01,3981180.37387493,2969891.27882231
5919,2025-01-01,4012116.45890027,2955815.54193646
5920,2025-01-01,4002352.14521154,2953219.21514944
5921,2025-01-01,4012539.99263287,2959690.52498443
5922,2025-01-01,3996682.21509653,2953319.38699829
5923,2025-01-01,3991952.82283989,2955808.98492982
5924,2025-01-01,4014578.39295871,2964939.42212715
5925,2025-01-01,3986423.31210031,2968190.87197821
5926,2025-01-01,4008572.20448353,2969676.26975458
5927,2025-01-01,4026778.56593973,2989562.69955297
5928,2025-01-01,3989134.85210736,2934439.25195553
5929,2025-01-01,4009018.33074746,2955315.52030753
5930,2025-01-01,3996660.06591682,2944835.77865457
5931,2025-01-01,4005264.38835703,2956936.08563965
5932,2025-01-01,4003995.5328958,2943239.41874113
5933,2025-01-01,3992427.76558819,2956514.91865481
5934,2025-01-01,3997011.72700565,2954644.33661553
5935,2025-01-01,3996741.86060424,2973013.01969998
5936,2024-12-29,4025938.44560088,2962824.57030051
5937,2025-01-01,4011100.78482554,2950872.71726679
5938,2025-01-01,4003754.45023284,2951721.13692042
5939,2025-01-01,4001812.54164363,2954011.92466063
5940,2025-01-01,3983240.85060128,2958972.09154142
5941,2025-01-01,3994031.09645034,2955739.50547401
5942,2025-01-01,4012509.61600475,2956998.3782434
5943,2025-01-01,4009687.01796297,2976326.6127868
5944,2025-01-01,4002423.64073003,2942139.35385565
5945,2025-01-01,4002587.59004026,2941621.85676814
5946,2025-01-01,3983742.17278577,2959108.23138949
5947,2025-01-01,3980835.05527125,2971835.01584893
5948,2025-01-01,4007189.37650368,2943122.19360354
5949,2025-01-01,4030127.34319877,2960430.49499337
5950,2025-01-01,3998036.85062242,2954256.58095441
5951,2025-01-01,4002991.93505518,2967595.00558867
5952,2025-01-01,4006409.01270443,2955990.27696678
5953,2025-01-01,3997187.09227082,2957616.95254372
5954,2025-01-01,4014047.22232342,2954101.97151875
5955,2025-01-01,4004195.02204093,2955018.99330214
5956,2025-01-01,4012026.82206155,2972916.42274856
5957,2025-01-01,4002016.08100179,2971447.04085812
5958,2025-01-01,3978881.13053792,2963119.5408722
5959,2025-01-01,4009779.39086154,2957980.85837993
5960,2025-01-01,4008110.69932069,2955791.99611082
5961,2025-01-01,3986458.8590682,2955029.49666132
5962,2025-01-01,3999851.0893239,2932205.58361681
5963,2025-01-01,4002018.67481237,2933171.16227886
5964,2025-01-01,4017333.22956019,2982418.90485426
5965,2025-01-01,3986437.35624286,2961098.58254728
5966,2025-01-01,4002846.66537672,2969404.65742774
5967,2025-01-01,3999310.17927989,2951243.40183785
5968,2025-01-01,4012113.61197549,2960381.00440433
5969,2025-01-01,4007203.52349522,2954448.52357267
5970,2025-01-01,4004792.09340607,2953453.26754563
5971,2025-01-01,4010010.24658978,2978520.88883648
5972,2024-12-29,3989803.09452948,2976994.96502048
5973,2025-01-01,4010367.66286392,2966211.54224694
5974,2025-01-01,4000255.30003142,2957253.33445608
5975,2025-01-01,4001337.29220034,2956178.39435206
5976,2025-01-01,4021152.53764598,2986430.54597498
5977,2025-01-01,4005218.39269436,2957644.98631082
5978,2025-01-01,4003585.71651884,2956308.55033745
5979,2025-01-01,3990065.55534098,2972776.21549555
5980,2025-01-01,3989883.7763245,2941567.84929024
5981,2025-01-01,4014462.54910722,2959783.31629685
5982,2025-01-01,4007292.81517661,2953441.8300024
5983,2025-01-01,4005763.08555653,2956770.68447641
5984,2025-01-01,4008221.40573988,2953198.04193275
5985,2025-01-01,3998539.78522953,2957309.30868672
5986,2025-01-01,4000856.34359688,2940419.45614919
5987,2025-01-01,4017207.86152576,2933129.88878063
5988,2024-12-30,4013852.44443363,2956361.63353687
5989,2025-01-01,4011894.23347187,2954327.87715845
5990,2025-01-01,4007124.99665324,2943034.50817658
5991,2025-01-01,3986710.27004251,2968173.26465238
5992,2025-01-01,4007141.18577862,2954388.18111169
5993,2025-01-01,4005522.55956067,2937349.83011048
5994,2025-01-01,3999586.17350296,2957698.33061971
5995,2025-01-01,4004661.63477293,2950750.85256015
5996,2024-12-27,4003762.6501642,2958943.58892659
5997,2025-01-01,3996199.09269278,2955352.33636736
5998,2025-01-01,4008125.34388766,2956076.12202603
5999,2025-01-01,4006097.80881924,2955188.7629022
6000,2025-01-01,4008379.57546472,2951431.47257886
6001,2025-01-01,4003129.41689838,2951420.0822671
6002,2025-01-01,3990054.28123127,2952541.00639382
6003,2025-01-01,3998105.76972346,2969013.07056701
6004,2025-01-01,3992834.02883693,2931523.66835138
6005,2025-01-01,3982203.13161401,2963977.39893711
6006,2025-01-01,3997303.24894903,2944254.87215375
6007,2025-01-01,4008524.10348687,2956110.19228521
6008,2025-01-01,4003949.18238848,2955716.02350995
6009,2025-01-01,3997927.50271316,2943319.72304629
6010,2025-01-01,4010285.91547783,2959180.08022035
6011,2025-01-01,4008943.09219771,2954541.03664304
6012,2025-01-01,3983394.43365553,2946943.08477248
6013,2025-01-01,3986002.13954574,2956413.61514321
6014,2025-01-01,3999628.89703784,2957728.69909657
6015,2025-01-01,4003341.73981222,2954813.65877219
6016,2025-01-01,4000800.21396297,2954035.24919178
6017,2025-01-01,3997693.94848709,2958397.76842953
6018,2025-01-01,4011445.72613099,2977515.95610611
6019,2025-01-01,4011010.79934156,2951356.36031859
6020,2025-01-01,4005174.19735763,2959428.7860725
6021,2025-01-01,3989043.48667156,2961468.32182361
6022,2025-01-01,4004800.5285291,2951578.96800276
6023,2025-01-01,4014403.40241632,2958421.16528379
6024,2025-01-01,4000416.55946013,2945358.360826
6025,2025-01-01,3996682.15483772,2953621.25980629
6026,2025-01-01,4029825.6851597,2961104.33086674
6027,2025-01-01,3998824.02521529,2953189.93250653
6028,2025-01-01,3990911.57942497,2975474.64652531
6029,2025-01-01,4022729.7395597,2961060.84108151
6030,2025-01-01,3997270.58188444,2959317.37322845
6031,2025-01-01,4017425.42648879,2991875.99641226
6032,2025-01-01,4001909.02290663,2954513.48898671
6033,2025-01-01,3999891.37884536,2940391.03028698
6034,2025-01-01,4000305.6521241,2954122.36843329
6035,2025-01-01,3991402.09824601,2953055.02107363
6036,2025-01-01,4005112.60007665,2978715.71741043
6037,2025-01-01,4012523.0132332,2958405.7846284
6038,2024-12-29,4000449.6136469,2970186.30554064
6039,2025-01-01,3994623.00773552,2968557.61372403
6040,2025-01-01,3993827.53712118,2950797.64714554
6041,2025-01-01,4011601.4956466,2959199.34463166
6042,2025-01-01,4000946.0919585,2958522.7158552
6043,2025-01-01,3998705.83103928,2939027.07115977
6044,2025-01-01,4011737.29939303,2955320.16104486
6045,2025-01-01,4017001.9412878,2933093.33737471
6046,2025-01-01,3992445.5997499,2957404.17878632
6047,2025-01-01,3996416.40635204,2956013.63826705
6048,2025-01-01,3993674.10304552,2972762.34498984
6049,2025-01-01,3977966.43908608,2963786.36320901
6050,2025-01-01,3984020.693433,2971901.97255411
6051,2025-01-01,3988026.65231634,2975161.11665522
6052,2025-01-01,4013760.00761743,2955541.90314941
6053,2025-01-01,4007890.08184591,2943302.06229767
6054,2025-01-01,4017761.4826033,2957359.3462977
6055,2025-01-01,3983283.54694675,2974972.07485017
6056,2025-01-01,3998619.86626882,2959068.11018871
6057,2025-01-01,3993451.20780188,2953993.20104547
6058,2025-01-01,4007747.5040238,2959757.4603621
6059,2025-01-01,4003193.05024005,2954163.77073632
6060,2025-01-01,3999475.1696697,2951381.63556036
6061,2025-01-01,4000235.05947013,2936489.5222332
6062,2025-01-01,4016954.58987985,2965533.83369719
6063,2025-01-01,3995876.86155797,2973973.85324711
6064,2025-01-01,3996688.78494043,2970264.81001151
6065,2025-01-01,4003295.44370955,2953924.04762571
6066,2025-01-01,4001070.13906934,2957425.09910157
6067,2025-01-01,3997948.02631016,2945512.43243609
6068,2025-01-01,3989589.60071156,2974986.55107228
6069,2025-01-01,4003770.52587894,2969063.27759662
6070,2025-01-01,3992407.04475926,2959734.85626802
6071,2025-01-01,4017804.1758338,2994052.19330131
6072,2025-01-01,3987635.95719382,2952729.33821527
6073,2025-01-01,4008387.16600747,2954171.76934833
6074,2025-01-01,4023066.76588602,2962287.46861135
6075,2025-01-01,3988364.15178916,2974038.56014877
6076,2025-01-01,3984240.10477007,2988417.87575205
6077,2025-01-01,4005917.58043926,2955703.90122898
6078,2025-01-01,4012692.08854424,2955657.43053204
6079,2025-01-01,3970630.08514767,2990260.18104455
6080,2025-01-01,3997348.33582458,2952507.36873161
6081,2025-01-01,4004209.48676426,2953712.97029972
6082,2025-01-01,4005588.32581341,2954624.9930862
6083,2025-01-01,4004401.9998717,2955565.20827044
6084,2025-01-01,3984050.90744431,2959886.39965405
6085,2025-01-01,3998912.10820008,2958782.66519086
6086,2025-01-01,3989446.99762165,2944022.70358504
6087,2025-01-01,4013045.5754144,2955238.14628505
6088,2025-01-01,4004685.17224636,2956189.24438499
6089,2025-01-01,3985468.67382021,2998201.11788457
6090,2025-01-01,4006561.28587493,2956793.34785247
6091,2025-01-01,4011010.0131274,2957724.02618678
6092,2025-01-01,4030207.76196741,2959315.77311555
6093,2025-01-01,4024165.12603195,2959349.18586634
6094,2025-01-01,4008785.31241964,2974934.08976701
6095,2025-01-01,4012725.21053433,2958611.25160264
6096,2025-01-01,4007949.67428499,2955920.93185796
6097,2025-01-01,4010994.18335871,2966388.22123389
6098,2025-01-01,4007222.13064494,2956575.28097682
6099,2025-01-01,4015177.52383978,2959019.38942762
6100,2025-01-01,4001623.47517004,2968221.50559625
6101,2025-01-01,4001212.25348161,2944412.17922105
6102,2025-01-01,4025358.49653034,2953422.8823552
6103,2025-01-01,3992708.98201374,2983606.87057796
6104,2025-01-01,3988237.97140668,2927005.0466828
6105,2025-01-01,4001292.70161498,2959765.66293778
6106,2025-01-01,3977459.9052419,2970335.708333
6107,2025-01-01,4000133.87091325,2959941.47795783
6108,2025-01-01,4001130.3591526,2956322.85991906
6109,2025-01-01,4010529.63718644,2978506.70199723
6110,2025-01-01,4004231.54291824,2955782.15374564
6111,2025-01-01,4001866.4802176,2954117.83182701
6112,2025-01-01,3995519.30953229,2944637.88662742
6113,2025-01-01,3993427.46288804,2957303.74496172
6114,2025-01-01,4004740.04577741,2958296.27940383
6115,2025-01-01,4021388.26606236,2966494.04982547
6116,2024-12-30,3984461.86621854,2958615.85558018
6117,2025-01-01,4010330.13977189,2952786.15933935
6118,2025-01-01,4015019.7955007,2976137.7824186
6119,2025-01-01,4002912.69315799,2956632.16853053
6120,2025-01-01,4002424.32660368,2971288.12052395
6121,2025-01-01,4003690.59409814,2951370.44869674
6122,2025-01-01,4011745.25342806,2958981.33983006
6123,2025-01-01,4010470.91325591,2950563.89219633
6124,2025-01-01,4008057.09437059,2958110.48056035
6125,2025-01-01,4025331.13340066,2968872.82544083
6126,2025-01-01,4005063.77221453,2952435.70759055
6127,2025-01-01,3997513.70506106,2969179.64418992
6128,2025-01-01,3982774.2311969,2959040.97587264
6129,2025-01-01,3999877.8149001,2935254.03372729
6130,2025-01-01,3986409.7633355,2967542.54336802
6131,2025-01-01,3996944.49176035,2971049.46574126
6132,2025-01-01,4003313.16985691,2967780.62877346
6133,2025-01-01,3995233.26722511,2944074.9818296
6134,2025-01-01,3995891.44407116,2956090.70362064
6135,2025-01-01,3998089.4187501,2957652.94625051
6136,2025-01-01,3987929.87592482,2972577.3725407
6137,2025-01-01,4005843.15509209,2958338.08790454
6138,2025-01-01,4002341.77352793,2950475.45138478
6139,2025-01-01,3991686.75796269,2960485.05916623
6140,2025-01-01,4003790.90931517,2951594.65703009
6141,2025-01-01,4003167.36053229,2948128.75056742
6142,2025-01-01,4004513.50042773,2955416.74247583
6143,2025-01-01,4006294.24347846,2957017.7010837
6144,2025-01-01,3993882.04371659,2962606.90921789
6145,2025-01-01,4011194.94608156,2973236.98805611
6146,2025-01-01,3984204.62234594,2961634.7671259
6147,2025-01-01,4009985.21150791,2958512.78654646
6148,2025-01-01,4000360.42390073,2952593.70872478
6149,2025-01-01,3998039.70120931,2958383.56053382
6150,2025-01-01,3999021.85198732,2958014.08320929
6151,2025-01-01,3994047.10827605,2950209.25671655
6152,2025-01-01,4014778.67705098,2959465.06576005
6153,2025-01-01,4004893.70437284,2969985.14168523
6154,2025-01-01,4004573.37568718,2956879.95504259
6155,2025-01-01,3984266.28696627,2959597.10250221
6156,2025-01-01,3991005.17816796,2960575.92604931
6157,2025-01-01,4006224.69579735,2969066.26092576
6158,2025-01-01,4007111.04433003,2942929.89459031
6159,2025-01-01,4005149.24739234,2959181.3893135
6160,2024-12-29,4006857.56082261,2942419.58939744
6161,2025-01-01,3995094.5443415,2956343.98392702
6162,2025-01-01,4003007.85873963,2953953.75298063
6163,2025-01-01,4001799.62465088,2969369.70318481
6164,2025-01-01,4000831.69126233,2968454.24488824
6165,2025-01-01,4010377.24353651,2965574.78418212
6166,2025-01-01,4008019.46341742,2953880.7515673
6167,2025-01-01,4019578.72838717,2964378.97152183
6168,2025-01-01,4016131.95571543,2966639.77621389
6169,2025-01-01,4007890.07768461,2972102.62493223
6170,2025-01-01,4009254.0859098,2955821.46368261
6171,2025-01-01,3996833.46704868,2943872.88784446
6172,2025-01-01,3995983.08246613,2944658.4682724
6173,2025-01-01,4009809.20706721,2956364.33701569
6174,2024-12-30,4011530.16612016,2929392.78650302
6175,2025-01-01,3999186.33633633,2936594.42427201
6176,2025-01-01,4014283.5998144,2959718.95705535
6177,2025-01-01,4007070.35744905,2951602.0861393
6178,2025-01-01,3984212.64758995,2971319.72146027
6179,2025-01-01,4006270.72267103,2968447.2499501
6180,2025-01-01,3999005.19064861,2955047.02105996
6181,2025-01-01,3990746.5598658,2953152.46874718
6182,2025-01-01,4012799.34960454,2956942.84773443
6183,2025-01-01,4003511.78816361,2958634.62527638
6184,2025-01-01,3997832.95632616,2944154.13048013
6185,2025-01-01,4007193.0917698,2957339.73472736
6186,2025-01-01,4009341.97127483,2954313.77936943
6187,2025-01-01,4013120.7038474,2953731.92209486
6188,2025-01-01,3995195.33577468,2958502.88743615
6189,2025-01-01,3995392.04405525,2941894.23194818
6190,2025-01-01,3987354.68113892,2969278.91235514
6191,2025-01-01,4012556.90710248,2975890.72757324
6192,2025-01-01,4004228.23115403,2957789.3878934
6193,2025-01-01,4008238.57632899,2955818.17882746
6194,2025-01-01,3984702.46154685,2960743.46881047
6195,2025-01-01,4001928.40495508,2969358.39984157
6196,2025-01-01,4004444.568815,2970526.02990253
6197,2025-01-01,3991012.82328292,2974697.99542006
6198,2025-01-01,3998098.44570126,2967457.36144488
6199,2025-01-01,3992342.79395125,2984631.62144677
6200,2025-01-01,3991503.84474918,2967808.49190795
6201,2025-01-01,4006838.17321328,2963483.22550218
6202,2025-01-01,3986343.73297918,2960916.15974769
6203,2025-01-01,3998543.50489181,2958856.50092613
6204,2025-01-01,4009119.035613,2954839.79528243
6205,2025-01-01,4004369.34121681,2951523.24712404
6206,2025-01-01,4008578.68529793,2955542.38042638
6207,2025-01-01,3982086.55517454,2962943.05409484
6208,2025-01-01,3998869.5102756,2969872.87431815
6209,2025-01-01,4020356.58108235,2971996.64556667
6210,2025-01-01,4009868.41393067,2956966.03218451
6211,2025-01-01,4003332.39129224,2953412.32864272
6212,2025-01-01,3990353.69742942,2976168.02750581
6213,2025-01-01,3997371.01234116,2927328.92465256
6214,2025-01-01,4008289.18472786,2955687.1863365
6215,2025-01-01,4012597.02158698,2955761.6493535
6216,2025-01-01,4009182.76494565,2956111.07502407
6217,2025-01-01,4002581.93405924,2955603.45093471
6218,2025-01-01,3985603.28874515,2959042.3815518
6219,2025-01-01,4022875.9195494,2961668.09495304
6220,2025-01-01,4005858.22257336,2956043.70871921
6221,2025-01-01,4005585.44910114,2956172.23626718
6222,2025-01-01,3998025.78819309,2960614.43672453
6223,2025-01-01,3983029.48928374,2960158.48143232
6224,2025-01-01,3997669.63485604,2959561.13818897
6225,2025-01-01,4011217.16229157,2957142.72288221
6226,2025-01-01,4008602.37227725,2952226.64945427
6227,2025-01-01,4008849.26403099,2970236.02991604
6228,2025-01-01,4002619.31137277,2950048.33598546
6229,2025-01-01,4005690.09964776,2957843.60242571
6230,2025-01-01,3993896.02474808,2958562.59672943
6231,2025-01-01,4004750.5358263,2955682.64769776
6232,2025-01-01,4000392.39757331,2954700.59961006
6233,2025-01-01,4005129.2612715,2952147.18132572
6234,2025-01-01,4012569.36315076,2959409.03146604
6235,2025-01-01,4001387.02069935,2954983.62687268
6236,2025-01-01,3997825.27361872,2959401.91587602
6237,2025-01-01,4002759.10801723,2955713.49148572
6238,2025-01-01,3994423.76004872,2961301.29123649
6239,2025-01-01,4008308.02710108,2952809.01930742
6240,2025-01-01,4007147.39837234,2962959.57834028
6241,2025-01-01,3988191.14343992,2967053.35617945
6242,2025-01-01,4001579.52219642,2956931.97488795
6243,2025-01-01,3990512.60743086,2969393.19096305
6244,2025-01-01,3996614.27978257,2955559.44398142
6245,2025-01-01,4017159.73239792,2991698.807545
6246,2025-01-01,4021370.64246228,2971754.07461839
6247,2025-01-01,4023756.04842353,2973721.55205237
6248,2025-01-01,4001300.4077562,2956624.7203587
6249,2025-01-01,4012920.54502997,2958761.82144431
6250,2025-01-01,4001716.91254849,2971037.79338472
6251,2025-01-01,3996697.15153264,2954500.77354597
6252,2025-01-01,4004529.68566564,2957212.33656933
6253,2025-01-01,3987557.14682217,2957497.51905446
6254,2025-01-01,3991000.77102073,2959859.62349872
6255,2025-01-01,4004786.7750336,2951516.42655091
6256,2025-01-01,3992655.30695651,2971083.04214092
6257,2025-01-01,3999427.73981914,2956217.67595616
6258,2025-01-01,4004141.81828401,2975211.26578016
6259,2025-01-01,4005375.66419889,2957029.1687124
6260,2025-01-01,4014260.96439705,2945543.57098972
6261,2025-01-01,4000632.42559867,2967949.63657117
6262,2025-01-01,4004474.17456335,2968942.12239468
6263,2025-01-01,4007678.3079809,2971690.79163914
6264,2025-01-01,4011380.68803455,2959835.16073251
6265,2025-01-01,4006955.55759211,2955992.24390058
6266,2025-01-01,4003349.21666679,2955921.02928048
6267,2025-01-01,3992416.7275399,2958394.75155098
6268,2025-01-01,3979532.41555743,2963705.1832616
6269,2025-01-01,4000301.05147772,2952841.99235297
6270,2025-01-01,4013224.35924129,2956496.60812236
6271,2025-01-01,4004672.93441297,2957740.46407818
6272,2025-01-01,4005745.73715414,2954884.52025751
6273,2025-01-01,4013203.01457734,2959312.6105135
6274,2025-01-01,3999480.85774525,2960144.84734045
6275,2025-01-01,4000288.22458321,2969982.96211891
6276,2025-01-01,3982072.9680724,2969480.79132712
6277,2025-01-01,4012846.80529797,2960147.06113985
6278,2025-01-01,3984476.93120522,2935145.55722406
6279,2025-01-01,3977802.86624864,2964360.69377546
6280,2025-01-01,3996576.64557236,2939524.41868227
6281,2025-01-01,4013727.88972611,2960492.44886732
6282,2025-01-01,3996998.82783708,2971907.28064688
6283,2025-01-01,4005418.52445685,2956081.57401074
6284,2025-01-01,3994972.31956959,2941441.71953138
6285,2025-01-01,4014044.58009788,2960422.63752915
6286,2025-01-01,4006551.31257594,2957144.23284778
6287,2025-01-01,3986750.06070912,2966508.89877043
6288,2025-01-01,4014424.19732492,2959530.9653929
6289,2025-01-01,3998544.2637521,2935419.876205
6290,2025-01-01,3981718.10536934,2992668.60156563
6291,2025-01-01,3983578.99901293,2959747.29477696
6292,2025-01-01,4009323.22439568,2954742.67398253
6293,2025-01-01,3990885.69618394,2959569.84320116
6294,2025-01-01,4009203.37844934,2965901.82856196
6295,2025-01-01,3990039.66304074,2956976.41943817
6296,2025-01-01,4004789.60105437,2969553.59863278
6297,2025-01-01,4010097.5542046,2953784.10070693
6298,2025-01-01,4009694.35898312,2939640.51028896
6299,2025-01-01,3998451.0120435,2969304.78069435
6300,2025-01-01,3993071.83772944,2967520.60195707
6301,2025-01-01,3997531.0368837,2938583.60822639
6302,2025-01-01,4014606.07342297,2959901.2315757
6303,2025-01-01,4007961.3486004,2955448.51253391
6304,2025-01-01,4001851.25366413,2956872.91027688
6305,2025-01-01,3999931.15147122,2958623.12034613
6306,2025-01-01,4010465.62425902,2974197.29039741
6307,2025-01-01,3995513.6416285,2942384.54319938
6308,2025-01-01,3998243.1566281,2943398.14295812
6309,2025-01-01,3999434.1646897,2940306.40457557
6310,2025-01-01,4007300.80068837,2953646.9318445
6311,2025-01-01,4005918.80726068,2975372.48748633
6312,2025-01-01,4012447.07843394,2959668.63018877
6313,2025-01-01,3999935.6563248,2990444.29348149
6314,2025-01-01,4004764.53470064,2956658.58112841
6315,2025-01-01,4002234.67855664,2955257.20725782
6316,2025-01-01,4010724.62741421,2957726.34627762
6317,2025-01-01,4000818.4083882,2953872.64623483
6318,2025-01-01,3998336.0584852,2959849.29286727
6319,2025-01-01,4039837.25340355,2953489.51686699
6320,2025-01-01,4012133.03723723,2959262.97576284
6321,2025-01-01,4003123.27561539,2969470.83791388
6322,2025-01-01,4000200.45082826,2943473.00364635
6323,2025-01-01,4003541.0631609,2955276.26796282
6324,2025-01-01,4011839.03918457,2960706.16628544
6325,2025-01-01,3997316.81332246,2955704.91508183
6326,2025-01-01,3988504.39618391,2972973.52321458
6327,2025-01-01,3980905.66738479,2969018.18677158
6328,2025-01-01,4004830.08627899,2957148.65509629
6329,2025-01-01,4008534.05485709,2955207.61669503
6330,2025-01-01,3984687.81168451,2961496.60126468
6331,2025-01-01,4006765.13636743,2939163.46063606
6332,2025-01-01,4007153.21907958,2955417.8637682
6333,2025-01-01,3996448.77470968,2960920.79675089
6334,2025-01-01,3999103.56096019,2956879.1654664
6335,2025-01-01,3982567.85692228,2968626.4537195
6336,2025-01-01,4009857.09278859,2966520.97901563
6337,2025-01-01,3991901.18365793,2957131.52131176
6338,2025-01-01,4001824.78201865,2964151.70745912
6339,2025-01-01,4007426.05949011,2956609.23390524
6340,2025-01-01,3998305.19188433,2958629.402207
6341,2025-01-01,4010053.3437827,2955372.88348516
6342,2025-01-01,4004002.18241465,2971386.29132266
6343,2025-01-01,4011770.31219203,2958455.6402193
6344,2025-01-01,4004027.71266063,2955744.6707515
6345,2025-01-01,4002184.2195816,2940397.88906406
6346,2025-01-01,3987195.58544556,2958692.7307913
6347,2025-01-01,4009959.20946039,2968800.2158233
6348,2025-01-01,4006642.18642743,2959083.98591844
6349,2025-01-01,3998356.02385699,2940574.81967037
6350,2025-01-01,4001645.40245235,2978846.50322767
6351,2025-01-01,3983965.6192387,2969033.42699997
6352,2025-01-01,4005999.00447652,2969570.2735523
6353,2025-01-01,4012519.89044688,2951781.6346128
6354,2025-01-01,4005595.96425041,2970267.93720144
6355,2025-01-01,4011400.89821695,2972597.67187945
6356,2025-01-01,3993273.13269308,2956360.87574173
6357,2025-01-01,3997611.58102049,2972969.42288696
6358,2025-01-01,3999745.26934484,2955968.24581477
6359,2025-01-01,3973277.3268884,2964361.82437
6360,2025-01-01,4003008.46313697,2968447.60209194
6361,2025-01-01,3995969.11300945,2955632.99416258
6362,2025-01-01,3984715.34135146,2962343.17823726
6363,2025-01-01,4004900.56158311,2952684.46355305
6364,2025-01-01,4003738.65702982,2957776.9827341
6365,2025-01-01,4025730.59633735,2981520.444079
6366,2025-01-01,3989394.0830364,2960275.62387046
6367,2025-01-01,4011085.05029753,2959411.41504923
6368,2025-01-01,3999022.54000432,2953104.83809282
6369,2025-01-01,3989115.66757978,2991769.66043122
6370,2025-01-01,3988293.08852522,2959162.54184631
6371,2025-01-01,4013797.37402663,2955999.33085682
6372,2025-01-01,3987194.30515571,2950413.07429449
6373,2025-01-01,4004263.04043652,2969768.30794808
6374,2025-01-01,3997493.84924381,2940522.73548317
6375,2025-01-01,4002880.05534818,2932714.23243871
6376,2025-01-01,4001954.92815792,2954109.07510518
6377,2025-01-01,4004456.05054197,2954584.72284832
6378,2025-01-01,3991483.27120464,2958882.54110762
6379,2025-01-01,4008410.902722,2969373.53355534
6380,2025-01-01,3999291.18587843,2954512.68808568
6381,2025-01-01,3986805.84111446,2969452.75343477
6382,2025-01-01,4013840.99609766,2958443.67462264
6383,2025-01-01,4001516.97436877,2940782.96564378
6384,2025-01-01,3987196.21864968,2967421.14154433
6385,2025-01-01,3991887.35521946,2958635.2162644
6386,2025-01-01,3984329.50649842,2986102.41262424
6387,2025-01-01,4007538.59742629,2954257.77600326
6388,2025-01-01,4019318.63047155,2993764.52332956
6389,2025-01-01,4005396.77865101,2944181.91001536
6390,2025-01-01,4004238.14526102,2954187.51053759
6391,2025-01-01,4001951.61159012,2941428.27357327
6392,2025-01-01,3981192.16088156,2961465.7436937
6393,2025-01-01,3994616.51714548,2959097.13627755
6394,2025-01-01,4001575.92031586,2970200.37292356
6395,2025-01-01,4002855.94542766,2971633.56767661
6396,2025-01-01,4004107.64188753,2953199.15246381
6397,2025-01-01,3992990.58038371,2969510.99417907
6398,2025-01-01,4008783.89164455,2972080.0782657
6399,2025-01-01,3992999.2488605,2967796.06122957
6400,2025-01-01,4000720.85241861,2935759.99155426
6401,2025-01-01,4019295.09406282,2943941.41369609
6402,2025-01-01,4017310.6195316,2959012.32947623
6403,2025-01-01,3998289.6166361,2984956.2031894
6404,2025-01-01,3989803.03256535,2958999.3936812
6405,2025-01-01,3983720.06569078,2969678.00198254
6406,2025-01-01,4008583.69980678,2954647.72812103
6407,2025-01-01,3991645.44596643,2971483.41021729
6408,2025-01-01,3988156.9931495,2974152.60417252
6409,2025-01-01,4011573.73100271,2931871.95104273
6410,2025-01-01,3999245.2282301,2955728.83503574
6411,2025-01-01,4014421.2856666,2954864.83776279
6412,2025-01-01,4010637.41258571,2957105.50793977
6413,2025-01-01,3989532.6055111,2977869.28520881
6414,2025-01-01,4004425.98256477,2956510.59543017
6415,2025-01-01,4005760.37079052,2954726.35075524
6416,2025-01-01,3982822.33013402,2946806.67290257
6417,2025-01-01,4017192.02258085,2958979.51577618
6418,2025-01-01,4021900.09181543,2947644.0753191
6419,2025-01-01,3998097.51858393,2954218.23419093
6420,2025-01-01,4001420.29667655,2970308.94734026
6421,2025-01-01,4001761.15370125,2955313.83465676
6422,2025-01-01,3999936.13613674,2958672.98493597
6423,2025-01-01,4004474.52971708,2943919.21738053
6424,2025-01-01,3978836.52541259,2963176.31608882
6425,2025-01-01,4002694.69469126,2952511.91828611
6426,2025-01-01,4004994.95197825,2956667.98222994
6427,2025-01-01,3982213.81353316,2962046.19199756
6428,2025-01-01,3997910.41680832,2957560.23322418
6429,2025-01-01,3991200.90937904,2941132.92160291
6430,2025-01-01,4002453.63930213,2971121.65973555
6431,2025-01-01,4001459.48719206,2969784.73921667
6432,2025-01-01,4004903.23748398,2957540.2365
6433,2025-01-01,3999125.86206069,2953234.12601489
6434,2025-01-01,3999042.90054538,2956059.69957928
6435,2025-01-01,4000072.1032317,2970590.3934207
6436,2025-01-01,3983623.81780266,2957208.43091216
6437,2025-01-01,4017342.26244277,2992760.78140296
6438,2025-01-01,3992607.97435908,2953637.09344268
6439,2025-01-01,4004748.8461419,2954802.17269684
6440,2025-01-01,4020280.82397394,2989820.22358917
6441,2025-01-01,4008345.32116122,2957263.16990013
6442,2025-01-01,4009752.87828822,2957195.39800165
6443,2025-01-01,4005717.37507158,2953979.2584719
6444,2025-01-01,3999239.8747373,2943853.25796378
6445,2025-01-01,3987330.68971638,2972224.21374387
6446,2025-01-01,3990841.27643571,2973196.31115446
6447,2025-01-01,4008894.5076535,2976873.95481477
6448,2025-01-01,3997678.26913137,2940083.97700529
6449,2025-01-01,4001574.43382348,2957378.43779209
6450,2025-01-01,4004667.97102764,2953932.35342252
6451,2025-01-01,3998939.77595113,2956042.73063096
6452,2025-01-01,3994105.8134287,2962345.57557554
6453,2025-01-01,4000003.43236649,2955077.97031812
6454,2025-01-01,3989030.83651596,2979819.06132395
6455,2025-01-01,4004339.7039588,2955636.87845604
6456,2025-01-01,4006587.43775673,2956827.8110291
6457,2025-01-01,4005027.13355382,2953252.38761572
6458,2025-01-01,3969860.22140748,2995035.15051486
6459,2025-01-01,3968874.50963197,2993758.63686122
6460,2025-01-01,4003025.69342304,2956780.62980841
6461,2025-01-01,4008926.70888758,2955312.2577799
6462,2025-01-01,3993816.69424566,2959804.06084468
6463,2025-01-01,4010437.07371886,2952745.87164382
6464,2025-01-01,3987012.58183071,2972665.58018055
6465,2025-01-01,4003779.39033205,2953434.94672157
6466,2025-01-01,4012437.67438681,2961072.11004233
6467,2025-01-01,3990733.10583073,2975751.28105754
6468,2025-01-01,3989094.18766503,2943593.20832932
6469,2025-01-01,4006967.1175453,2956341.07253042
6470,2025-01-01,3987723.03803104,2968165.14785237
6471,2025-01-01,4009988.78389659,2956497.32094237
6472,2025-01-01,4005506.95160495,2951351.39671452
6473,2025-01-01,3987194.47949391,2995636.74901018
6474,2025-01-01,3995563.70607482,2968955.65176039
6475,2025-01-01,3995340.52984253,2970968.27547362
6476,2025-01-01,4012685.03493065,2959857.58868624
6477,2025-01-01,4003778.18638557,2959082.82765677
6478,2025-01-01,4013583.60385308,2953395.5253547
6479,2025-01-01,4006957.12427956,2954341.57817606
6480,2025-01-01,4006907.03687576,2957924.6695217
6481,2025-01-01,4011006.64292966,2956559.81835217
6482,2025-01-01,3985115.87601328,2997745.2997293
6483,2025-01-01,3995600.59308902,2954893.05045665
6484,2025-01-01,4012447.35484854,2970120.28723588
6485,2025-01-01,4004928.67152809,2958600.1813164
6486,2025-01-01,4005752.46508778,2956947.90410131
6487,2025-01-01,4015495.26633788,2972163.2774498
6488,2025-01-01,4019554.8770018,2976336.31111211
6489,2025-01-01,4024346.03032228,2963900.85928347
6490,2025-01-01,3983601.16583248,2959419.98106528
6491,2025-01-01,4004171.56419504,2953085.17155011
6492,2025-01-01,4002379.29642914,2958302.44410038
6493,2025-01-01,3992267.6530561,2967552.53039588
6494,2025-01-01,3997840.78421634,2942520.2864979
6495,2025-01-01,3992533.77858441,2968946.32757352
6496,2025-01-01,4019664.82408106,2964766.06896725
6497,2025-01-01,3998188.12840876,2944959.97398151
6498,2025-01-01,4004051.99386529,2955370.86177709
6499,2025-01-01,3998062.63385988,2935108.3752626
6500,2025-01-01,4008503.88820068,2967786.60483834
6501,2025-01-01,3997484.09257441,2952275.72783582
6502,2025-01-01,3989327.75717053,2977323.8375451
6503,2025-01-01,4003777.99904137,2954940.21292122
6504,2025-01-01,4000250.10940585,2957437.34576126
6505,2025-01-01,4000928.50740569,2954439.08403222
6506,2025-01-01,3998832.41264736,2951487.24319483
6507,2025-01-01,3987872.10852048,2992730.14598242
6508,2025-01-01,4004307.81019599,2954226.36280644
6509,2025-01-01,3987219.53149917,2967708.74816382
6510,2025-01-01,4009550.3389337,2955352.14253905
6511,2025-01-01,4002493.78968863,2952594.19020691
6512,2025-01-01,4025931.79880831,2983298.58198409
6513,2025-01-01,3999295.89001504,2955189.41059994
6514,2025-01-01,4011112.25088636,2952364.73426651
6515,2025-01-01,4016422.83816155,2993578.87237853
6516,2025-01-01,4027730.76986472,2994336.61212627
6517,2025-01-01,4008866.64127784,2954052.42920288
6518,2025-01-01,4003245.02805485,2953431.10184431
6519,2025-01-01,3997601.83739265,2953574.99144345
6520,2025-01-01,3991294.06036184,2941207.07823093
6521,2025-01-01,4011569.71002591,2958901.20297706
6522,2025-01-01,4005592.80106874,2964346.15208
6523,2025-01-01,4010831.0427788,2958819.82215629
6524,2025-01-01,4011939.65478252,2960676.85524315
6525,2025-01-01,4002221.72861906,2970868.46546985
6526,2025-01-01,3985063.05166524,2970066.22606493
6527,2025-01-01,4003005.07732855,2941887.4926517
6528,2025-01-01,4002190.6359553,2931402.53494478
6529,2025-01-01,4000986.94311708,2937841.93659138
6530,2025-01-01,4002609.88409632,2957140.118566
6531,2025-01-01,4005066.01488164,2952475.32656479
6532,2025-01-01,4005948.1874443,2955975.91772722
6533,2025-01-01,4020582.93264834,2953843.96245223
6534,2025-01-01,3996952.50548018,2954218.35176598
6535,2025-01-01,4005185.75095615,2956774.77949984
6536,2025-01-01,3990375.62710082,2960443.96026948
6537,2025-01-01,4001783.07181224,2969678.67983384
6538,2025-01-01,4002494.71242296,2958431.04421532
6539,2025-01-01,3998187.49722306,2943523.65265605
6540,2025-01-01,3997797.62081475,2956380.8123928
6541,2025-01-01,4008408.71252205,2977161.54869983
6542,2025-01-01,4016210.92677167,2960279.16437064
6543,2025-01-01,4011820.40003872,2957871.80518593
6544,2025-01-01,3983362.81391963,2971733.12688644
6545,2025-01-01,4005153.38776108,2956484.53615945
6546,2025-01-01,4007361.78982318,2944044.93923408
6547,2025-01-01,3999468.69751118,2960760.37520308
6548,2025-01-01,3999667.2000567,2955898.96442666
6549,2025-01-01,4000448.17354031,2957841.88573238
6550,2025-01-01,4008227.91948986,2971954.08335266
6551,2025-01-01,3980740.46870213,2961837.81103167
6552,2025-01-01,3996248.40629846,2944608.27698926
6553,2025-01-01,3998822.01166607,2952093.46808473
6554,2025-01-01,4005730.61776294,2978602.22702074
6555,2025-01-01,4009392.6524742,2956205.69825536
6556,2025-01-01,4006452.83169514,2942752.54142094
6557,2025-01-01,4008219.47625884,2939616.64357295
6558,2025-01-01,3999654.99270782,2959466.02650589
6559,2025-01-01,3980677.59561402,2962568.05300882
6560,2025-01-01,4004585.63567636,2955101.7712671
6561,2025-01-01,4005047.0358195,2958345.4182595
6562,2025-01-01,4002651.36492628,2938104.36147082
6563,2025-01-01,4013016.7842679,2936660.96722376
6564,2025-01-01,4004420.5975573,2953423.11359363
6565,2025-01-01,4008627.94749931,2957656.57679118
6566,2025-01-01,3992346.82546146,2966564.30908819
6567,2025-01-01,4010520.79144974,2957571.51500977
6568,2025-01-01,3994018.49882315,2943587.79127611
6569,2025-01-01,3990618.06358851,2951673.73479246
6570,2025-01-01,3997895.18993111,2940867.57791842
6571,2025-01-01,4013221.42265766,2989256.21970138
6572,2025-01-01,4004512.9911734,2970699.62272492
6573,2025-01-01,4010112.429928,2950673.151225
6574,2025-01-01,3969146.98522821,2999669.7649235
6575,2025-01-01,3994998.68326274,2970027.90313303
6576,2025-01-01,3994149.59406299,2928771.72727868
6577,2025-01-01,4005894.1018706,2958614.60420248
6578,2025-01-01,4002641.68678554,2953984.68488113
6579,2025-01-01,4008210.35369964,2950826.97134322
6580,2025-01-01,4013981.06538635,2945463.95277964
6581,2025-01-01,4011580.81137868,2973255.69637055
6582,2025-01-01,3999277.21896684,2958178.51192438
6583,2025-01-01,4011343.24490785,2959155.65727271
6584,2025-01-01,4018731.68728647,2964859.31190778
6585,2025-01-01,3985348.12649546,2939924.1392609
6586,2025-01-01,4001953.79379227,2956578.62406589
6587,2025-01-01,4002848.95471652,2943804.25541438
6588,2025-01-01,4003190.75742225,2931962.1749549
6589,2025-01-01,4034770.13220815,2980212.9017311
6590,2025-01-01,4009517.2418328,2955353.9905278
6591,2025-01-01,4005040.25156866,2956641.500383
6592,2025-01-01,4013045.97987535,2959723.97426473
6593,2025-01-01,4006009.80877785,2958952.59513559
6594,2025-01-01,4013021.90991663,2959978.62563823
6595,2025-01-01,3999499.90261677,2953180.92308134
6596,2025-01-01,4003227.58072675,2955469.91781202
6597,2025-01-01,3988039.99966358,2960505.75202935
6598,2025-01-01,4010131.31472143,2952802.08694124
6599,2025-01-01,4011924.34377732,2969455.37092455
6600,2025-01-01,4000240.17996249,2959391.94022787
6601,2025-01-01,4005928.55426265,2952834.14770535
6602,2025-01-01,4007397.77549185,2962578.44149308
6603,2025-01-01,4004947.61946501,2958418.85838198
6604,2025-01-01,3989408.28441276,2974131.46585329
6605,2025-01-01,4003510.11402101,2937285.80613353
6606,2025-01-01,3993853.01301461,2954136.21140937
6607,2025-01-01,3996897.78526717,2971512.00556281
6608,2025-01-01,4035997.65506012,2975802.56500807
6609,2025-01-01,4014231.16979197,2959900.04427962
6610,2025-01-01,3983463.37649548,2961757.76050319
6611,2025-01-01,4010559.05008741,2959767.33514291
6612,2025-01-01,4014029.37425405,2960259.72873393
6613,2025-01-01,4003105.79683206,2955193.56624253
6614,2025-01-01,4005372.42077308,2954850.98816162
6615,2025-01-01,4014596.21477736,2961050.36766751
6616,2025-01-01,4013299.60598466,2959930.19100653
6617,2025-01-01,4002225.3290018,2968476.0503582
6618,2025-01-01,4011012.66911336,2958356.12654766
6619,2025-01-01,4012204.65188815,2955969.28982393
6620,2025-01-01,4003165.25594887,2970374.54046468
6621,2025-01-01,4000168.77727036,2961160.79908284
6622,2025-01-01,3999335.74433486,2957965.57440311
6623,2025-01-01,4008549.9922563,2970453.8737692
6624,2025-01-01,4011643.62348009,2945335.99136057
6625,2025-01-01,3997946.65538621,2944484.48387724
6626,2025-01-01,3999724.27072529,2956357.91291354
6627,2025-01-01,4024348.70477458,2962312.9118808
6628,2025-01-01,3999181.81386433,2945547.72611751
6629,2025-01-01,4002852.12176966,2956542.46592919
6630,2025-01-01,4026496.74727737,2963651.9284441
6631,2025-01-01,4001274.6932013,2992217.31108142
6632,2025-01-01,4002916.62845729,2993094.09548506
6633,2025-01-01,4016915.99466258,2991480.48058496
6634,2025-01-01,4010658.65580021,2971598.25505874
6635,2025-01-01,4005810.33885301,2952933.72060969
6636,2025-01-01,3987199.42999665,2959179.25065516
6637,2025-01-01,3993815.65273746,2955673.06403361
6638,2025-01-01,4009013.68685362,2976210.30835292
6639,2025-01-01,3993876.66193084,2960099.98976693
6640,2025-01-01,3994116.26440216,2951967.15089524
6641,2025-01-01,3997167.62359948,2954421.5134566
6642,2025-01-01,3990475.74363653,2958638.09681326
6643,2025-01-01,4004591.93729128,2957456.50552691
6644,2025-01-01,4002435.47700273,2967623.31538194
6645,2025-01-01,4007275.4312216,2954559.65556844
6646,2025-01-01,3990655.15876013,2957181.03406735
6647,2025-01-01,3998609.96863776,2954420.20454947
6648,2025-01-01,4015642.67237639,2990680.15828148
6649,2025-01-01,4016218.60668988,2986986.29610703
6650,2025-01-01,4011329.28253505,2981473.6332744
6651,2025-01-01,4011524.9500645,2959307.69393351
6652,2025-01-01,3994224.82671131,2954518.65398661
6653,2025-01-01,4013151.47015952,2950239.01860979
6654,2025-01-01,3998617.53805916,2941778.51734454
6655,2025-01-01,3989148.29106099,2961197.8381951
6656,2025-01-01,4003750.77936767,2953663.55014052
6657,2025-01-01,3982589.88866066,2960190.5663562
6658,2025-01-01,3993296.59557512,2955450.8617107
6659,2025-01-01,4009649.03112219,2974395.09967229
6660,2025-01-01,4010085.57238545,2955606.67382551
6661,2025-01-01,4013941.48000854,2958943.41153544
6662,2025-01-01,4020666.27695315,2990045.17776486
6663,2025-01-01,4000728.41751151,2970721.1440155
6664,2025-01-01,3999624.5138002,2946431.136459
6665,2025-01-01,3985320.47170167,2960334.2839427
6666,2025-01-01,3992574.75725752,2975853.52587541
6667,2025-01-01,3977967.13151959,2962721.24437123
6668,2025-01-01,4006239.17115986,2943832.37616994
6669,2025-01-01,4007723.99383335,2944243.33715933
6670,2025-01-01,4011573.58629141,2974696.0907863
6671,2025-01-01,4017722.16511058,2958820.56093463
6672,2025-01-01,4017371.69336496,2957627.25979545
6673,2025-01-01,4025227.2709582,2964038.46708471
6674,2025-01-01,3996772.05228404,2940494.5017061
6675,2025-01-01,4007951.63160986,2956384.97548823
6676,2025-01-01,3997719.61391665,2954751.39907133
6677,2025-01-01,4008795.48402876,2956992.79061401
6678,2025-01-01,3982973.64636491,2969457.78785923
6679,2025-01-01,3982985.7724005,2962735.04926432
6680,2025-01-01,3980255.63870008,2962599.55259092
6681,2025-01-01,4002196.17230325,2954465.54442611
6682,2025-01-01,4009287.97980516,2940997.93028976
6683,2025-01-01,3998526.83779867,2969811.12887045
6684,2025-01-01,4016503.76531346,2964654.79351408
6685,2025-01-01,4000215.0501567,2967670.08211252
6686,2025-01-01,4003875.64390153,2970055.55048686
6687,2025-01-01,4015891.32654715,2933548.2323106
6688,2025-01-01,4008142.64909038,2956620.68213259
6689,2025-01-01,4005390.45129179,2958694.25717524
6690,2025-01-01,3999644.93716251,2936903.54872811
6691,2025-01-01,4006334.64090764,2969844.60579902
6692,2025-01-01,3971311.23871416,3000570.53605317
6693,2025-01-01,4000928.98973887,2957727.31823316
6694,2025-01-01,4011633.65601033,2955385.34361252
6695,2025-01-01,4021852.1697955,2963261.70667561
6696,2025-01-01,3997493.06658038,2954493.51204702
6697,2025-01-01,3999945.90761009,2943441.03256889
6698,2025-01-01,4008552.6521662,2957119.59171739
6699,2025-01-01,4010462.37398433,2953870.58755522
6700,2025-01-01,4005642.39151911,2975131.48953584
6701,2025-01-01,4030826.66929918,2960557.18379263
6702,2025-01-01,4009606.2855157,2952849.76887844
6703,2025-01-01,4010292.46916643,2951483.49659134
6704,2025-01-01,3997875.16769334,2961067.71108756
6705,2025-01-01,4004447.55945692,2970145.74392895
6706,2025-01-01,3999919.69010404,2953962.12460649
6707,2025-01-01,4019409.72529153,2952342.38490396
6708,2025-01-01,4007490.87261824,2956204.12201862
6709,2025-01-01,3997133.7029213,2957068.6505548
6710,2025-01-01,4006753.34481971,2963275.40697795
6711,2025-01-01,4001985.89822162,2970432.9510195
6712,2025-01-01,3998503.72877304,2968919.93322051
6713,2025-01-01,4009825.67587155,2957796.92534862
6714,2025-01-01,4011022.47788194,2955317.00717015
6715,2025-01-01,4008702.97453631,2954838.4840421
6716,2025-01-01,4004433.0194277,2951807.79876247
6717,2025-01-01,3998900.47170932,2958497.9494176
6718,2025-01-01,4001673.02875949,2968234.51182198
6719,2025-01-01,4003177.1243999,2953092.1199077
6720,2025-01-01,3987242.59797816,2971838.65502583
6721,2025-01-01,4000207.33964098,2969583.99621354
6722,2025-01-01,3985305.93666207,2997355.08911415
6723,2025-01-01,3999647.46936877,2969730.98124059
6724,2025-01-01,4000381.90252723,2958408.55454422
6725,2025-01-01,3988571.07058132,2941385.90691307
6726,2025-01-01,4005282.62445644,2957241.82478035
6727,2025-01-01,4010797.50680538,2970345.62220766
6728,2025-01-01,3990488.94531982,2960537.99501045
6729,2025-01-01,3997659.82608701,2944407.93619348
6730,2025-01-01,4003112.68931139,2959474.38693186
6731,2025-01-01,3992023.0102161,2954810.23157937
6732,2025-01-01,4009009.92577294,2954263.54219668
6733,2025-01-01,3981639.13098998,2962509.65381018
6734,2025-01-01,4015067.21181196,2965123.88181393
6735,2025-01-01,3991996.46285619,2970743.20178444
6736,2025-01-01,3998495.90743428,2957197.15546149
6737,2025-01-01,3989580.82200374,2958227.67599047
6738,2025-01-01,3987178.00836964,2958892.64734897
6739,2025-01-01,3997675.19410472,2954750.80367878
6740,2025-01-01,4010489.96497357,2960521.68235653
6741,2025-01-01,3998289.28707019,2958695.95531785
6742,2025-01-01,4009743.5564924,2951964.78813887
6743,2025-01-01,4009603.35775057,2969020.62388098
6744,2025-01-01,4003911.64901868,2956926.91259197
6745,2025-01-01,4008066.66329382,2955220.50461655
6746,2025-01-01,4005178.60649905,2955975.14039074
6747,2025-01-01,3985633.33141497,2967570.70538453
6748,2025-01-01,4016371.96697148,2958786.48104296
6749,2025-01-01,4009908.95645414,2956719.86551513
6750,2025-01-01,3999158.58559773,2960139.66270129
6751,2025-01-01,4007671.15818884,2978444.56690394
6752,2025-01-01,3997405.60820407,2956183.344447
6753,2025-01-01,3998684.53256237,2952697.11864951
6754,2025-01-01,3997790.93316664,2938514.55348191
6755,2025-01-01,4002780.45080416,2956509.52062357
6756,2025-01-01,3988763.69778434,2959847.63187998
6757,2025-01-01,4011119.96827344,2972818.16052266
6758,2025-01-01,4021748.47684847,2953372.81507297
6759,2025-01-01,4014004.09374185,2959401.60127196
6760,2025-01-01,4007856.12581524,2955879.91791865
6761,2025-01-01,4000938.27812867,2952277.42108231
6762,2025-01-01,4017939.92734644,2992342.08901543
6763,2025-01-01,4011254.33822225,2969691.03189092
6764,2025-01-01,4000567.4037584,2956210.07560175
6765,2025-01-01,4013924.81253543,2958521.12050247
6766,2025-01-01,4005078.15226695,2952577.93010717
6767,2025-01-01,4004300.10875883,2958743.33030425
6768,2025-01-01,4000951.46010704,2938350.26878435
6769,2025-01-01,4018940.75572168,2992981.48923833
6770,2025-01-01,4010568.85491547,2959664.33939921
6771,2025-01-01,3993079.50025173,2954571.48683011
6772,2025-01-01,4024214.34621489,2964028.40814972
6773,2025-01-01,4002099.26588498,2953982.02121604
6774,2025-01-01,4005681.35162428,2976489.75414626
6775,2025-01-01,4012193.89269278,2952504.85912037
6776,2025-01-01,4002535.7197236,2955696.33907571
6777,2025-01-01,4000115.54763889,2940857.6382343
6778,2025-01-01,3979190.62444711,2962968.47852415
6779,2025-01-01,3978056.49923897,2961844.74254751
6780,2025-01-01,3977489.04115985,2962086.96593232
6781,2025-01-01,4012493.74566832,2953192.17544771
6782,2025-01-01,3988741.5906381,2971802.20103269
6783,2025-01-01,4006599.96960497,2956725.72588029
6784,2025-01-01,4004244.09162922,2953809.41096254
6785,2025-01-01,4000403.36499609,2958411.10090614
6786,2025-01-01,4008685.68426192,2958006.9524972
6787,2025-01-01,3982716.99975255,2959905.60581442
6788,2025-01-01,4003154.76725173,2968735.07934007
6789,2025-01-01,3988213.8989055,2960430.20147674
6790,2025-01-01,4014333.61141904,2955120.38962259
6791,2025-01-01,4025282.95639314,2958668.90320793
6792,2025-01-01,4008407.23887166,2972538.8239724
6793,2025-01-01,4006672.94832686,2967395.86816852
6794,2025-01-01,3984252.98387608,2990807.09896123
6795,2025-01-01,3995447.13399165,2955410.86612823
6796,2025-01-01,3996005.88215874,2955646.1296592
6797,2025-01-01,4010413.22657068,2956998.30280761
6798,2025-01-01,3984613.44271046,2962199.92297898
6799,2025-01-01,3990099.91084396,2974207.7808092
6800,2025-01-01,4008265.11206506,2954257.08165357
6801,2025-01-01,3984317.19515097,2989804.83629081
6802,2025-01-01,4003965.27215895,2958463.37569289
6803,2025-01-01,4014793.35564221,2963304.84987022
6804,2025-01-01,3999582.40845847,2951870.01630212
6805,2025-01-01,4008327.71671893,2950427.15290018
6806,2025-01-01,3977552.0242809,2965147.28313378
6807,2025-01-01,4010782.90164724,2956659.49783083
6808,2025-01-01,4011639.19906158,2955639.84994687
6809,2025-01-01,4002043.82444454,2954946.44923229
6810,2025-01-01,4013289.61815005,2959147.79861535
6811,2025-01-01,4010369.68181004,2959231.13135751
6812,2025-01-01,4002545.1390445,2954193.21814847
6813,2025-01-01,4009027.71788401,2954436.13313605
6814,2025-01-01,3994750.68223481,2972651.5773562
6815,2025-01-01,3997689.41634385,2939849.58608019
6816,2025-01-01,3989621.82441565,2959685.6189148
6817,2025-01-01,4011276.46636973,2956024.87606065
6818,2025-01-01,4009344.09766614,2953206.19917997
6819,2025-01-01,4008314.04692363,2963636.13289324
6820,2025-01-01,4025273.34361414,2963723.03069375
6821,2025-01-01,4011685.75965744,2953044.91451556
6822,2025-01-01,3985508.7999683,2961244.16573068
6823,2025-01-01,3989417.46704651,2952837.59793168
6824,2025-01-01,3997136.91611851,2954494.93734642
6825,2025-01-01,4003962.32338891,2957965.99881815
6826,2025-01-01,3997755.31728348,2955431.82910268
6827,2025-01-01,3997843.66628071,2940149.63246344
6828,2025-01-01,4011378.31927729,2968314.41486617
6829,2025-01-01,4011670.29548897,2955952.04709131
6830,2025-01-01,4017977.47753145,2951817.01458203
6831,2025-01-01,4016910.44463404,2951614.15841845
6832,2025-01-01,4001608.9148796,2968401.75277246
6833,2025-01-01,3987382.93963365,2970074.62310718
6834,2025-01-01,4010987.05344368,2957493.89710727
6835,2025-01-01,3995407.878504,2954625.44517234
6836,2025-01-01,3991443.00744842,2970242.78183854
6837,2025-01-01,3997648.67398102,2927559.95883943
6838,2025-01-01,4005054.21523743,2958162.0698661
6839,2025-01-01,3996644.45573527,2968314.68821903
6840,2025-01-01,4004154.33068277,2953153.80852297
6841,2025-01-01,4002559.18977952,2957062.84302773
6842,2025-01-01,4014087.58425371,2961543.49727093
6843,2025-01-01,4010656.18923109,2955755.99191806
6844,2025-01-01,3990809.20834415,2953426.15845247
6845,2025-01-01,3976825.42112644,2963073.94538429
6846,2025-01-01,3988212.10367188,2942370.99295683
6847,2025-01-01,3986511.82804356,2961511.48381147
6848,2025-01-01,3997676.85252792,2962778.75130188
6849,2025-01-01,4000690.26662366,2960739.98259772
6850,2025-01-01,4004750.895895,2970878.57605741
6851,2025-01-01,4011442.57332726,2959027.91603331
6852,2025-01-01,4024886.4271586,2963991.00152397
6853,2025-01-01,4009608.74073217,2955762.64503795
6854,2025-01-01,4002401.35748463,2953187.46185107
6855,2025-01-01,4004674.17321911,2976652.68615264
6856,2025-01-01,4005952.08981115,2951863.18684711
6857,2025-01-01,4010280.8046359,2967884.47151133
6858,2025-01-01,4009902.88895142,2957210.6674144
6859,2025-01-01,4009136.50497763,2952308.86929615
6860,2025-01-01,4015080.52079464,2960007.55211048
6861,2025-01-01,4003659.18723392,2968553.22521659
6862,2025-01-01,4002304.2402874,2955433.60679722
6863,2025-01-01,4005249.13204659,2957631.4913702
6864,2025-01-01,4003908.14368531,2957751.82406627
6865,2025-01-01,4006086.82747577,2978000.21454061
6866,2025-01-01,4002218.20720496,2967750.12604244
6867,2025-01-01,4005464.6240899,2958527.2245238
6868,2025-01-01,4006084.47011466,2967078.66813211
6869,2025-01-01,3990681.88500516,2943259.17404563
6870,2025-01-01,3996186.47538287,2943111.6026644
6871,2025-01-01,3998122.67667603,2933695.17239182
6872,2025-01-01,3996727.79668645,2955729.93460399
6873,2025-01-01,4022680.52333266,2995775.10597976
6874,2025-01-01,4013715.91916112,2957398.24561606
6875,2025-01-01,3999521.56232662,2959757.807852
6876,2025-01-01,4002078.22709704,2949763.94275076
6877,2025-01-01,4007581.83315647,2969434.40741514
6878,2025-01-01,4007023.34995456,2968701.03498875
6879,2025-01-01,4001912.22567054,2957835.46527282
6880,2025-01-01,3995653.45877716,2956677.50635399
6881,2025-01-01,3999534.07694991,2957326.47596535
6882,2025-01-01,3999525.61619036,2936042.29788824
6883,2025-01-01,3982994.81463797,2948848.47053614
6884,2025-01-01,4001176.66697608,2968791.36434654
6885,2025-01-01,4005149.07641554,2958054.118879
6886,2025-01-01,3997276.11360967,2955602.86043635
6887,2025-01-01,4008227.98395934,2969539.39743981
6888,2025-01-01,4001811.38644169,2970304.94953488
6889,2025-01-01,3999339.87354453,2954741.46523236
6890,2025-01-01,4002481.70631332,2952675.38438237
6891,2025-01-01,4011715.65122466,2961336.56689383
6892,2025-01-01,3996633.21037093,2953916.13199457
6893,2025-01-01,3996826.98516265,2987461.39507191
6894,2025-01-01,4001008.94617565,2967973.52309928
6895,2025-01-01,4000284.33021499,2958227.30829793
6896,2025-01-01,4002769.17893853,2941822.71324797
6897,2025-01-01,4001814.24945468,2931466.66361473
6898,2025-01-01,4022809.77942038,2961542.91351629
6899,2025-01-01,4001920.49636162,2971156.93068706
6900,2025-01-01,3984081.67356628,2974860.04009083
6901,2025-01-01,3997459.85800059,2955219.22414412
6902,2025-01-01,4026264.47835189,2964014.70178658
6903,2025-01-01,4005715.0408775,2979300.83933488
6904,2025-01-01,4001801.88798442,2970109.85429178
6905,2025-01-01,4008703.96894202,2939450.20397673
6906,2025-01-01,3999712.16314278,2945901.77573847
6907,2025-01-01,4004351.94629757,2970486.3783119
6908,2025-01-01,3992991.46049928,2957727.18622039
6909,2025-01-01,3991730.00309505,2956221.5938738
6910,2025-01-01,4008212.49635441,2955564.93442117
6911,2025-01-01,4004641.12204415,2954969.87399506
6912,2025-01-01,4003678.424835,2958649.65328628
6913,2025-01-01,4006091.23144796,2951301.52879274
6914,2025-01-01,3998826.78127083,2953699.35837356
6915,2025-01-01,4015747.66193129,2959093.3115616
6916,2025-01-01,3988201.63613379,2991338.11808691
6917,2025-01-01,4009703.95723024,2957700.31116706
6918,2025-01-01,4008341.02141951,2958143.48932989
6919,2025-01-01,4013358.742971,2978338.24277438
6920,2025-01-01,4000647.8532387,2958803.87145478
6921,2025-01-01,4000463.3248257,2954451.40284186
6922,2025-01-01,3997699.70031616,2953707.45726056
6923,2025-01-01,3998679.53932472,2954910.81218736
6924,2025-01-01,3996995.80426709,2954898.32937018
6925,2025-01-01,3999638.4874031,2957284.38441849
6926,2025-01-01,3999633.75451911,2958631.45484282
6927,2025-01-01,4007185.25896954,2963577.2369813
6928,2025-01-01,4003425.32254894,2951942.10166989
6929,2025-01-01,3985623.67678814,2942863.72663755
6930,2025-01-01,4001061.49826087,2916600.5066849
6931,2025-01-01,4015039.10321096,2954330.2693645
6932,2025-01-01,4007012.85753559,2955333.74416434
6933,2025-01-01,3996481.38604591,2937983.33706902
6934,2025-01-01,3999190.41957692,2955298.75098629
6935,2025-01-01,4004716.65162474,2957614.53289643
6936,2025-01-01,4005237.20553411,2957039.85593733
6937,2025-01-01,3983120.21943073,2959740.16502189
6938,2025-01-01,4003211.13810831,2934166.48082224
6939,2025-01-01,4006156.33323333,2958066.82913978
6940,2025-01-01,4002708.66055935,2951406.71341022
6941,2025-01-01,4005182.12467565,2951945.01288953
6942,2025-01-01,3995726.55080231,2960940.87512065
6943,2025-01-01,4010866.84205412,2972301.9987849
6944,2025-01-01,4020061.46705639,2971725.67593823
6945,2025-01-01,3995202.7107084,2954767.4621918
6946,2025-01-01,4007516.02924451,2974335.19314468
6947,2025-01-01,3999130.07878848,2954099.11401851
6948,2025-01-01,4019888.59296745,2963409.62501385
6949,2025-01-01,3974941.81899795,2970188.8034485
6950,2025-01-01,4000084.29758388,2968652.33340412
6951,2025-01-01,4001573.8573991,2968978.26922932
6952,2025-01-01,4002560.53725024,2954973.6017971
6953,2025-01-01,3998269.07308739,2939483.31341133
6954,2025-01-01,3993377.0601681,2968033.36327555
6955,2025-01-01,3983810.51197459,2972494.70014544
6956,2025-01-01,3993408.76476071,2973990.44938366
6957,2025-01-01,3984195.19952066,2959089.27082359
6958,2025-01-01,4013329.51086241,2990593.01061112
6959,2025-01-01,3999095.11956801,2959269.27957727
6960,2025-01-01,4004683.88662434,2956767.37090662
6961,2025-01-01,4008313.54470128,2955712.18026379
6962,2025-01-01,3995829.84226367,2954290.23003921
6963,2025-01-01,4015470.83215885,2929980.36320262
6964,2025-01-01,3984277.93664116,2961005.24404162
6965,2025-01-01,4009564.0541048,2970175.24799616
6966,2025-01-01,3999188.11714101,2953515.221416
6967,2025-01-01,4002967.75456036,2953178.90990305
6968,2025-01-01,3999197.93104938,2952225.69039706
6969,2025-01-01,4009479.92220649,2945628.29333594
6970,2025-01-01,4005299.7723431,2975548.84011109
6971,2025-01-01,3999438.03741508,2961769.26365534
6972,2025-01-01,4015981.34121815,2971733.15247371
6973,2025-01-01,3997984.08934148,2961029.67274834
6974,2025-01-01,3998269.17129965,2959427.95705179
6975,2025-01-01,4006235.90747247,2970194.87081229
6976,2025-01-01,3998175.67453404,2969487.78620664
6977,2025-01-01,3998779.28430735,2936376.88604273
6978,2025-01-01,4024831.98260048,2963989.3835994
6979,2025-01-01,4001720.00493143,2989912.88680897
6980,2025-01-01,3989721.46153451,2958565.42909272
6981,2025-01-01,3985407.75385009,2957850.57534068
6982,2025-01-01,4004639.35819659,2977481.40252666
6983,2025-01-01,4001312.20477977,2954697.84918668
6984,2025-01-01,3993785.13824563,2955228.91495808
6985,2025-01-01,4007422.31027608,2954449.72115749
6986,2025-01-01,3996448.89662543,2985410.61854262
6987,2025-01-01,3989684.23401618,2956342.02170757
6988,2025-01-01,3996190.74386197,2969584.31487696
6989,2025-01-01,3997515.29785799,2942672.11410238
6990,2025-01-01,4020573.75280342,2976721.77710508
6991,2025-01-01,3999687.57107937,2941981.1259336
6992,2025-01-01,4012376.6150355,2959849.74840219
6993,2025-01-01,4012572.15627485,2953462.2655657
6994,2025-01-01,4014838.57124077,2954531.79388055
6995,2025-01-01,4009397.24221282,2976853.61457156
6996,2025-01-01,4007651.58017078,2957669.08870593
6997,2025-01-01,4009990.25823221,2954341.70613793
6998,2025-01-01,3999734.246852,2969016.38842885
6999,2025-01-01,4007178.3910131,2957165.80831729
7000,2025-01-01,3998980.49111999,2954614.1813199
7001,2025-01-01,4011343.13953497,2952436.59506885
7002,2025-01-01,4000887.72644725,2941983.82174948
7003,2025-01-01,4012335.60892807,2953409.88528742
7004,2025-01-01,4013386.91016578,2954294.74159352
7005,2025-01-01,3986599.8686831,2953154.64846518
7006,2025-01-01,4002534.12854895,2949918.65963806
7007,2025-01-01,3999641.8541447,2952353.31072683
7008,2025-01-01,4000687.67450582,2957979.73209799
7009,2025-01-01,4005618.33210051,2955877.89217831
7010,2025-01-01,4005728.4402863,2957699.03087106
7011,2025-01-01,3983467.37052663,2969991.02205878
7012,2025-01-01,4004381.39108096,2953021.97543142
7013,2025-01-01,3987892.99914695,2972140.30669551
7014,2025-01-01,3993337.56043585,2968308.19714644
7015,2025-01-01,4012419.67005953,2944994.87164357
7016,2025-01-01,3998933.91776068,2941187.66041136
7017,2025-01-01,3996892.46210812,2957970.14749014
7018,2025-01-01,4012203.19224965,2959827.13567903
7019,2025-01-01,3988676.12365391,2974134.70749707
7020,2025-01-01,4002755.26439787,2956486.3140146
7021,2025-01-01,4003893.79226456,2957269.85355376
7022,2025-01-01,3989236.38933597,2969431.36222343
7023,2025-01-01,4006462.30309224,2969162.02744307
7024,2025-01-01,4002973.14690302,2951423.70987181
7025,2025-01-01,4023911.09490263,2962667.42107702
7026,2025-01-01,4005682.33734333,2953824.64843488
7027,2025-01-01,4026453.89117187,2963694.87617715
7028,2025-01-01,3999261.08702073,2945888.58232653
7029,2025-01-01,3998544.73612447,2936715.73281808
7030,2025-01-01,4010487.36962075,2958950.96905682
7031,2025-01-01,4002267.25840154,2958281.75893416
7032,2025-01-01,3999024.77403319,2954416.41236265
7033,2025-01-01,3994208.69028277,2954600.38722255
7034,2025-01-01,4008693.38936977,2971898.72902904
7035,2025-01-01,4004231.14267478,2969432.45398009
7036,2025-01-01,3995991.1208882,2955399.19840803
7037,2025-01-01,4008496.94327339,2957828.06066996
7038,2025-01-01,4015264.75865359,2960033.22895073
7039,2025-01-01,4014776.10947357,2960219.72403273
7040,2025-01-01,4004945.88940478,2959293.51582173
7041,2025-01-01,4009444.01984033,2956785.78337007
7042,2025-01-01,3995318.47069881,2934798.25484268
7043,2025-01-01,3999342.68386497,2937194.37285051
7044,2025-01-01,3984849.84511587,2968278.4573852
7045,2025-01-01,4017079.63372629,2992257.45052764
7046,2025-01-01,4008885.8420663,2972041.93819823
7047,2025-01-01,4005797.23204347,2937467.94210816
7048,2025-01-01,3991810.46887326,2971444.81165487
7049,2025-01-01,4006100.38065186,2957631.16130291
7050,2025-01-01,4012279.02979621,2955834.78027298
7051,2025-01-01,4003563.59957012,2949126.36847929
7052,2025-01-01,4001960.21843168,2956933.12518963
7053,2025-01-01,4007089.6739039,2956678.06796733
7054,2025-01-01,4010615.20380298,2980308.84593673
7055,2025-01-01,3980402.55731343,2963089.8607491
7056,2025-01-01,4015828.31140387,2952310.16433491
7057,2025-01-01,3992965.86574719,2953510.0451063
7058,2025-01-01,4003459.60043755,2954594.79721657
7059,2025-01-01,3996667.92299315,2967492.97498896
7060,2025-01-01,3984651.23145054,2970631.78331014
7061,2025-01-01,3971979.38297434,2986597.15630781
7062,2025-01-01,4005955.66386336,2957616.60520776
7063,2025-01-01,3989060.78226765,2957720.68327475
7064,2025-01-01,4012542.29554828,2956103.3616906
7065,2025-01-01,4011230.58120196,2988451.91528658
7066,2025-01-01,4009934.50998386,2956589.50631035
7067,2025-01-01,4004599.76291291,2976002.19121888
7068,2025-01-01,4002152.84823364,2955182.44085312
7069,2025-01-01,3996959.1156245,2953754.80584075
7070,2025-01-01,4007888.97201985,2954611.84227135
7071,2025-01-01,3998608.13141834,2977923.34843207
7072,2025-01-01,4006707.24340088,2957173.70197923
7073,2025-01-01,3998857.09611421,2953426.95969042
7074,2025-01-01,3984199.2285147,2958848.73551557
7075,2025-01-01,4007760.80882415,2962321.73897798
7076,2025-01-01,3997926.71362578,2953358.67048569
7077,2025-01-01,4002609.80667915,2953159.44057543
7078,2025-01-01,3995983.79540092,2974780.73547288
7079,2025-01-01,3995613.95975375,2986660.79038634
7080,2025-01-01,4005421.57802791,2958453.9928861
7081,2025-01-01,3997392.18818138,2939081.33242921
7082,2025-01-01,3997996.8319614,2939317.61014848
7083,2025-01-01,3997168.63321855,2939758.13963918
7084,2025-01-01,4007557.49366175,2968155.81701293
7085,2025-01-01,3982822.9017951,2959621.32881057
7086,2025-01-01,4023181.15345267,2969060.56721729
7087,2025-01-01,3994973.34538652,2955405.51444015
7088,2025-01-01,3991852.61243199,2970584.44521441
7089,2025-01-01,3983424.61684395,2961092.21803241
7090,2025-01-01,3999234.33616343,2957901.66540691
7091,2025-01-01,3975115.47865605,2963309.25022288
7092,2025-01-01,4003820.20521227,2933691.51231613
7093,2025-01-01,4031158.8154245,2965554.36135263
7094,2025-01-01,3995809.95621321,2943269.21849533
7095,2025-01-01,4010194.68034661,2969815.65415019
7096,2025-01-01,3995994.77365083,2953758.95177897
7097,2025-01-01,4002365.57211561,2942326.4483049
7098,2025-01-01,4003293.9233209,2959172.01850637
7099,2025-01-01,4005065.01311187,2956483.34435329
7100,2025-01-01,4019840.43668435,2971533.37292198
7101,2025-01-01,4003160.11899709,2968914.43718598
7102,2025-01-01,4025046.62085524,2962987.34527442
7103,2025-01-01,3996068.88507133,2954515.84143805
7104,2025-01-01,4006666.31238888,2955137.30817491
7105,2025-01-01,4007609.03040899,2955601.16354722
7106,2025-01-01,3989259.78636336,2957359.81303811
7107,2025-01-01,4010910.91213127,2958631.84653788
7108,2025-01-01,3987954.85743402,2960517.95366874
7109,2025-01-01,4009263.37005582,2959868.46945994
7110,2025-01-01,4002486.05814855,2968744.41513048
7111,2025-01-01,4002867.29149861,2969037.09726075
7112,2025-01-01,3986883.21598863,2960336.22257009
7113,2025-01-01,4008483.01867433,2957161.77049515
7114,2025-01-01,3998164.18639882,2957820.68982032
7115,2025-01-01,3999332.47597876,2958326.55214675
7116,2025-01-01,4008818.22898205,2957193.33422507
7117,2025-01-01,3998325.55232057,2951119.44225536
7118,2025-01-01,3996615.68447117,2932884.74212709
7119,2025-01-01,4000092.88018023,2960824.35748912
7120,2025-01-01,3997567.87156,2942703.10834148
7121,2025-01-01,3979087.45447891,2970020.62021769
7122,2025-01-01,4008739.26085701,2978241.15188652
7123,2025-01-01,4009577.80363512,2958003.52366353
7124,2025-01-01,4006131.75389535,2959415.40248817
7125,2025-01-01,3991527.11944108,2968037.30506295
7126,2025-01-01,4006761.1410831,2957089.19728989
7127,2025-01-01,4020269.91385105,2965171.86636959
7128,2025-01-01,3993787.45165497,2956783.02418459
7129,2025-01-01,4009259.6638986,2953090.46902713
7130,2025-01-01,4009433.48485635,2953220.36642938
7131,2025-01-01,4005763.65990816,2954855.21113083
7132,2025-01-01,3988252.25168082,2973013.48380595
7133,2025-01-01,3992198.35496542,2953431.70662048
7134,2025-01-01,4002071.645611,2957460.39965923
7135,2025-01-01,4004104.66680358,2955123.50957065
7136,2025-01-01,3996171.18880623,2943714.61761979
7137,2025-01-01,4014459.59398384,2959989.05389087
7138,2025-01-01,4007891.68924706,2975328.85505495
7139,2025-01-01,4012460.72755959,2956026.27106668
7140,2025-01-01,3998729.63588763,2973542.23608447
7141,2025-01-01,3997346.81294485,2954757.98926217
7142,2025-01-01,4003121.36740634,2969365.12250953
7143,2025-01-01,4006147.6142651,2954847.25335328
7144,2025-01-01,4003046.27799395,2953625.3146459
7145,2025-01-01,3999110.23703193,2958528.28977347
7146,2025-01-01,4022317.73755397,2959644.68508565
7147,2025-01-01,4015326.26854239,2958843.69430983
7148,2025-01-01,4003166.40595092,2950051.71625287
7149,2025-01-01,4012216.95147813,2956066.88149357
7150,2025-01-01,3998551.88630222,2969095.30653658
7151,2025-01-01,4004922.97135861,2950528.17140521
7152,2025-01-01,4008593.53930353,2954141.90431899
7153,2025-01-01,3978956.6548644,2962455.79952254
7154,2025-01-01,3995817.4417609,2960770.68830362
7155,2025-01-01,3988445.6104686,2972347.15639023
7156,2025-01-01,4020557.67302757,2964472.54134594
7157,2025-01-01,3995616.47636226,2969607.02887911
7158,2025-01-01,4013871.64629131,2972409.82779091
7159,2025-01-01,4006900.96854233,2956938.51767942
7160,2025-01-01,3994164.7372933,2951407.82980565
7161,2025-01-01,4008040.267916,2943769.80740184
7162,2025-01-01,3981359.25354646,2942878.92413924
7163,2025-01-01,4015187.9722629,2958635.149111
7164,2025-01-01,4015731.88103661,2959551.29234899
7165,2025-01-01,4003985.19328357,2970931.23810348
7166,2025-01-01,3995159.26804213,2961245.73489944
7167,2025-01-01,3983294.43551502,2967970.76980398
7168,2025-01-01,4000519.20949318,2970830.29620183
7169,2025-01-01,3993751.37409058,2952414.99575587
7170,2025-01-01,3999697.5287152,2936429.61610398
7171,2025-01-01,3993764.91550667,2966420.48611297
7172,2025-01-01,4013944.41446312,2932517.45559782
7173,2025-01-01,4019096.02152929,2967358.64750878
7174,2025-01-01,4013217.61646545,2953868.31575418
7175,2025-01-01,4004829.91790307,2970238.93465473
7176,2025-01-01,3995022.37965178,2955584.96601012
7177,2025-01-01,4011983.33337384,2964455.74826378
7178,2025-01-01,4010387.84198594,2968797.46327396
7179,2025-01-01,4009239.57651205,2958766.08869864
7180,2025-01-01,4005790.66645196,2975424.5825063
7181,2025-01-01,4012310.23876645,2976617.68059774
7182,2025-01-01,4008573.21039903,2972340.47391917
7183,2025-01-01,4003177.70819533,2957090.28750057
7184,2025-01-01,3994974.6162246,2955181.25743732
7185,2025-01-01,4004348.26147553,2954703.92715077
7186,2025-01-01,4004635.23526546,2956543.37598269
7187,2025-01-01,4013250.8096407,2956571.42083153
7188,2025-01-01,4008274.79235567,2951237.6772769
7189,2025-01-01,3998967.97973759,2959615.06999012
7190,2025-01-01,3996300.87296473,2944529.88707921
7191,2025-01-01,3990692.453072,2953488.11417926
7192,2025-01-01,4004859.43827333,2956049.45301761
7193,2025-01-01,4008395.37898771,2958045.54545919
7194,2025-01-01,4013284.78097953,2975682.30666705
7195,2025-01-01,4010887.66670513,2958352.89678945
7196,2025-01-01,4015497.1964949,2952190.79774999
7197,2025-01-01,4014713.00927558,2961069.94498717
7198,2025-01-01,4001934.49405226,2968658.34920757
7199,2025-01-01,4001934.49405226,2968658.34920757
7200,2025-01-01,4008582.20958062,2958015.74864918
7201,2025-01-01,4004665.5079381,2955053.67409004
7202,2025-01-01,4012266.00087507,2960141.54800524
7203,2025-01-01,3985990.81772645,2943000.43505205
7204,2025-01-01,4001259.59347075,2918927.72348177
7205,2025-01-01,4004807.18025816,2952578.3551941
7206,2025-01-01,4004838.60162491,2957345.95478131
7207,2025-01-01,4010357.49235273,2957590.84061077
7208,2025-01-01,4010773.65382692,2988315.76929447
7209,2025-01-01,4006039.46955014,2990356.59460301
7210,2025-01-01,4022296.97389825,2960083.62943485
7211,2025-01-01,4004503.99477146,2953916.07473188
7212,2025-01-01,4003864.83022435,2955438.6819954
7213,2025-01-01,4003864.83022435,2955438.6819954
7214,2025-01-01,4008212.02948632,2955212.87023967
7215,2025-01-01,4003130.10426818,2956621.63387726
7216,2025-01-01,3992130.79989764,2957223.10498566
7217,2025-01-01,4010497.91837916,2952297.31763312
7218,2025-01-01,3993923.81279545,2968992.89481576
7219,2025-01-01,3984909.66106497,2958659.49822998
7220,2025-01-01,3996226.60134409,2987693.74219945
7221,2025-01-01,4005229.59628548,2958322.23166086
7222,2025-01-01,4000350.69975352,2978681.88036965
7223,2025-01-01,3995826.53553696,2953336.46985085
7224,2025-01-01,3993466.62448233,2962823.57683917
7225,2025-01-01,3992983.89786273,2956899.08620636
7226,2025-01-01,3994791.7033636,2956262.69366388
7227,2025-01-01,4003580.88422438,2991191.98890926
7228,2025-01-01,4011107.46143899,2956697.7995331
7229,2025-01-01,4029442.49334496,2966975.59911624
7230,2025-01-01,3999871.33733707,2953603.54054972
7231,2025-01-01,3998398.50259592,2956803.72805561
7232,2025-01-01,3991206.00159133,2972014.66883636
7233,2025-01-01,3996642.95570083,2955032.63342163
7234,2025-01-01,4024990.3759571,2962670.718639
7235,2025-01-01,4025169.33972309,2986542.01717571
7236,2025-01-01,4009821.37885623,2951560.71612914
7237,2025-01-01,4003545.00272936,2955412.92437692
7238,2025-01-01,4001216.85410275,2994183.09905335
7239,2025-01-01,4002936.19759188,2956529.638565
7240,2025-01-01,4002936.19759188,2956529.638565
7241,2025-01-01,3999752.64561061,2955375.26444267
7242,2025-01-01,3999033.35782634,2944630.73744378
7243,2025-01-01,3999535.21801086,2953430.0186065
7244,2025-01-01,4012426.40448921,2976858.52971201
7245,2025-01-01,3987394.27485431,2967349.17756466
7246,2025-01-01,4011959.79759612,2959722.61568106
7247,2025-01-01,3994850.89433492,2957637.58200687
7248,2025-01-01,4007671.97456702,2954430.40828885
7249,2025-01-01,4004930.66003883,2954163.31818859
7250,2025-01-01,4012279.0663886,2961307.17468921
7251,2025-01-01,4019429.57259416,2965176.57717895
7252,2025-01-01,4001821.14243121,2956979.5239085
7253,2025-01-01,3989750.87337376,2938218.1140946
7254,2025-01-01,4007348.76240097,2954690.0701319
7255,2025-01-01,4014337.49062198,2954264.38927446
7256,2025-01-01,3999750.81176704,2960031.33018057
7257,2025-01-01,4015134.47543523,2959978.02481531
7258,2025-01-01,3999818.75021833,2955375.72661228
7259,2025-01-01,3998712.67910278,2944721.45991084
7260,2025-01-01,4004642.67385292,2957047.38375083
7261,2025-01-01,4009128.14696748,2953760.93409959
7262,2025-01-01,3994835.95186637,2958832.83938805
7263,2025-01-01,4011143.20160997,2956556.6411177
7264,2025-01-01,4011143.20160997,2956556.6411177
7265,2025-01-01,4000479.1161485,2958143.87223478
7266,2025-01-01,3990561.46700157,2953462.90762823
7267,2025-01-01,3978496.90731482,2962803.11027027
7268,2025-01-01,4006893.70014953,2956597.18249492
7269,2025-01-01,3997376.73111368,2955649.75676477
7270,2025-01-01,4026046.53366412,2961404.88918438
7271,2025-01-01,4018179.48663993,2991251.37258931
7272,2025-01-01,4003944.84979303,2970940.62294416
7273,2025-01-01,4003944.84979303,2970940.62294416
7274,2025-01-01,3997992.97195417,2981512.28328508
7275,2025-01-01,3989134.85210736,2934439.25195553
7276,2025-01-01,4003754.45023284,2951721.13692042
7277,2025-01-01,4007189.37650368,2943122.19360354
7278,2025-01-01,3978881.13053792,2963119.5408722
7279,2025-01-01,4004792.09340607,2953453.26754563
7280,2025-01-01,4000255.30003142,2957253.33445608
7281,2025-01-01,4003129.41689838,2951420.0822671
7282,2025-01-01,4003949.18238848,2955716.02350995
7283,2025-01-01,3991402.09824601,2953055.02107363
7284,2025-01-01,4017761.4826033,2957359.3462977
7285,2025-01-01,4015177.52383978,2959019.38942762
7286,2025-01-01,4011745.25342806,2958981.33983006
7287,2025-01-01,3984212.64758995,2971319.72146027
7288,2025-01-01,4009182.76494565,2956111.07502407
7289,2025-01-01,3988191.14343992,2967053.35617945
7290,2025-01-01,3994972.31956959,2941441.71953138
7291,2025-01-01,3999931.15147122,2958623.12034613
7292,2025-01-01,4012133.03723723,2959262.97576284
7293,2025-01-01,4007426.05949011,2956609.23390524
7294,2025-01-01,4009959.20946039,2968800.2158233
7295,2025-01-01,3989115.66757978,2991769.66043122
7296,2025-01-01,3978836.52541259,2963176.31608882
7297,2025-01-01,4006957.12427956,2954341.57817606
